abundance,num_val
-2.975,0.0
-2.9250000000000003,0.0
-2.8750000000000004,0.0
-2.8250000000000006,0.0
-2.775000000000001,0.0
-2.725000000000001,0.0
-2.675000000000001,0.0
-2.6250000000000013,0.0
-2.5750000000000015,0.0
-2.5250000000000017,10470.708
-2.475000000000002,0.0
-2.425000000000002,5235.616
-2.375000000000002,0.0
-2.3250000000000024,26180.967
-2.2750000000000026,26177.28
-2.2250000000000028,47130.234
-2.175000000000003,130938.164
-2.125000000000003,220049.95
-2.0750000000000033,262091.67
-2.0250000000000035,429780.3
-1.9750000000000036,692048.2
-1.9250000000000038,970245.6
-1.875000000000004,1117837.1
-1.8250000000000042,1454067.1
-1.7750000000000044,1828378.1
-1.7250000000000045,2375563.0
-1.6750000000000047,2850676.8
-1.6250000000000049,3651688.8
-1.575000000000005,5029375.0
-1.5250000000000052,7360212.5
-1.4750000000000054,8609462.0
-1.4250000000000056,7804725.0
-1.3750000000000058,5223245.0
-1.325000000000006,3302085.0
-1.2750000000000061,1898450.0
-1.2250000000000063,1110925.0
-1.1750000000000065,841865.0
-1.1250000000000067,507675.0
-1.0750000000000068,308220.0
-1.025000000000007,261960.0
-0.9750000000000072,154100.0
-0.9250000000000074,96580.0
-0.8750000000000075,84420.0
-0.8250000000000077,89620.0
-0.7750000000000079,56865.0
-0.7250000000000081,82765.0
-0.6750000000000083,64175.0
-0.6250000000000084,38180.0
-0.5750000000000086,44210.0
-0.5250000000000088,12340.0
-0.47500000000000897,11825.0
-0.42500000000000915,32325.0
-0.3750000000000093,24235.0
-0.3250000000000095,30380.0
-0.2750000000000097,13950.0
-0.22500000000000986,15895.0
-0.17500000000001004,7875.0
-0.12500000000001021,0.0
-0.07500000000001039,7755.0
-0.02500000000001057,0.0
0.024999999999989253,0.0
0.07499999999998908,0.0
0.1249999999999889,0.0
0.17499999999998872,0.0
0.22499999999998854,0.0
0.27499999999998836,0.0
0.3249999999999882,0.0
0.374999999999988,0.0
0.42499999999998783,24250.0
0.47499999999998765,0.0
0.5249999999999875,0.0
0.5749999999999873,0.0
0.6249999999999871,0.0
0.6749999999999869,0.0
0.7249999999999868,0.0
0.7749999999999866,0.0
0.8249999999999864,0.0
0.8749999999999862,0.0
0.9249999999999861,0.0
