,abundance,fit_val
0,-2.975,7130.416893540567
1,-2.9250000000000003,9645.151269520264
2,-2.8750000000000004,12886.895357530011
3,-2.8250000000000006,17007.195292246422
4,-2.7750000000000012,22169.823383476953
5,-2.725000000000001,28545.450793744545
6,-2.6750000000000007,36304.18706062103
7,-2.6250000000000013,45605.9665800683
8,-2.575000000000001,56588.965014921036
9,-2.5250000000000017,69356.46907811631
10,-2.475000000000002,83962.88203152792
11,-2.425000000000002,100399.7976312485
12,-2.375000000000002,118583.28456752404
13,-2.3250000000000024,138343.65689185853
14,-2.2750000000000026,159419.0310754869
15,-2.2250000000000028,181453.86241906523
16,-2.1750000000000034,204003.40052101473
17,-2.125000000000003,226544.61028298456
18,-2.0750000000000037,248493.59544064145
19,-2.0250000000000035,269228.9784844082
20,-1.975000000000004,288120.0920144958
21,-1.925000000000004,304558.2891248233
22,-1.8750000000000042,317989.25219649734
23,-1.825000000000004,327943.9298047879
24,-1.7750000000000044,334065.7020767009
25,-1.7250000000000043,482124.69999999995
26,-1.6750000000000047,399983.4735390309
27,-1.6250000000000049,331836.92746782827
28,-1.5750000000000048,275300.74044557597
29,-1.5250000000000052,228396.8160753611
30,-1.4750000000000054,189484.07297754716
31,-1.4250000000000056,157201.026393965
32,-1.3750000000000058,130418.15235966742
33,-1.3250000000000057,108198.36775291173
34,-1.275000000000006,89764.24349356728
35,-1.2250000000000063,74470.80374052686
36,-1.1750000000000065,61782.95938245718
37,-1.1250000000000069,51256.786261554495
38,-1.0750000000000068,42523.99309005371
39,-1.0250000000000072,35279.03562067952
40,-0.9750000000000072,29268.42621974475
41,-0.9250000000000074,24281.864804674686
42,-0.8750000000000075,20144.880833898187
43,-0.8250000000000077,16712.728905970675
44,-0.7750000000000079,13865.32438625591
45,-0.7250000000000081,11503.041868130933
46,-0.6750000000000083,9543.229464659058
47,-0.6250000000000084,7917.316972257084
48,-0.5750000000000086,6568.416726363339
49,-0.5250000000000088,5449.3332074931595
50,-0.475000000000009,4520.9117574865995
51,-0.4250000000000092,3750.668630590663
52,-0.3750000000000093,3111.6544474023663
53,-0.3250000000000095,2581.5112860327868
54,-0.2750000000000097,2141.690419859435
55,-0.22500000000000986,1776.8033319608833
56,-0.17500000000001004,1474.083299431532
57,-0.1250000000000102,1222.9387094096169
58,-0.07500000000001039,1014.5824781742106
