,abundance,fit_val
0,-2.975,89.70131223140864
1,-2.9250000000000003,193.15033106035438
2,-2.8750000000000004,403.0847199525643
3,-2.8250000000000006,815.269943892019
4,-2.7750000000000012,1598.1250025390361
5,-2.725000000000001,3036.1573713427933
6,-2.6750000000000007,5590.388997279868
7,-2.6250000000000013,9976.173572494024
8,-2.575000000000001,17254.0154578346
9,-2.5250000000000017,28921.48489148204
10,-2.475000000000002,46984.56482901696
11,-2.425000000000002,73976.5457681733
12,-2.375000000000002,112885.22592825379
13,-2.3250000000000024,166949.2153701667
14,-2.2750000000000026,239296.2407151668
15,-2.2250000000000028,332423.4004191213
16,-2.1750000000000034,447560.25977477187
17,-2.125000000000003,584003.7889571032
18,-2.0750000000000037,738557.0196117235
19,-2.0250000000000035,905225.1544484661
20,-1.975000000000004,1075309.332438063
21,-1.925000000000004,1237982.2967238328
22,-1.8750000000000042,1381337.0848117769
23,-1.825000000000004,1493788.5514756483
24,-1.7750000000000044,1565607.1633254294
25,-1.7250000000000043,2103247.4999999837
26,-1.6750000000000047,1680102.798870214
27,-1.6250000000000049,1342089.038390178
28,-1.5750000000000048,1072079.0347937583
29,-1.5250000000000052,856391.3600121167
30,-1.4750000000000054,684097.1026399108
31,-1.4250000000000056,546466.0991368472
32,-1.3750000000000058,436524.57575606817
33,-1.3250000000000057,348701.7868811954
34,-1.275000000000006,278547.74490883504
35,-1.2250000000000063,222507.73902753898
36,-1.1750000000000065,177742.217742065
37,-1.1250000000000069,141982.9085763063
38,-1.0750000000000068,113417.88452894264
39,-1.0250000000000072,90599.75359011088
40,-0.9750000000000072,72372.31927469205
41,-0.9250000000000074,57811.99605568991
42,-0.8750000000000075,46181.01121310689
43,-0.8250000000000077,36890.021832332204
44,-0.7750000000000079,29468.25275241504
45,-0.7250000000000081,23539.642351719296
46,-0.6750000000000083,18803.787476047244
47,-0.6250000000000084,15020.721987244897
48,-0.5750000000000086,11998.757660152542
49,-0.5250000000000088,9584.77132519489
50,-0.475000000000009,7656.446105363734
51,-0.4250000000000092,6116.073610462223
52,-0.3750000000000093,4885.603045306795
53,-0.3250000000000095,3902.6863698108955
54,-0.2750000000000097,3117.5191189015895
55,-0.22500000000000986,2490.3168063663443
56,-0.17500000000001004,1989.2990418149343
57,-0.1250000000000102,1589.079215804668
58,-0.07500000000001039,1269.3781583479474
