,abundance,fit_val
0,-1.975,3.491722532148776e-23
1,-1.925,2.7058512723773783e-19
2,-1.875,1.0801261339360291e-15
3,-1.825,2.2210144399544123e-12
4,-1.775,2.352527159640467e-09
5,-1.7249999999999996,1.2835839136059e-06
6,-1.6749999999999998,0.00036076154753489446
7,-1.6249999999999996,0.052230306280319404
8,-1.5749999999999995,3.8952134372979046
9,-1.5249999999999997,149.63951871430487
10,-1.4749999999999996,2961.1997327233094
11,-1.4249999999999994,30185.297194871175
12,-1.3749999999999996,158500.10949868168
13,-1.3249999999999993,428716.3364670254
14,-1.2749999999999997,597333.4768356219
15,-1.2249999999999992,391780.3548754793
16,-1.1749999999999994,141477.72536019247
17,-1.1249999999999991,51089.71525500713
18,-1.0749999999999993,18449.25763538003
19,-1.024999999999999,6662.301905534039
20,-0.9749999999999992,2405.85651508078
21,-0.9249999999999989,868.790645219584
22,-0.874999999999999,313.73325071122264
23,-0.824999999999999,113.29375280848369
24,-0.7749999999999989,40.912062704008044
25,-0.7249999999999989,14.77395560835677
26,-0.6749999999999988,5.335095565746517
27,-0.6249999999999988,1.9265825246928525
28,-0.5749999999999987,0.695717664043854
29,-0.5249999999999987,0.25123401767583403
30,-0.4749999999999986,0.09072434825165288
31,-0.4249999999999986,0.03276191433720381
32,-0.37499999999999856,0.011830815560791038
33,-0.3249999999999985,0.004272283829107939
34,-0.2749999999999985,0.0015427853661203383
35,-0.2249999999999984,0.0005571227898526688
36,-0.17499999999999838,0.00020118534294485382
37,-0.12499999999999832,7.265102586548658e-05
38,-0.07499999999999829,2.6235368253215152e-05
