,abundance,fit_val
0,-1.975,8.381388457243802e-06
1,-1.925,0.00022049811311950716
2,-1.875,0.004553045750253179
3,-1.825,0.07379167697137688
4,-1.775,0.9386873712413044
5,-1.7249999999999996,9.372227003817466
6,-1.6749999999999998,73.44679548792732
7,-1.6249999999999996,451.76349459167716
8,-1.5749999999999995,2181.009942340127
9,-1.5249999999999997,8264.420105225325
10,-1.4749999999999996,24579.630775753845
11,-1.4249999999999994,57378.151535888544
12,-1.3749999999999996,105129.83444483695
13,-1.3249999999999993,151186.71715027804
14,-1.2749999999999997,170651.26910183058
15,-1.2249999999999992,90192.7218413701
16,-1.1749999999999994,25859.576502329062
17,-1.1249999999999991,7414.319949850661
18,-1.0749999999999993,2125.794299601272
19,-1.024999999999999,609.4964116443657
20,-0.9749999999999992,174.75156268743444
21,-0.9249999999999989,50.103836672821316
22,-0.874999999999999,14.365505010258126
23,-0.824999999999999,4.118801032091309
24,-0.7749999999999989,1.1809206797702132
25,-0.7249999999999989,0.3385872832999775
26,-0.6749999999999988,0.0970779412845634
27,-0.6249999999999988,0.02783366992463111
28,-0.5749999999999987,0.007980321494482533
29,-0.5249999999999987,0.002288075245835332
30,-0.4749999999999986,0.0006560247396328591
31,-0.4249999999999986,0.00018809191690426384
32,-0.37499999999999856,5.392871193321124e-05
33,-0.3249999999999985,1.5462152859314933e-05
34,-0.2749999999999985,4.433226058521677e-06
35,-0.2249999999999984,1.271070947543735e-06
36,-0.17499999999999838,3.6443468759824227e-07
37,-0.12499999999999832,1.0448877128493968e-07
38,-0.07499999999999829,2.995846360451956e-08
