,abundance,fit_val
0,-1.975,0.0
1,-1.925,0.0
2,-1.875,0.0
3,-1.825,0.0
4,-1.775,0.0
5,-1.7249999999999996,0.0
6,-1.6749999999999998,0.0
7,-1.6249999999999996,0.0
8,-1.5749999999999995,0.0
9,-1.5249999999999997,0.0
10,-1.4749999999999996,0.0
11,-1.4249999999999994,0.0
12,-1.3749999999999996,0.0
13,-1.3249999999999993,15818096.00094442
14,-1.2749999999999997,14317180.295594553
15,-1.2249999999999992,4702018.129077047
16,-1.1749999999999994,1544226.8679799014
17,-1.1249999999999991,507151.7281153209
18,-1.0749999999999993,166557.6999491157
19,-1.024999999999999,54700.52821358273
20,-0.9749999999999992,17964.63200295819
21,-0.9249999999999989,5899.9065190300935
22,-0.874999999999999,1937.6348442630035
23,-0.824999999999999,636.3539452010349
24,-0.7749999999999989,208.9900193382136
25,-0.7249999999999989,68.63606097262219
26,-0.6749999999999988,22.541310253738637
27,-0.6249999999999988,7.402969528772632
28,-0.5749999999999987,2.4312676249530116
29,-0.5249999999999987,0.7984717809752588
30,-0.4749999999999986,0.2622324167320427
31,-0.4249999999999986,0.08612181672987446
32,-0.37499999999999856,0.028283945247062924
33,-0.3249999999999985,0.0092889535905639
34,-0.2749999999999985,0.0030506585292096157
35,-0.2249999999999984,0.0010018908342155192
36,-0.17499999999999838,0.00032903887277909913
37,-0.12499999999999832,0.0001080622519962588
38,-0.07499999999999829,3.5489576680937336e-05
39,-0.024999999999998246,1.1655411854971588e-05
40,0.025000000000001688,3.827845756807299e-06
41,0.07500000000000172,1.2571330228590457e-06
42,0.125000000000002,4.128649735565286e-07
43,0.17500000000000204,1.3559224305648208e-07
44,0.22500000000000187,4.453091822905865e-08
45,0.2750000000000019,1.462475015991186e-08
46,0.3250000000000022,4.803029574635424e-09
47,0.3750000000000022,1.5774008336947715e-09
48,0.4250000000000021,5.180466519050832e-10
49,0.4750000000000021,1.7013578782093816e-10
50,0.5250000000000024,5.587563627909444e-11
51,0.5750000000000024,1.8350558513177503e-11
52,0.6250000000000022,6.0266516888246e-12
53,0.6750000000000023,1.979260225367538e-12
54,0.7250000000000025,6.50024464992111e-13
55,0.7750000000000026,2.134796625894956e-13
56,0.8250000000000024,7.011054013156102e-14
57,0.8750000000000024,2.302555558648843e-14
58,0.9250000000000028,7.56200435871115e-15
