,abundance,fit_val
0,-1.975,0.0
1,-1.925,0.0
2,-1.875,0.0
3,-1.825,0.0
4,-1.775,0.0
5,-1.7249999999999996,0.0
6,-1.6749999999999998,0.0
7,-1.6249999999999996,0.0
8,-1.5749999999999995,0.0
9,-1.5249999999999997,0.0
10,-1.4749999999999996,0.0
11,-1.4249999999999994,0.0
12,-1.3749999999999996,0.0
13,-1.3249999999999993,0.0
14,-1.2749999999999997,0.0
15,-1.2249999999999992,18330860.001094446
16,-1.1749999999999994,8735152.97222093
17,-1.1249999999999991,2099522.9703161903
18,-1.0749999999999993,504627.30497147003
19,-1.024999999999999,121288.84538206103
20,-0.9749999999999992,29152.176010264426
21,-0.9249999999999989,7006.822131552109
22,-0.874999999999999,1684.112924054877
23,-0.824999999999999,404.7821234389451
24,-0.7749999999999989,97.29072505496828
25,-0.7249999999999989,23.384148245739244
26,-0.6749999999999988,5.6204575397065115
27,-0.6249999999999988,1.3508955991758058
28,-0.5749999999999987,0.32469223492574506
29,-0.5249999999999987,0.07804085488574818
30,-0.4749999999999986,0.018757378145157152
31,-0.4249999999999986,0.004508398010189848
32,-0.37499999999999856,0.001083608405236069
33,-0.3249999999999985,0.00026044887191510754
34,-0.2749999999999985,6.259974964579058e-05
35,-0.2249999999999984,1.5046057319813997e-05
36,-0.17499999999999838,3.6163697483150435e-06
37,-0.12499999999999832,8.692064557872958e-07
38,-0.07499999999999829,2.0891665271072899e-07
39,-0.024999999999998246,5.0213809951885095e-08
40,0.025000000000001688,1.2069055660083246e-08
41,0.07500000000000172,2.900837531861454e-09
42,0.125000000000002,6.972259158673801e-10
43,0.17500000000000204,1.6758055989615196e-10
44,0.22500000000000187,4.0278543031739096e-11
45,0.2750000000000019,9.681081324498547e-12
46,0.3250000000000022,2.3268799851499285e-12
47,0.3750000000000022,5.592733170818418e-13
48,0.4250000000000021,1.3442319552186636e-13
49,0.4750000000000021,3.230906060134043e-14
50,0.5250000000000024,7.765589806792504e-15
51,0.5750000000000024,1.8664852498019756e-15
52,0.6250000000000022,4.486159164215888e-16
53,0.6750000000000023,1.0782632248935874e-16
54,0.7250000000000025,2.5916414010271358e-17
55,0.7750000000000026,6.22909600963234e-18
56,0.8250000000000024,1.4971838728089352e-18
57,0.8750000000000024,3.5985310637898886e-19
58,0.9250000000000028,8.649188688337532e-20
