,abundance,fit_val
0,-1.975,0.0
1,-1.925,0.0
2,-1.875,0.0
3,-1.825,0.0
4,-1.775,0.0
5,-1.7249999999999996,0.0
6,-1.6749999999999998,0.0
7,-1.6249999999999996,0.0
8,-1.5749999999999995,0.0
9,-1.5249999999999997,0.0
10,-1.4749999999999996,0.0
11,-1.4249999999999994,0.0
12,-1.3749999999999996,0.0
13,-1.3249999999999993,0.0
14,-1.2749999999999997,0.0
15,-1.2249999999999992,33920670.00202524
16,-1.1749999999999994,22743544.142758265
17,-1.1249999999999991,4437479.12798802
18,-1.0749999999999993,865793.8660628428
19,-1.024999999999999,168924.51702683416
20,-0.9749999999999992,32958.76024452954
21,-0.9249999999999989,6430.563756969676
22,-0.874999999999999,1254.6634013430762
23,-0.824999999999999,244.79661662068364
24,-0.7749999999999989,47.7621196607679
25,-0.7249999999999989,9.318838250220997
26,-0.6749999999999988,1.8181928890629502
27,-0.6249999999999988,0.3547465137900296
28,-0.5749999999999987,0.06921437753011836
29,-0.5249999999999987,0.013504375295192534
30,-0.4749999999999986,0.0026348304878426217
31,-0.4249999999999986,0.0005140801812681024
32,-0.37499999999999856,0.00010030187292581132
33,-0.3249999999999985,1.956983770043234e-05
34,-0.2749999999999985,3.818259185494332e-06
35,-0.2249999999999984,7.449782379794389e-07
36,-0.17499999999999838,1.4535225297732253e-07
37,-0.12499999999999832,2.83595900772692e-08
38,-0.07499999999999829,5.533222450127707e-09
39,-0.024999999999998246,1.0795836822456899e-09
40,0.025000000000001688,2.1063691862673759e-10
41,0.07500000000000172,4.109724166659743e-11
42,0.125000000000002,8.01845793991936e-12
43,0.17500000000000204,1.564476474013908e-12
44,0.22500000000000187,3.0524405765825125e-13
45,0.2750000000000019,5.955598328469688e-14
46,0.3250000000000022,1.1619931841484497e-14
47,0.3750000000000022,2.2671578664950333e-15
48,0.4250000000000021,4.4234379871832813e-16
49,0.4750000000000021,8.630543075814057e-17
50,0.5250000000000024,1.6839000343014105e-17
51,0.5750000000000024,3.2854471620291156e-18
52,0.6250000000000022,6.410216066634427e-19
53,0.6750000000000023,1.2506933758009322e-19
54,0.7250000000000025,2.4402202734074228e-20
55,0.7750000000000026,4.761099001532074e-21
56,0.8250000000000024,9.289351436596865e-22
57,0.8750000000000024,1.8124397347090725e-22
58,0.9250000000000028,3.5362401932718606e-23
