,abundance,fit_val
0,-1.975,0.0
1,-1.925,0.0
2,-1.875,0.0
3,-1.825,0.0
4,-1.775,0.0
5,-1.7249999999999996,0.0
6,-1.6749999999999998,0.0
7,-1.6249999999999996,0.0
8,-1.5749999999999995,0.0
9,-1.5249999999999997,0.0
10,-1.4749999999999996,0.0
11,-1.4249999999999994,0.0
12,-1.3749999999999996,0.0
13,-1.3249999999999993,0.0
14,-1.2749999999999997,0.0
15,-1.2249999999999992,0.0
16,-1.1749999999999994,33026148.00197183
17,-1.1249999999999991,14770821.975031761
18,-1.0749999999999993,3018057.578965618
19,-1.024999999999999,616666.5311753643
20,-0.9749999999999992,126000.78054249549
21,-0.9249999999999989,25745.18949010885
22,-0.874999999999999,5260.402189794971
23,-0.824999999999999,1074.8350175876924
24,-0.7749999999999989,219.6163474484758
25,-0.7249999999999989,44.873249640542646
26,-0.6749999999999988,9.168755225632175
27,-0.6249999999999988,1.8734117332925282
28,-0.5749999999999987,0.3827860419510895
29,-0.5249999999999987,0.07821300107641754
30,-0.4749999999999986,0.01598092110725731
31,-0.4249999999999986,0.003265311852525104
32,-0.37499999999999856,0.0006671869176175877
33,-0.3249999999999985,0.00013632339058084972
34,-0.2749999999999985,2.785436334066564e-05
35,-0.2249999999999984,5.691360476056122e-06
36,-0.17499999999999838,1.1628908430703358e-06
37,-0.12499999999999832,2.3760840990235698e-07
38,-0.07499999999999829,4.854948922571639e-08
39,-0.024999999999998246,9.919905213146752e-09
40,0.025000000000001688,2.0268909314434947e-09
41,0.07500000000000172,4.1414577656681404e-10
42,0.125000000000002,8.462059876402864e-11
43,0.17500000000000204,1.729015757336233e-11
44,0.22500000000000187,3.532822424778014e-12
45,0.2750000000000019,7.21846185152333e-13
46,0.3250000000000022,1.474916801264671e-13
47,0.3750000000000022,3.013633119351825e-14
48,0.4250000000000021,6.157625006554205e-15
49,0.4750000000000021,1.2581606393248098e-15
50,0.5250000000000024,2.5707447151479594e-16
51,0.5750000000000024,5.25269046248957e-17
52,0.6250000000000022,1.073259314009369e-17
53,0.6750000000000023,2.1929439081432114e-18
54,0.7250000000000025,4.480746564683845e-19
55,0.7750000000000026,9.155313869348216e-20
56,0.8250000000000024,1.8706653196350553e-20
57,0.8750000000000024,3.822248792366609e-21
58,0.9250000000000028,7.8098341148473e-22
