,abundance,fit_val
0,-1.975,5.2577992388905066e-73
1,-1.925,1.9132243642191258e-64
2,-1.875,2.2569918111310017e-56
3,-1.825,8.631698073657406e-49
4,-1.775,1.0701993312735956e-41
5,-1.7249999999999996,4.3016521307717306e-35
6,-1.6749999999999998,5.605418918012362e-29
7,-1.6249999999999996,2.368007317783998e-23
8,-1.5749999999999995,3.2430988207934087e-18
9,-1.5249999999999997,1.4399237712771693e-13
10,-1.4749999999999996,2.0726262653383176e-09
11,-1.4249999999999994,9.671741276263751e-06
12,-1.3749999999999996,0.014631556218732918
13,-1.3249999999999993,7.175935842527172
14,-1.2749999999999997,1140.9556175505618
15,-1.2249999999999992,58811.3477046511
16,-1.1749999999999994,982778.5959195007
17,-1.1249999999999991,5324176.2517408775
18,-1.0749999999999993,9350855.276837574
19,-1.024999999999999,2381921.5546805123
20,-0.9749999999999992,499082.4597816056
21,-0.9249999999999989,104572.42018411648
22,-0.874999999999999,21910.990556447854
23,-0.824999999999999,4590.995468207268
24,-0.7749999999999989,961.9482667750586
25,-0.7249999999999989,201.55638888331907
26,-0.6749999999999988,42.23197785456736
27,-0.6249999999999988,8.848838597426745
28,-0.5749999999999987,1.8540913426540087
29,-0.5249999999999987,0.38848654194056903
30,-0.4749999999999986,0.08139933011763403
31,-0.4249999999999986,0.0170555482063861
32,-0.37499999999999856,0.0035736378198687577
33,-0.3249999999999985,0.000748781986545266
34,-0.2749999999999985,0.00015689179811603503
35,-0.2249999999999984,3.287343547038504e-05
36,-0.17499999999999838,6.887949354919917e-06
37,-0.12499999999999832,1.4432275068628894e-06
38,-0.07499999999999829,3.0239851213161183e-07
