abundance,num_val
-0.975,0.0
-0.9249999999999999,0.0
-0.8749999999999999,0.0
-0.8249999999999998,141797.4
-0.7749999999999998,426064.38
-0.7249999999999998,427607.25
-0.6749999999999997,852320.6
-0.6249999999999997,2130901.8
-0.5749999999999996,3118073.5
-0.5249999999999996,4538947.5
-0.47499999999999953,8509740.0
-0.4249999999999995,17016552.0
-0.37499999999999944,32366054.0
-0.3249999999999994,87457600.0
-0.27499999999999936,230300260.0
-0.2249999999999993,476205440.0
-0.17499999999999927,851579840.0
-0.12499999999999922,1692927500.0
-0.07499999999999918,3171410000.0
-0.024999999999999134,3798332200.0
0.02500000000000091,5023983000.0
0.07500000000000095,7649854500.0
0.125000000000001,9958579000.0
0.17500000000000104,14811891000.0
0.2250000000000011,21601055000.0
0.27500000000000113,30398884000.0
0.3250000000000012,16078438000.0
0.3750000000000012,3452016600.0
0.42500000000000127,673873900.0
0.4750000000000013,343910400.0
0.5250000000000014,230871040.0
0.5750000000000014,178063360.0
0.6250000000000014,131256320.0
0.6750000000000015,114432000.0
0.7250000000000015,75581440.0
0.7750000000000016,67276800.0
0.8250000000000016,42977280.0
0.8750000000000017,31344640.0
0.9250000000000017,20285440.0
0.9750000000000018,16906240.0
1.0250000000000017,4669440.0
1.0750000000000017,3952640.0
1.125000000000002,0.0
1.175000000000002,0.0
1.2250000000000019,0.0
1.275000000000002,0.0
1.3250000000000022,0.0
1.3750000000000022,0.0
1.425000000000002,0.0
1.475000000000002,0.0
1.5250000000000024,0.0
1.5750000000000024,0.0
1.6250000000000022,0.0
1.6750000000000023,0.0
1.7250000000000025,0.0
1.7750000000000026,0.0
1.8250000000000024,0.0
1.8750000000000024,0.0
1.9250000000000027,0.0
