abundance,num_val
-0.975,283850.72
-0.9249999999999999,282841.53
-0.8749999999999999,0.0
-0.8249999999999998,141362.27
-0.7749999999999998,1132461.4
-0.7249999999999998,1838856.2
-0.6749999999999997,1840683.4
-0.6249999999999997,3541910.0
-0.5749999999999996,4677689.5
-0.5249999999999996,11780950.0
-0.47499999999999953,18384064.0
-0.4249999999999995,32282310.0
-0.37499999999999944,52020840.0
-0.3249999999999994,95148180.0
-0.27499999999999936,161288480.0
-0.2249999999999993,248314600.0
-0.17499999999999927,435439870.0
-0.12499999999999922,743308200.0
-0.07499999999999918,1193362200.0
-0.024999999999999134,1768177900.0
0.02500000000000091,2648908000.0
0.07500000000000095,4175932200.0
0.125000000000001,7897045500.0
0.17500000000000104,17245612000.0
0.2250000000000011,29448847000.0
0.27500000000000113,23945343000.0
0.3250000000000012,10839859000.0
0.3750000000000012,4958832600.0
0.42500000000000127,1170821100.0
0.4750000000000013,437176320.0
0.5250000000000014,273182720.0
0.5750000000000014,206755840.0
0.6250000000000014,166871040.0
0.6750000000000015,156477440.0
0.7250000000000015,145111040.0
0.7750000000000016,142264320.0
0.8250000000000016,137338880.0
0.8750000000000017,119531520.0
0.9250000000000017,93685760.0
0.9750000000000018,101918720.0
1.0250000000000017,104796160.0
1.0750000000000017,108953600.0
1.125000000000002,99706880.0
1.175000000000002,63703040.0
1.2250000000000019,13864960.0
1.275000000000002,4577280.0
1.3250000000000022,0.0
1.3750000000000022,0.0
1.425000000000002,0.0
1.475000000000002,0.0
1.5250000000000024,0.0
1.5750000000000024,0.0
1.6250000000000022,0.0
1.6750000000000023,0.0
1.7250000000000025,0.0
1.7750000000000026,0.0
1.8250000000000024,0.0
1.8750000000000024,0.0
1.9250000000000027,0.0
