abundance,num_val
-0.975,0.0
-0.9249999999999999,141658.98
-0.8749999999999999,142067.89
-0.8249999999999998,996824.1
-0.7749999999999998,1842992.1
-0.7249999999999998,2978659.2
-0.6749999999999997,4571833.5
-0.6249999999999997,10261121.0
-0.5749999999999996,17680898.0
-0.5249999999999996,26500540.0
-0.47499999999999953,38943084.0
-0.4249999999999995,60416508.0
-0.37499999999999944,90181610.0
-0.3249999999999994,136688640.0
-0.27499999999999936,213981920.0
-0.2249999999999993,358749570.0
-0.17499999999999927,605386050.0
-0.12499999999999922,930891970.0
-0.07499999999999918,1546740400.0
-0.024999999999999134,3266197000.0
0.02500000000000091,9752532000.0
0.07500000000000095,27240432000.0
0.125000000000001,45730630000.0
0.17500000000000104,63464990000.0
0.2250000000000011,58539827000.0
0.27500000000000113,62604350000.0
0.3250000000000012,69774340000.0
0.3750000000000012,59513078000.0
0.42500000000000127,40605490000.0
0.4750000000000013,35130204000.0
0.5250000000000014,27321713000.0
0.5750000000000014,18062050000.0
0.6250000000000014,11718451000.0
0.6750000000000015,7321682000.0
0.7250000000000015,1531125800.0
0.7750000000000016,46858240.0
0.8250000000000016,9953280.0
0.8750000000000017,2785280.0
0.9250000000000017,901120.0
0.9750000000000018,819200.0
1.0250000000000017,327680.0
1.0750000000000017,409600.0
1.125000000000002,0.0
1.175000000000002,0.0
1.2250000000000019,0.0
1.275000000000002,0.0
1.3250000000000022,0.0
1.3750000000000022,0.0
1.425000000000002,0.0
1.475000000000002,0.0
1.5250000000000024,0.0
1.5750000000000024,0.0
1.6250000000000022,0.0
1.6750000000000023,0.0
1.7250000000000025,0.0
1.7750000000000026,0.0
1.8250000000000024,0.0
1.8750000000000024,0.0
1.9250000000000027,0.0
