,abundance,fit_val
0,-1.975,2.714600921187615e-16
1,-1.925,1.0419777489192745e-13
2,-1.875,2.8995258250382462e-11
3,-1.825,5.849403776975519e-09
4,-1.775,8.554848143758904e-07
5,-1.7249999999999996,9.070455397507116e-05
6,-1.6749999999999998,0.006972073599171829
7,-1.6249999999999996,0.3885177970285483
8,-1.5749999999999995,15.69552892871064
9,-1.5249999999999997,459.6815547403713
10,-1.4749999999999996,9760.100350449495
11,-1.4249999999999994,150233.77221321076
12,-1.3749999999999996,1676474.4722226304
13,-1.3249999999999993,13562582.755195979
14,-1.2749999999999997,79543361.65309978
15,-1.2249999999999992,338206199.9634984
16,-1.1749999999999994,1042498099.8205948
17,-1.1249999999999991,2329619875.829012
18,-1.0749999999999993,3774078572.569944
19,-1.024999999999999,4432542370.375764
20,-0.9749999999999992,2293223577.9909196
21,-0.9249999999999989,608041521.7334043
22,-0.874999999999999,161220430.358466
23,-0.824999999999999,42747125.37865974
24,-0.7749999999999989,11334275.21608709
25,-0.7249999999999989,3005249.9094626578
26,-0.6749999999999988,796833.2201344983
27,-0.6249999999999988,211277.9967851136
28,-0.5749999999999987,56019.74264827448
29,-0.5249999999999987,14853.470849454856
30,-0.4749999999999986,3938.354334485686
31,-0.4249999999999986,1044.2431281663412
32,-0.37499999999999856,276.87800997850644
33,-0.3249999999999985,73.41339420090128
34,-0.2749999999999985,19.465346664819347
35,-0.2249999999999984,5.161179712583572
36,-0.17499999999999838,1.3684716991826291
37,-0.12499999999999832,0.36284626689086147
38,-0.07499999999999829,0.09620762597814124
39,-0.024999999999998246,0.02550917052464522
40,0.025000000000001688,0.006763681924791274
41,0.07500000000000172,0.0017933704718289451
42,0.125000000000002,0.00047550693320446195
43,0.17500000000000204,0.00012607927200614682
44,0.22500000000000187,3.3429550064551845e-05
45,0.2750000000000019,8.863747384771433e-06
46,0.3250000000000022,2.3501966837523367e-06
47,0.3750000000000022,6.231477740227713e-07
48,0.4250000000000021,1.6522580895210637e-07
49,0.4750000000000021,4.3809139793028244e-08
50,0.5250000000000024,1.1615865230603226e-08
51,0.5750000000000024,3.0799126778793834e-09
52,0.6250000000000022,8.166298347169793e-10
53,0.6750000000000023,2.1652701121677645e-10
54,0.7250000000000025,5.7411503466216125e-11
55,0.7750000000000026,1.5222492158040696e-11
56,0.8250000000000024,4.0361992547011175e-12
57,0.8750000000000024,1.0701864224672839e-12
58,0.9250000000000028,2.8375679855233257e-13
