,abundance,fit_val
0,-1.975,3.2278556523056503e-12
1,-1.925,9.506024462643434e-11
2,-1.875,2.486204877625811e-09
3,-1.825,5.774681885010744e-08
4,-1.775,1.1911662497012793e-06
5,-1.7249999999999996,2.182075929649757e-05
6,-1.6749999999999998,0.0003549935822481182
7,-1.6249999999999996,0.005128900913900338
8,-1.5749999999999995,0.06580839217267224
9,-1.5249999999999997,0.7498793870486279
10,-1.4749999999999996,7.588478627499551
11,-1.4249999999999994,68.19792783497743
12,-1.3749999999999996,544.303098802841
13,-1.3249999999999993,3858.0122188661408
14,-1.2749999999999997,24285.0809165517
15,-1.2249999999999992,135759.0139872315
16,-1.1749999999999994,673986.1301922299
17,-1.1249999999999991,2971573.028562642
18,-1.0749999999999993,11635231.279364904
19,-1.024999999999999,40459153.96770648
20,-0.9749999999999992,124942944.86605798
21,-0.9249999999999989,342657185.0917522
22,-0.874999999999999,834566815.2369646
23,-0.824999999999999,1805159349.7851565
24,-0.7749999999999989,3467553276.6168766
25,-0.7249999999999989,5915397097.179968
26,-0.6749999999999988,8961853278.1658
27,-0.6249999999999988,12057712351.509392
28,-0.5749999999999987,14407385372.44906
29,-0.5249999999999987,15288278690.482552
30,-0.4749999999999986,11128609411.2192
31,-0.4249999999999986,3137064775.656048
32,-0.37499999999999856,884313128.7131556
33,-0.3249999999999985,249280702.03807318
34,-0.2749999999999985,70270209.03672607
35,-0.2249999999999984,19808602.26120107
36,-0.17499999999999838,5583884.3931343155
37,-0.12499999999999832,1574051.7430127056
38,-0.07499999999999829,443712.425838853
39,-0.024999999999998246,125078.93575783832
40,0.025000000000001688,35258.738000714315
41,0.07500000000000172,9939.15240700395
42,0.125000000000002,2801.7664888530726
43,0.17500000000000204,789.7952598582191
44,0.22500000000000187,222.6368810449523
45,0.2750000000000019,62.7595318947875
46,0.3250000000000022,17.691403262416195
47,0.3750000000000022,4.9870631590773185
48,0.4250000000000021,1.4058126754400504
49,0.4750000000000021,0.3962871965699267
50,0.5250000000000024,0.11171014809358797
51,0.5750000000000024,0.031490185136197016
52,0.6250000000000022,0.00887682790538599
53,0.6750000000000023,0.002502305823895033
54,0.7250000000000025,0.0007053797260730753
55,0.7750000000000026,0.0001988408264104347
56,0.8250000000000024,5.6051617003078745e-05
57,0.8750000000000024,1.5800496434141297e-05
58,0.9250000000000028,4.454031853382585e-06
