,abundance,fit_val
0,-1.975,4.4832503455561006e-17
1,-1.925,2.8477403978694405e-15
2,-1.875,1.5636800406899597e-13
3,-1.825,7.42224832412595e-12
4,-1.775,3.045531943075089e-10
5,-1.7249999999999996,1.080266550188281e-08
6,-1.6749999999999998,3.3123695937069696e-07
7,-1.6249999999999996,8.779842819818285e-06
8,-1.5749999999999995,0.0002011753584588754
9,-1.5249999999999997,0.0039847668671996305
10,-1.4749999999999996,0.0682293356354983
11,-1.4249999999999994,1.009902525710954
12,-1.3749999999999996,12.921944316976342
13,-1.3249999999999993,142.92768621575618
14,-1.2749999999999997,1366.6111261294495
15,-1.2249999999999992,11295.712553254354
16,-1.1749999999999994,80709.08118677753
17,-1.1249999999999991,498507.00489903754
18,-1.0749999999999993,2661706.8262588033
19,-1.024999999999999,12285398.905675279
20,-0.9749999999999992,49018317.18744009
21,-0.9249999999999989,169070417.04542038
22,-0.874999999999999,504100282.9160986
23,-0.824999999999999,1299290758.5414462
24,-0.7749999999999989,2894915214.634016
25,-0.7249999999999989,5575777552.550586
26,-0.6749999999999988,9283572224.590664
27,-0.6249999999999988,13361797722.807928
28,-0.5749999999999987,16624735958.171139
29,-0.5249999999999987,17880707992.99688
30,-0.4749999999999986,10416031677.246864
31,-0.4249999999999986,2284410089.6658974
32,-0.37499999999999856,501009368.9679226
33,-0.3249999999999985,109879740.47617137
34,-0.2749999999999985,24098466.24621464
35,-0.2249999999999984,5285197.006320594
36,-0.17499999999999838,1159132.1667621888
37,-0.12499999999999832,254217.08564808487
38,-0.07499999999999829,55754.06195130175
39,-0.024999999999998246,12227.798993702365
40,0.025000000000001688,2681.7609874054765
41,0.07500000000000172,588.1550716751196
42,0.125000000000002,128.99225171883646
43,0.17500000000000204,28.29015986567339
44,0.22500000000000187,6.2045055773570565
45,0.2750000000000019,1.3607519237162229
46,0.3250000000000022,0.2984356730461891
47,0.3750000000000022,0.0654519382954817
48,0.4250000000000021,0.014354705598390468
49,0.4750000000000021,0.0031482272058349007
50,0.5250000000000024,0.0006904589210572366
51,0.5750000000000024,0.000151429198243365
52,0.6250000000000022,3.321095778662195e-05
53,0.6750000000000023,7.283718925409398e-06
54,0.7250000000000025,1.5974414747453532e-06
55,0.7750000000000026,3.5034565328084994e-07
56,0.8250000000000024,7.683666582674074e-08
57,0.8750000000000024,1.6851566902807914e-08
58,0.9250000000000028,3.6958306821921186e-09
