,abundance,fit_val
0,-1.975,1.5617705815479544e-16
1,-1.925,8.843243168103154e-15
2,-1.875,4.3460760701855993e-13
3,-1.825,1.8538496400874417e-11
4,-1.775,6.86346016492064e-10
5,-1.7249999999999996,2.2054801577840633e-08
6,-1.6749999999999998,6.151125945735057e-07
7,-1.6249999999999996,1.4890096452246253e-05
8,-1.5749999999999995,0.000312846881011015
9,-1.5249999999999997,0.005705025306200975
10,-1.4749999999999996,0.09029729652834638
11,-1.4249999999999994,1.240461665395493
12,-1.3749999999999996,14.790517661080203
13,-1.3249999999999993,153.06462370985273
14,-1.2749999999999997,1374.8575692919603
15,-1.2249999999999992,10718.450753760957
16,-1.1749999999999994,72526.67236921894
17,-1.1249999999999991,425946.3625176048
18,-1.0749999999999993,2171218.3603984015
19,-1.024999999999999,9606020.71627303
20,-0.9749999999999992,36887138.12883219
21,-0.9249999999999989,122941308.7869943
22,-0.874999999999999,355641251.0694947
23,-0.824999999999999,892930903.1080171
24,-0.7749999999999989,1945875297.5303962
25,-0.7249999999999989,3680472551.2681804
26,-0.6749999999999988,6042039894.183643
27,-0.6249999999999988,8609045851.993881
28,-0.5749999999999987,10646770199.329641
29,-0.5249999999999987,11428050920.032215
30,-0.4749999999999986,12523692772.141916
31,-0.4249999999999986,3107356481.4705772
32,-0.37499999999999856,770991789.6114113
33,-0.3249999999999985,191297118.04642695
34,-0.2749999999999985,47464302.29991519
35,-0.2249999999999984,11776758.666437251
36,-0.17499999999999838,2922028.513368729
37,-0.12499999999999832,725008.5422292926
38,-0.07499999999999829,179887.83610446376
39,-0.024999999999998246,44633.45146092411
40,0.025000000000001688,11074.372967373984
41,0.07500000000000172,2747.75381706418
42,0.125000000000002,681.7678130792685
43,0.17500000000000204,169.15902293150532
44,0.22500000000000187,41.971437328348514
45,0.2750000000000019,10.413878733035542
46,0.3250000000000022,2.5838731568318294
47,0.3750000000000022,0.6411060337602041
48,0.4250000000000021,0.1590700942254068
49,0.4750000000000021,0.03946819019698092
50,0.5250000000000024,0.009792777485991118
51,0.5750000000000024,0.0024297666148743635
52,0.6250000000000022,0.0006028693913655804
53,0.6750000000000023,0.00014958288620007783
54,0.7250000000000025,3.7114240935773886e-05
55,0.7750000000000026,9.208719762207443e-06
56,0.8250000000000024,2.2848512463347325e-06
57,0.8750000000000024,5.669132466493777e-07
58,0.9250000000000028,1.4066151122183464e-07
