,abundance,fit_val
0,-1.975,2.7688555109764804e-27
1,-1.925,5.111605516018751e-25
2,-1.875,7.995943176887746e-23
3,-1.825,1.0598329080633443e-20
4,-1.775,1.1903109633586572e-18
5,-1.7249999999999996,1.1327623327975353e-16
6,-1.6749999999999998,9.134241650433714e-15
7,-1.6249999999999996,6.241105539319521e-13
8,-1.5749999999999995,3.613315538864145e-11
9,-1.5249999999999997,1.77257893077153e-09
10,-1.4749999999999996,7.368186487040593e-08
11,-1.4249999999999994,2.595200807787434e-06
12,-1.3749999999999996,7.745271721138341e-05
13,-1.3249999999999993,0.0019586538077482215
14,-1.2749999999999997,0.041969523275862675
15,-1.2249999999999992,0.7620188653223917
16,-1.1749999999999994,11.723377307260764
17,-1.1249999999999991,152.82524267645954
18,-1.0749999999999993,1688.0790408939176
19,-1.024999999999999,15799.589140884756
20,-0.9749999999999992,125300.88588308074
21,-0.9249999999999989,842011.1094799109
22,-0.874999999999999,4794428.362914591
23,-0.824999999999999,23131893.192076605
24,-0.7749999999999989,94567270.67619875
25,-0.7249999999999989,327586400.2594622
26,-0.6749999999999988,961537451.8940967
27,-0.6249999999999988,2391453153.1899514
28,-0.5749999999999987,5039795135.969859
29,-0.5249999999999987,8999517389.573765
30,-0.4749999999999986,13616982836.862482
31,-0.4249999999999986,17458136782.76154
32,-0.37499999999999856,18965758917.564484
33,-0.3249999999999985,13838625338.60508
34,-0.2749999999999985,3674901743.2453613
35,-0.2249999999999984,975884706.18058
36,-0.17499999999999838,259150047.07476175
37,-0.12499999999999832,68818320.92819372
38,-0.07499999999999829,18274977.56158847
39,-0.024999999999998246,4852992.63876312
40,0.025000000000001688,1288731.4073310406
41,0.07500000000000172,342227.72706795915
42,0.125000000000002,90879.92773967984
43,0.17500000000000204,24133.524588232394
44,0.22500000000000187,6408.752994601274
45,0.2750000000000019,1701.869728793676
46,0.3250000000000022,451.938243871176
47,0.3750000000000022,120.01398980058251
48,0.4250000000000021,31.87019010491169
49,0.4750000000000021,8.463255150594795
50,0.5250000000000024,2.247450909714845
51,0.5750000000000024,0.5968194863205954
52,0.6250000000000022,0.1584877772912838
53,0.6750000000000023,0.042087056683733574
54,0.7250000000000025,0.011176384517301196
55,0.7750000000000026,0.002967933153825117
56,0.8250000000000024,0.0007881463985011009
57,0.8750000000000024,0.00020929539624896086
58,0.9250000000000028,5.557922103598571e-05
