,abundance,fit_val
0,-1.975,2.294090394552307e-60
1,-1.925,4.687664702400765e-56
2,-1.875,6.989822899974723e-52
3,-1.825,7.605704062415483e-48
4,-1.775,6.039156615146724e-44
5,-1.7249999999999996,3.499264577227734e-40
6,-1.6749999999999998,1.4795882954914409e-36
7,-1.6249999999999996,4.565292544075178e-33
8,-1.5749999999999995,1.0279215151174069e-29
9,-1.5249999999999997,1.6889427117830783e-26
10,-1.4749999999999996,2.0250395044666365e-23
11,-1.4249999999999994,1.7718040888221128e-20
12,-1.3749999999999996,1.131257620918134e-17
13,-1.3249999999999993,5.2707322501187424e-15
14,-1.2749999999999997,1.7920247787910077e-12
15,-1.2249999999999992,4.4461149284658217e-10
16,-1.1749999999999994,8.049723767712103e-08
17,-1.1249999999999991,1.0635181082356858e-05
18,-1.0749999999999993,0.0010253506686490248
19,-1.024999999999999,0.07213791198862993
20,-0.9749999999999992,3.7035510461177177
21,-0.9249999999999989,138.75119136786975
22,-0.874999999999999,3793.3134013159147
23,-0.824999999999999,75677.07686520516
24,-0.7749999999999989,1101725.9787289011
25,-0.7249999999999989,11704327.103111787
26,-0.6749999999999988,90736689.38883337
27,-0.6249999999999988,513313902.9964791
28,-0.5749999999999987,2119077027.536674
29,-0.5249999999999987,6383723650.266325
30,-0.4749999999999986,14033468744.465378
31,-0.4249999999999986,22512286326.945293
32,-0.37499999999999856,26353469209.49211
33,-0.3249999999999985,17570955080.900715
34,-0.2749999999999985,3455758077.5245857
35,-0.2249999999999984,679659348.9307464
36,-0.17499999999999838,133671634.47965099
37,-0.12499999999999832,26289796.34072841
38,-0.07499999999999829,5170531.461872659
39,-0.024999999999998246,1016911.4759096791
40,0.025000000000001688,200000.51396307972
41,0.07500000000000172,39334.99280231214
42,0.125000000000002,7736.188413213583
43,0.17500000000000204,1521.5106677538934
44,0.22500000000000187,299.2422868262682
45,0.2750000000000019,58.85331475013911
46,0.3250000000000022,11.574943814975724
47,0.3750000000000022,2.276495808072205
48,0.4250000000000021,0.447728580545272
49,0.4750000000000021,0.08805677617602946
50,0.5250000000000024,0.01731851877999834
51,0.5750000000000024,0.003406110304715
52,0.6250000000000022,0.0006698949000930012
53,0.6750000000000023,0.00013175121679101474
54,0.7250000000000025,2.5912099231540352e-05
55,0.7750000000000026,5.096248087410341e-06
56,0.8250000000000024,1.0023018334547422e-06
57,0.8750000000000024,1.9712717044299595e-07
58,0.9250000000000028,3.876987952114307e-08
