,abundance,fit_val
0,-1.975,1.2713972027906316e-52
1,-1.925,5.218285217270394e-49
2,-1.875,1.670768457582884e-45
3,-1.825,4.172983006858024e-42
4,-1.775,8.130530034329768e-39
5,-1.7249999999999996,1.2357567586437427e-35
6,-1.6749999999999998,1.465173395049905e-32
7,-1.6249999999999996,1.355148683096947e-29
8,-1.5749999999999995,9.777476131409863e-27
9,-1.5249999999999997,5.5031135643784934e-24
10,-1.4749999999999996,2.416195547064726e-21
11,-1.4249999999999994,8.275563543582255e-19
12,-1.3749999999999996,2.2110826133945636e-16
13,-1.3249999999999993,4.6084433697870073e-14
14,-1.2749999999999997,7.492822323007028e-12
15,-1.2249999999999992,9.503389015916087e-10
16,-1.1749999999999994,9.402719355519345e-08
17,-1.1249999999999991,7.257220758550286e-06
18,-1.0749999999999993,0.0004369473282499853
19,-1.024999999999999,0.020522475027188958
20,-0.9749999999999992,0.7519211092367408
21,-0.9249999999999989,21.4910043645257
22,-0.874999999999999,479.1627416309379
23,-0.824999999999999,8333.957159493926
24,-0.7749999999999989,113073.64179303501
25,-0.7249999999999989,1196777.42853619
26,-0.6749999999999988,9881145.47637842
27,-0.6249999999999988,63641893.22088689
28,-0.5749999999999987,319757530.75953585
29,-0.5249999999999987,1253257655.6171925
30,-0.4749999999999986,3831791278.3450985
31,-0.4249999999999986,9139137609.952957
32,-0.37499999999999856,17003975964.071615
33,-0.3249999999999985,24679573027.65499
34,-0.2749999999999985,27942592353.978004
35,-0.2249999999999984,13201411267.67675
36,-0.17499999999999838,3989189215.8395925
37,-0.12499999999999832,1205449196.0821586
38,-0.07499999999999829,364261429.00551575
39,-0.024999999999998246,110072153.26235701
40,0.025000000000001688,33261492.87035374
41,0.07500000000000172,10050924.554257246
42,0.125000000000002,3037178.3007193776
43,0.17500000000000204,917771.4926189069
44,0.22500000000000187,277331.26911397825
45,0.2750000000000019,83803.68473735821
46,0.3250000000000022,25323.713398766162
47,0.3750000000000022,7652.294315132616
48,0.4250000000000021,2312.3626208889395
49,0.4750000000000021,698.7474174785007
50,0.5250000000000024,211.1467937693861
51,0.5750000000000024,63.80412636081537
52,0.6250000000000022,19.280266908117113
53,0.6750000000000023,5.826091716170379
54,0.7250000000000025,1.7605225512173026
55,0.7750000000000026,0.5319929387211949
56,0.8250000000000024,0.16075709263339177
57,0.8750000000000024,0.04857741701245465
58,0.9250000000000028,0.014679075149631998
