,abundance,fit_val
0,-1.975,4.8149517667079945e-54
1,-1.925,2.3475139627514757e-50
2,-1.875,8.882483104273742e-47
3,-1.825,2.60837818260275e-43
4,-1.775,5.944518606365635e-40
5,-1.7249999999999996,1.0514116513680277e-36
6,-1.6749999999999998,1.443240950263977e-33
7,-1.6249999999999996,1.537499075913824e-30
8,-1.5749999999999995,1.2711618394156932e-27
9,-1.5249999999999997,8.156367641494322e-25
10,-1.4749999999999996,4.061651921260161e-22
11,-1.4249999999999994,1.5697069247649127e-19
12,-1.3749999999999996,4.708086236599788e-17
13,-1.3249999999999993,1.0959234173401059e-14
14,-1.2749999999999997,1.979821187307652e-12
15,-1.2249999999999992,2.7757585817932057e-10
16,-1.1749999999999994,3.0202811883613215e-08
17,-1.1249999999999991,2.5504864879997862e-06
18,-1.0749999999999993,0.00016715086921130737
19,-1.024999999999999,0.008501669433773704
20,-0.9749999999999992,0.33559057292308864
21,-0.9249999999999989,10.280760773208655
22,-0.874999999999999,244.42786668399202
23,-0.824999999999999,4510.09971678194
24,-0.7749999999999989,64584.98063810547
25,-0.7249999999999989,717772.6174023402
26,-0.6749999999999988,6190877.37192623
27,-0.6249999999999988,41440737.90362872
28,-0.5749999999999987,215284479.39454335
29,-0.5249999999999987,867976416.4622234
30,-0.4749999999999986,2715895729.6739206
31,-0.4249999999999986,6595203826.977836
32,-0.37499999999999856,12429490160.262735
33,-0.3249999999999985,18179769416.4281
34,-0.2749999999999985,20636373950.141476
35,-0.2249999999999984,11600977439.663685
36,-0.17499999999999838,2778037240.6798205
37,-0.12499999999999832,665244885.6781566
38,-0.07499999999999829,159303392.85611808
39,-0.024999999999998246,38147713.00285998
40,0.025000000000001688,9135072.274718877
41,0.07500000000000172,2187537.3094602306
42,0.125000000000002,523840.3524757819
43,0.17500000000000204,125441.84444088982
44,0.22500000000000187,30039.030522109315
45,0.2750000000000019,7193.320209297517
46,0.3250000000000022,1722.5541149007204
47,0.3750000000000022,412.4927839200417
48,0.4250000000000021,98.7779108442774
49,0.4750000000000021,23.65393056827706
50,0.5250000000000024,5.664307197293641
51,0.5750000000000024,1.3564078043055514
52,0.6250000000000022,0.32481326797742915
53,0.6750000000000023,0.07778166619160072
54,0.7250000000000025,0.01862604823138556
55,0.7750000000000026,0.004460301375690583
56,0.8250000000000024,0.001068089597688517
57,0.8750000000000024,0.00025577092052749
58,0.9250000000000028,6.124838583678182e-05
