,abundance,fit_val
0,-1.975,2.8054287439940576e-49
1,-1.925,7.354806476980283e-46
2,-1.875,1.524390844495867e-42
3,-1.825,2.497896779122013e-39
4,-1.775,3.23597917962931e-36
5,-1.7249999999999996,3.314286316366894e-33
6,-1.6749999999999998,2.683659445073092e-30
7,-1.6249999999999996,1.717979024897387e-27
8,-1.5749999999999995,8.694835811681917e-25
9,-1.5249999999999997,3.479028513371683e-22
10,-1.4749999999999996,1.1005446457420228e-19
11,-1.4249999999999994,2.752392823165997e-17
12,-1.3749999999999996,5.442096552479175e-15
13,-1.3249999999999993,8.506974734919554e-13
14,-1.2749999999999997,1.0513253046645405e-10
15,-1.2249999999999992,1.0271932735916474e-08
16,-1.1749999999999994,7.934513261694182e-07
17,-1.1249999999999991,4.845532248577374e-05
18,-1.0749999999999993,0.00233946073572897
19,-1.024999999999999,0.08929828276804186
20,-0.9749999999999992,2.6947813218906242
21,-0.9249999999999989,64.29201302953255
22,-0.874999999999999,1212.672681206111
23,-0.824999999999999,18083.53113995112
24,-0.7749999999999989,213194.48063922607
25,-0.7249999999999989,1987109.2741414432
26,-0.6749999999999988,14642681.564459104
27,-0.6249999999999988,85304621.39846669
28,-0.5749999999999987,392895971.7953979
29,-0.5249999999999987,1430657470.4920092
30,-0.4749999999999986,4118573607.6059127
31,-0.4249999999999986,9373700467.90959
32,-0.37499999999999856,16866632630.190895
33,-0.3249999999999985,23993785615.83279
34,-0.2749999999999985,26984988474.885406
35,-0.2249999999999984,19974312216.140476
36,-0.17499999999999838,5049246474.796258
37,-0.12499999999999832,1276383871.8131661
38,-0.07499999999999829,322653250.61013347
39,-0.024999999999998246,81562547.46575509
40,0.025000000000001688,20617951.7377366
41,0.07500000000000172,5211950.178948461
42,0.125000000000002,1317513.2531774372
43,0.17500000000000204,333050.22356303857
44,0.22500000000000187,84190.76707416783
45,0.2750000000000019,21282.331489548225
46,0.3250000000000022,5379.896743689224
47,0.3750000000000022,1359.9679615446323
48,0.4250000000000021,343.78222195387184
49,0.4750000000000021,86.90367675816843
50,0.5250000000000024,21.968119791550905
51,0.5750000000000024,5.5532551116207225
52,0.6250000000000022,1.4037907034084258
53,0.6750000000000023,0.35486004142906846
54,0.7250000000000025,0.08970400551684081
55,0.7750000000000026,0.02267600649923796
56,0.8250000000000024,0.005732199669243917
57,0.8750000000000024,0.001449025561409322
58,0.9250000000000028,0.00036629482550710644
