,abundance,fit_val
0,-1.975,4.118377383961184e-55
1,-1.925,2.352216760411836e-51
2,-1.875,1.0377355939849832e-47
3,-1.825,3.536342001930952e-44
4,-1.775,9.308505903985483e-41
5,-1.7249999999999996,1.892621942846363e-37
6,-1.6749999999999998,2.972390992060146e-34
7,-1.6249999999999996,3.605837700760295e-31
8,-1.5749999999999995,3.3788163495362153e-28
9,-1.5249999999999997,2.4455760463232163e-25
10,-1.4749999999999996,1.3672751796388363e-22
11,-1.4249999999999994,5.904577962581816e-20
12,-1.3749999999999996,1.9696087532800812e-17
13,-1.3249999999999993,5.0749204986985025e-15
14,-1.2749999999999997,1.010035629125008e-12
15,-1.2249999999999992,1.552752787756734e-10
16,-1.1749999999999994,1.8438522371420374e-08
17,-1.1249999999999991,1.691251071045838e-06
18,-1.0749999999999993,0.00011982521801783463
19,-1.024999999999999,0.006557624493112845
20,-0.9749999999999992,0.27720626012451083
21,-0.9249999999999989,9.051440404168728
22,-0.874999999999999,228.2919154898549
23,-0.824999999999999,4447.557186991003
24,-0.7749999999999989,66928.44318137945
25,-0.7249999999999989,777961.4519608774
26,-0.6749999999999988,6984954.903039486
27,-0.6249999999999988,48442584.778115995
28,-0.5749999999999987,259507063.02922037
29,-0.5249999999999987,1073814416.5711205
30,-0.4749999999999986,3432159412.496829
31,-0.4249999999999986,8473519733.698515
32,-0.37499999999999856,16159146278.555029
33,-0.3249999999999985,23802970186.613132
34,-0.2749999999999985,27083330287.049435
35,-0.2249999999999984,15654513396.25375
36,-0.17499999999999838,5166786055.311346
37,-0.12499999999999832,1705302328.1929824
38,-0.07499999999999829,562836548.5640708
39,-0.024999999999998246,185764702.92818713
40,0.025000000000001688,61311805.25151951
41,0.07500000000000172,20236015.798186675
42,0.125000000000002,6678914.9936881
43,0.17500000000000204,2204381.827815591
44,0.22500000000000187,727558.1808416353
45,0.2750000000000019,240131.22401491195
46,0.3250000000000022,79255.52384030001
47,0.3750000000000022,26158.356061227274
48,0.4250000000000021,8633.58865944451
49,0.4750000000000021,2849.5236079063993
50,0.5250000000000024,940.4877985625841
51,0.5750000000000024,310.4088335295361
52,0.6250000000000022,102.45071130155213
53,0.6750000000000023,33.81394829150443
54,0.7250000000000025,11.160323676964158
55,0.7750000000000026,3.68347474541741
56,0.8250000000000024,1.2157341124553054
57,0.8750000000000024,0.4012541239834119
58,0.9250000000000028,0.1324342801309804
