,abundance,fit_val
0,-1.975,4.5252894459497803e-97
1,-1.925,6.988269390171238e-91
2,-1.875,7.052691795692334e-85
3,-1.825,4.651597886679415e-79
4,-1.775,2.004986327317108e-73
5,-1.7249999999999996,5.647843551020738e-68
6,-1.6749999999999998,1.0397187891611317e-62
7,-1.6249999999999996,1.2508669517810895e-57
8,-1.5749999999999995,9.834863495354582e-53
9,-1.5249999999999997,5.053445032514493e-48
10,-1.4749999999999996,1.6969488334321713e-43
11,-1.4249999999999994,3.7240194526970395e-39
12,-1.3749999999999996,5.340932950555086e-35
13,-1.3249999999999993,5.005924586422733e-31
14,-1.2749999999999997,3.0662917274276138e-27
15,-1.2249999999999992,1.2274523216878385e-23
16,-1.1749999999999994,3.211129229886632e-20
17,-1.1249999999999991,5.490007373547185e-17
18,-1.0749999999999993,6.134088866267552e-14
19,-1.024999999999999,4.479083831886493e-11
20,-0.9749999999999992,2.1374221721622895e-08
21,-0.9249999999999989,6.665817530903864e-06
22,-0.874999999999999,0.0013585590629038528
23,-0.824999999999999,0.1809529295520538
24,-0.7749999999999989,15.751238405767902
25,-0.7249999999999989,896.0366692604787
26,-0.6749999999999988,33311.857722232344
27,-0.6249999999999988,809345.4221828411
28,-0.5749999999999987,12850823.774009015
29,-0.5249999999999987,133349076.7859462
30,-0.4749999999999986,904296917.176781
31,-0.4249999999999986,4007689613.918683
32,-0.37499999999999856,11607510886.08527
33,-0.3249999999999985,21970812204.886967
34,-0.2749999999999985,27177851172.420048
35,-0.2249999999999984,26521402008.86436
36,-0.17499999999999838,12480201712.113354
37,-0.12499999999999832,5872820551.605012
38,-0.07499999999999829,2763578828.8484135
39,-0.024999999999998246,1300459953.8073602
40,0.025000000000001688,611958694.2129554
41,0.07500000000000172,287969992.7140543
42,0.125000000000002,135510317.09809247
43,0.17500000000000204,63767220.559885226
44,0.22500000000000187,30007002.455684625
45,0.2750000000000019,14120424.074777653
46,0.3250000000000022,6644661.570112521
47,0.3750000000000022,3126784.8010454015
48,0.4250000000000021,1471374.138304384
49,0.4750000000000021,692385.9467869805
50,0.5250000000000024,325816.7224962658
51,0.5750000000000024,153319.8892190531
52,0.6250000000000022,72147.88808273099
53,0.6750000000000023,33950.70125155941
54,0.7250000000000025,15976.214219200789
55,0.7750000000000026,7517.942527507314
56,0.8250000000000024,3537.725463080988
57,0.8750000000000024,1664.7508818188944
58,0.9250000000000028,783.3834274136088
