,abundance,fit_val
0,-1.975,1.5733769636574509e-147
1,-1.925,2.038406637574794e-138
2,-1.875,1.4116765147677172e-129
3,-1.825,5.2259575990682645e-121
4,-1.775,1.0341484873765812e-112
5,-1.7249999999999996,1.0939217255329093e-104
6,-1.6749999999999998,6.185515811522162e-97
7,-1.6249999999999996,1.869613874879325e-89
8,-1.5749999999999995,3.020746289245862e-82
9,-1.5249999999999997,2.608932879980837e-75
10,-1.4749999999999996,1.2044752735495694e-68
11,-1.4249999999999994,2.9724817633691455e-62
12,-1.3749999999999996,3.921270805847668e-56
13,-1.3249999999999993,2.7651634037242114e-50
14,-1.2749999999999997,1.0423200505426849e-44
15,-1.2249999999999992,2.1002341266310952e-39
16,-1.1749999999999994,2.2621461359802046e-34
17,-1.1249999999999991,1.3024466125517407e-29
18,-1.0749999999999993,4.0085336268273877e-25
19,-1.024999999999999,6.594736674584504e-21
20,-0.9749999999999992,5.799568923889402e-17
21,-0.9249999999999989,2.726341763796445e-13
22,-0.874999999999999,6.850956436564141e-10
23,-0.824999999999999,9.202555445439305e-07
24,-0.7749999999999989,0.0006607725708063713
25,-0.7249999999999989,0.2536190655296119
26,-0.6749999999999988,52.03530644429807
27,-0.6249999999999988,5706.905251538889
28,-0.5749999999999987,334571.95590680616
29,-0.5249999999999987,10484910.68814323
30,-0.4749999999999986,175641146.32762885
31,-0.4249999999999986,1572802234.7082074
32,-0.37499999999999856,7528497308.335238
33,-0.3249999999999985,19263216628.433773
34,-0.2749999999999985,26347271394.805332
35,-0.2249999999999984,27803802446.122482
36,-0.17499999999999838,12481077736.92519
37,-0.12499999999999832,5602733718.779328
38,-0.07499999999999829,2515057255.8872747
39,-0.024999999999998246,1129004753.374104
40,0.025000000000001688,506808236.7340161
41,0.07500000000000172,227505320.99516454
42,0.125000000000002,102126736.16880614
43,0.17500000000000204,45844511.2178921
44,0.22500000000000187,20579519.993016277
45,0.2750000000000019,9238110.122497398
46,0.3250000000000022,4146971.293030641
47,0.3750000000000022,1861568.0780141219
48,0.4250000000000021,835654.6173601894
49,0.4750000000000021,375123.8795738006
50,0.5250000000000024,168392.44599763345
51,0.5750000000000024,75591.07114503844
52,0.6250000000000022,33932.69812669975
53,0.6750000000000023,15232.328166754742
54,0.7250000000000025,6837.765170142539
55,0.7750000000000026,3069.4606898018087
56,0.8250000000000024,1377.875474194189
57,0.8750000000000024,618.5258630917454
58,0.9250000000000028,277.6551658538854
