,abundance,fit_val
0,-1.975,1.5436027871832214e-80
1,-1.925,1.9020003955419226e-75
2,-1.875,1.668513993085525e-70
3,-1.825,1.0420613903365577e-65
4,-1.775,4.6334124185516145e-61
5,-1.7249999999999996,1.4667389096754947e-56
6,-1.6749999999999998,3.3055891120504277e-52
7,-1.6249999999999996,5.303824279923362e-48
8,-1.5749999999999995,6.058618216576911e-44
9,-1.5249999999999997,4.927223325330157e-40
10,-1.4749999999999996,2.8528248524266796e-36
11,-1.4249999999999994,1.175958980024765e-32
12,-1.3749999999999996,3.451067374605012e-29
13,-1.3249999999999993,7.210392472546248e-26
14,-1.2749999999999997,1.0725278366414879e-22
15,-1.2249999999999992,1.1358015117306426e-19
16,-1.1749999999999994,8.563287271142747e-17
17,-1.1249999999999991,4.596452601431405e-14
18,-1.0749999999999993,1.7565044730396984e-11
19,-1.024999999999999,4.7788118904625006e-09
20,-0.9749999999999992,9.256244389649761e-07
21,-0.9249999999999989,0.00012764208543059423
22,-0.874999999999999,0.012531330123129772
23,-0.824999999999999,0.8758800864754065
24,-0.7749999999999989,43.58492826413639
25,-0.7249999999999989,1544.0886119642403
26,-0.6749999999999988,38945.05359733645
27,-0.6249999999999988,699321.0375824563
28,-0.5749999999999987,8940155.69360349
29,-0.5249999999999987,81368774.01104763
30,-0.4749999999999986,527247664.1140901
31,-0.4249999999999986,2432292259.253014
32,-0.37499999999999856,7988422982.960704
33,-0.3249999999999985,18678867816.634766
34,-0.2749999999999985,31094547884.961376
35,-0.2249999999999984,36852091924.84874
36,-0.17499999999999838,17337819187.820274
37,-0.12499999999999832,5417555908.8501625
38,-0.07499999999999829,1692826053.1252675
39,-0.024999999999998246,528958093.714973
40,0.025000000000001688,165283765.80099455
41,0.07500000000000172,51646290.24861576
42,0.125000000000002,16137938.79585116
43,0.17500000000000204,5042628.760458157
44,0.22500000000000187,1575672.403859724
45,0.2750000000000019,492351.04193144944
46,0.3250000000000022,153845.14439497882
47,0.3750000000000022,48072.05923859378
48,0.4250000000000021,15021.097276270657
49,0.4750000000000021,4693.648804668614
50,0.5250000000000024,1466.6264851615758
51,0.5750000000000024,458.2774162476522
52,0.6250000000000022,143.19814374515948
53,0.6750000000000023,44.74518631085667
54,0.7250000000000025,13.981547844337465
55,0.7750000000000026,4.368820341151846
56,0.8250000000000024,1.365127193767196
57,0.8750000000000024,0.42656188848254467
58,0.9250000000000028,0.13328797897847966
