,abundance,fit_val
0,-1.975,3.344744120085227e-72
1,-1.925,1.8855040965413988e-67
2,-1.875,7.667772841155901e-63
3,-1.825,2.2495112688278785e-58
4,-1.775,4.760847655204923e-54
5,-1.7249999999999996,7.268713856531676e-50
6,-1.6749999999999998,8.00586084920244e-46
7,-1.6249999999999996,6.361150616613059e-42
8,-1.5749999999999995,3.6462000848671755e-38
9,-1.5249999999999997,1.5077262344169373e-34
10,-1.4749999999999996,4.497608645340074e-31
11,-1.4249999999999994,9.678721895533599e-28
12,-1.3749999999999996,1.5025590063414025e-24
13,-1.3249999999999993,1.6827602223894854e-21
14,-1.2749999999999997,1.3595341330095306e-18
15,-1.2249999999999992,7.923830382542011e-16
16,-1.1749999999999994,3.3316348934660974e-13
17,-1.1249999999999991,1.0105476818231913e-10
18,-1.0749999999999993,2.2112273378721127e-08
19,-1.024999999999999,3.4904960954682515e-06
20,-0.9749999999999992,0.00039748257509592965
21,-0.9249999999999989,0.03265323467964385
22,-0.874999999999999,1.935136039388469
23,-0.824999999999999,82.73208498668615
24,-0.7749999999999989,2551.6059977305245
25,-0.7249999999999989,56771.50872225142
26,-0.6749999999999988,911222.4985616108
27,-0.6249999999999988,10551048.250590494
28,-0.5749999999999987,88134097.30635603
29,-0.5249999999999987,531091669.12746596
30,-0.4749999999999986,2308724937.434079
31,-0.4249999999999986,7240225214.723963
32,-0.37499999999999856,16379820338.245205
33,-0.3249999999999985,26732733498.855133
34,-0.2749999999999985,31474205824.645115
35,-0.2249999999999984,26732733498.855106
36,-0.17499999999999838,31999605320.67394
37,-0.12499999999999832,20696528410.632668
38,-0.07499999999999829,13385986607.009312
39,-0.024999999999998246,8657714660.540754
40,0.025000000000001688,5599588983.907476
41,0.07500000000000172,3621671309.1280723
42,0.125000000000002,2342404613.813017
43,0.17500000000000204,1515007549.4105232
44,0.22500000000000187,979868235.0760179
45,0.2750000000000019,633753777.9825397
46,0.3250000000000022,409895776.5234444
47,0.3750000000000022,265110131.80324882
48,0.4250000000000021,171466470.28385806
49,0.4750000000000021,110900138.86540115
50,0.5250000000000024,71727380.75266169
51,0.5750000000000024,46391440.103438914
52,0.6250000000000022,30004800.012038622
53,0.6750000000000023,19406339.224543612
54,0.7250000000000025,12551525.15420719
55,0.7750000000000026,8118006.2800020985
56,0.8250000000000024,5250519.371350166
57,0.8750000000000024,3395901.988501065
58,0.9250000000000028,2196382.7766128173
