,abundance,fit_val
0,-1.975,4.581521768477582e-22
1,-1.925,3.2035973282990116e-20
2,-1.875,1.9733429288429355e-18
3,-1.825,1.0707884483299222e-16
4,-1.775,5.118482980267703e-15
5,-1.7249999999999996,2.1553376843564983e-13
6,-1.6749999999999998,7.9951359625039e-12
7,-1.6249999999999996,2.612599609026784e-10
8,-1.5749999999999995,7.520666560212888e-09
9,-1.5249999999999997,1.9071123700290146e-07
10,-1.4749999999999996,4.260226649874131e-06
11,-1.4249999999999994,8.383504446807343e-05
12,-1.3749999999999996,0.0014532989703941242
13,-1.3249999999999993,0.022193244885852493
14,-1.2749999999999997,0.2985541533761085
15,-1.2249999999999992,3.5380331836975496
16,-1.1749999999999994,36.934919693088546
17,-1.1249999999999991,339.6635066049116
18,-1.0749999999999993,2751.6747026476633
19,-1.024999999999999,19637.29960279051
20,-0.9749999999999992,123453.35975277449
21,-0.9249999999999989,683692.0560060581
22,-0.874999999999999,3335451.4721680884
23,-0.824999999999999,14334587.227622893
24,-0.7749999999999989,54269051.30110002
25,-0.7249999999999989,180990483.41571307
26,-0.6749999999999988,531735582.23864156
27,-0.6249999999999988,1376170293.1174693
28,-0.5749999999999987,3137509914.4769335
29,-0.5249999999999987,6301363131.743184
30,-0.4749999999999986,11148601214.05766
31,-0.4249999999999986,17375716695.469696
32,-0.37499999999999856,23856215294.74202
33,-0.3249999999999985,28853389378.245262
34,-0.2749999999999985,30741750982.48095
35,-0.2249999999999984,28853389378.24525
36,-0.17499999999999838,23856215294.742004
37,-0.12499999999999832,26894850529.07567
38,-0.07499999999999829,17035993242.555899
39,-0.024999999999998246,10791101644.035973
40,0.025000000000001688,6835402728.443757
41,0.07500000000000172,4329746118.723573
42,0.125000000000002,2742589163.7068086
43,0.17500000000000204,1737237037.607065
44,0.22500000000000187,1100417286.2532353
45,0.2750000000000019,697036833.587716
46,0.3250000000000022,441523732.3581801
47,0.3750000000000022,279674181.96841425
48,0.4250000000000021,177153893.04656652
49,0.4750000000000021,112214511.90334992
50,0.5250000000000024,71079988.50692534
51,0.5750000000000024,45024165.59541102
52,0.6250000000000022,28519637.24453177
53,0.6750000000000023,18065181.17112165
54,0.7250000000000025,11443019.69717446
55,0.7750000000000026,7248346.891712511
56,0.8250000000000024,4591317.156918939
57,0.8750000000000024,2908275.9904221036
58,0.9250000000000028,1842187.9707699304
