,abundance,fit_val
0,-1.975,1.1996638626750582e-28
1,-1.925,2.348316578564205e-26
2,-1.875,3.907868628122285e-24
3,-1.825,5.528527967742928e-22
4,-1.775,6.64913744633279e-20
5,-1.7249999999999996,6.798410023930264e-18
6,-1.6749999999999998,5.909294601360516e-16
7,-1.6249999999999996,4.3666680002935266e-14
8,-1.5749999999999995,2.7431588002055696e-12
9,-1.5249999999999997,1.4650011627750757e-10
10,-1.4749999999999996,6.651371931916176e-09
11,-1.4249999999999994,2.567265245392192e-07
12,-1.3749999999999996,8.423963835691765e-06
13,-1.3249999999999993,0.00023498951776752697
14,-1.2749999999999997,0.0055727136844628605
15,-1.2249999999999992,0.11234951833433975
16,-1.1749999999999994,1.9255816710400926
17,-1.1249999999999991,28.056850368593928
18,-1.0749999999999993,347.5378681070235
19,-1.024999999999999,3659.751466585034
20,-0.9749999999999992,32763.274340255513
21,-0.9249999999999989,249349.9280959428
22,-0.874999999999999,1613308.568306851
23,-0.824999999999999,8873845.794421123
24,-0.7749999999999989,41494693.27625628
25,-0.7249999999999989,164952721.02577552
26,-0.6749999999999988,557458643.0888902
27,-0.6249999999999988,1601592648.9567149
28,-0.5749999999999987,3911809745.739939
29,-0.5249999999999987,8122498240.947698
30,-0.4749999999999986,14337973443.882391
31,-0.4249999999999986,21516526436.874153
32,-0.37499999999999856,27450028224.6515
33,-0.3249999999999985,29771428481.029156
34,-0.2749999999999985,27450028224.65151
35,-0.2249999999999984,21516526436.87415
36,-0.17499999999999838,32462355999.989243
37,-0.12499999999999832,23248147042.64336
38,-0.07499999999999829,16649325788.816633
39,-0.024999999999998246,11923533033.13572
40,0.025000000000001688,8539122952.821007
41,0.07500000000000172,6115353612.117972
42,0.125000000000002,4379553966.826244
43,0.17500000000000204,3136448710.0690503
44,0.22500000000000187,2246190042.5039597
45,0.2750000000000019,1608624968.374775
46,0.3250000000000022,1152028207.726409
47,0.3750000000000022,825033191.3834387
48,0.4250000000000021,590853385.6368856
49,0.4750000000000021,423143852.83478945
50,0.5250000000000024,303037478.5766344
51,0.5750000000000024,217022444.7475044
52,0.6250000000000022,155422166.7412435
53,0.6750000000000023,111306689.69583902
54,0.7250000000000025,79713077.16789241
55,0.7750000000000026,57087086.93914135
56,0.8250000000000024,40883323.175858386
57,0.8750000000000024,29278882.55506095
58,0.9250000000000028,20968279.9019445
