,abundance,fit_val
0,-1.975,9.056605681791995e-16
1,-1.925,2.7401845559608473e-14
2,-1.875,7.488429675583831e-13
3,-1.825,1.8484098895837877e-11
4,-1.775,4.1209979425640534e-10
5,-1.7249999999999996,8.298566878723862e-09
6,-1.6749999999999998,1.5093862361847178e-07
7,-1.6249999999999996,2.479672118937139e-06
8,-1.5749999999999995,3.679465361386695e-05
9,-1.5249999999999997,0.0004931417422105692
10,-1.4749999999999996,0.005969739741147801
11,-1.4249999999999994,0.06527330711245102
12,-1.3749999999999996,0.6446328345283401
13,-1.3249999999999993,5.750237924544648
14,-1.2749999999999997,46.32930583041357
15,-1.2249999999999992,337.14937419438604
16,-1.1749999999999994,2216.08038204916
17,-1.1249999999999991,13156.647737111854
18,-1.0749999999999993,70550.73959818155
19,-1.024999999999999,341707.4766855806
20,-0.9749999999999992,1494871.90028189
21,-0.9249999999999989,5906770.016839545
22,-0.874999999999999,21081073.938263863
23,-0.824999999999999,67956654.06414042
24,-0.7749999999999989,197864476.45554942
25,-0.7249999999999989,520355631.8033557
26,-0.6749999999999988,1236030748.4483929
27,-0.6249999999999988,2651886158.9201093
28,-0.5749999999999987,5138981625.587053
29,-0.5249999999999987,8994889646.087051
30,-0.4749999999999986,14220379961.54985
31,-0.4249999999999986,20305942320.129726
32,-0.37499999999999856,26189769862.986965
33,-0.3249999999999985,30509620284.08907
34,-0.2749999999999985,32102474475.06763
35,-0.2249999999999984,30509620284.08906
36,-0.17499999999999838,26189769862.986954
37,-0.12499999999999832,20305942320.12971
38,-0.07499999999999829,23475424723.508644
39,-0.024999999999998246,12821397678.402573
40,0.025000000000001688,7002567168.172519
41,0.07500000000000172,3824539896.09634
42,0.125000000000002,2088820437.6409922
43,0.17500000000000204,1140835483.2852316
44,0.22500000000000187,623081609.3471898
45,0.2750000000000019,340303836.61341465
46,0.3250000000000022,185861208.99177444
47,0.3750000000000022,101510430.65414101
48,0.4250000000000021,55441195.005060084
49,0.4750000000000021,30279904.08258309
50,0.5250000000000024,16537749.432831457
51,0.5750000000000024,9032299.295176178
52,0.6250000000000022,4933103.557348585
53,0.6750000000000023,2694276.3865809743
54,0.7250000000000025,1471512.8443785238
55,0.7750000000000026,803685.1979832677
56,0.8250000000000024,438942.7519609592
57,0.8750000000000024,239734.08989308073
58,0.9250000000000028,130933.78031669918
