,abundance,fit_val
0,-1.975,1.4318690621770025e-10
1,-1.925,2.3562803318618004e-09
2,-1.875,3.5573391141858794e-08
3,-1.825,4.927177795121322e-07
4,-1.775,6.261031042146527e-06
5,-1.7249999999999996,7.299080223930845e-05
6,-1.6749999999999998,0.0007806656560674211
7,-1.6249999999999996,0.007660139301690299
8,-1.5749999999999995,0.06895772386043661
9,-1.5249999999999997,0.5695132404400586
10,-1.4749999999999996,4.315184702303071
11,-1.4249999999999994,29.99643275797765
12,-1.3749999999999996,191.29978785322933
13,-1.3249999999999993,1119.2678343205005
14,-1.2749999999999997,6007.97635352504
15,-1.2249999999999992,29586.736444333237
16,-1.1749999999999994,133672.03764885804
17,-1.1249999999999991,554062.4657336647
18,-1.0749999999999993,2106936.9975236994
19,-1.024999999999999,7350536.274211636
20,-0.9749999999999992,23526707.75324783
21,-0.9249999999999989,69084075.0353495
22,-0.874999999999999,186109864.7511488
23,-0.824999999999999,459976343.598554
24,-0.7749999999999989,1042980663.0708476
25,-0.7249999999999989,2169659955.5874662
26,-0.6749999999999988,4140776092.309833
27,-0.6249999999999988,7250141415.957879
28,-0.5749999999999987,11646243471.539978
29,-0.5249999999999987,17163265048.617907
30,-0.4749999999999986,23205376029.690346
31,-0.4249999999999986,28784054493.083607
32,-0.37499999999999856,32755933664.292103
33,-0.3249999999999985,34198153277.810154
34,-0.2749999999999985,32755933664.292107
35,-0.2249999999999984,28784054493.083603
36,-0.17499999999999838,23205376029.690342
37,-0.12499999999999832,17163265048.617907
38,-0.07499999999999829,26836812379.36273
39,-0.024999999999998246,17547402965.059715
40,0.025000000000001688,11473469593.392096
41,0.07500000000000172,7501993586.892296
42,0.125000000000002,4905221329.926761
43,0.17500000000000204,3207306966.7253437
44,0.22500000000000187,2097115968.2530642
45,0.2750000000000019,1371211246.6716037
46,0.3250000000000022,896574300.8313212
47,0.3750000000000022,586230224.4547515
48,0.4250000000000021,383309978.59922504
49,0.4750000000000021,250629417.53027758
50,0.5250000000000024,163875475.30361384
51,0.5750000000000024,107150914.96687983
52,0.6250000000000022,70061237.39362447
53,0.6750000000000023,45809939.99578094
54,0.7250000000000025,29953090.76011288
55,0.7750000000000026,19584999.37276043
56,0.8250000000000024,12805763.635644957
57,0.8750000000000024,8373121.651465887
58,0.9250000000000028,5474813.387551322
