,abundance,fit_val
0,-1.975,7.984298464638028e-42
1,-1.925,1.972040565326932e-38
2,-1.875,3.7375658655046354e-35
3,-1.825,5.435703943528078e-32
4,-1.775,6.066199155395944e-29
5,-1.7249999999999996,5.194831474273228e-26
6,-1.6749999999999998,3.4136594360608076e-23
7,-1.6249999999999996,1.7213248929320857e-20
8,-1.5749999999999995,6.660386572950361e-18
9,-1.5249999999999997,1.977561294585845e-15
10,-1.4749999999999996,4.5056183257115173e-13
11,-1.4249999999999994,7.877216377573652e-11
12,-1.3749999999999996,1.0567812039809019e-08
13,-1.3249999999999993,1.0879058568179497e-06
14,-1.2749999999999997,8.593923408702089e-05
15,-1.2249999999999992,0.005209374409453813
16,-1.1749999999999994,0.24231125959919136
17,-1.1249999999999991,8.648793890445608
18,-1.0749999999999993,236.8816554000051
19,-1.024999999999999,4978.531285855692
20,-0.9749999999999992,80290.65140061587
21,-0.9249999999999989,993625.323890036
22,-0.874999999999999,9435702.754560802
23,-0.824999999999999,68757452.94560604
24,-0.7749999999999989,384467150.4464038
25,-0.7249999999999989,1649653097.5114076
26,-0.6749999999999988,5431502006.252043
27,-0.6249999999999988,13722751255.381355
28,-0.5749999999999987,26604577571.007607
29,-0.5249999999999987,39579059804.35085
30,-0.4749999999999986,45182318080.89954
31,-0.4249999999999986,39579059804.350876
32,-0.37499999999999856,26604577571.00764
33,-0.3249999999999985,36910546201.60368
34,-0.2749999999999985,31133271876.027534
35,-0.2249999999999984,26260262105.37446
36,-0.17499999999999838,22149980528.514763
37,-0.12499999999999832,18683044192.20446
38,-0.07499999999999829,15758756078.295761
39,-0.024999999999998246,13292180363.136074
40,0.025000000000001688,11211675460.189474
41,0.07500000000000172,9456813193.2087
42,0.125000000000002,7976623662.431153
43,0.17500000000000204,6728114826.012348
44,0.22500000000000187,5675023798.002569
45,0.2750000000000019,4786763594.369781
46,0.3250000000000022,4037534735.3518744
47,0.3750000000000022,3405575900.6663857
48,0.4250000000000021,2872531872.8902273
49,0.4750000000000021,2422920410.9518294
50,0.5250000000000024,2043682569.0989687
51,0.5750000000000024,1723803400.3759112
52,0.6250000000000022,1453992027.9584553
53,0.6750000000000023,1226411792.0325017
54,0.7250000000000025,1034452634.343705
55,0.7750000000000026,872539109.3371626
56,0.8250000000000024,735968445.5788559
57,0.8750000000000024,620773953.9597594
58,0.9250000000000028,523609815.37970436
