,abundance,fit_val
0,-1.975,1.0023421575083605e-133
1,-1.925,2.672239310328892e-124
2,-1.875,3.413611116794993e-115
3,-1.825,2.089450485297651e-106
4,-1.775,6.128151137246148e-98
5,-1.7249999999999996,8.61204311561692e-90
6,-1.6749999999999998,5.799122291127192e-82
7,-1.6249999999999996,1.8711029477651097e-74
8,-1.5749999999999995,2.8927602609423645e-67
9,-1.5249999999999997,2.142922903253917e-60
10,-1.4749999999999996,7.606414612315926e-54
11,-1.4249999999999994,1.2936976407983836e-47
12,-1.3749999999999996,1.0543017368897745e-41
13,-1.3249999999999993,4.116957671504242e-36
14,-1.2749999999999997,7.703129972980539e-31
15,-1.2249999999999992,6.906172050134914e-26
16,-1.1749999999999994,2.9667906755458475e-21
17,-1.1249999999999991,6.1068290274872e-17
18,-1.0749999999999993,6.023153913702198e-13
19,-1.024999999999999,2.846502076891849e-09
20,-0.9749999999999992,6.445823254588179e-06
21,-0.9249999999999989,0.006993983845137808
22,-0.874999999999999,3.636220414878209
23,-0.824999999999999,905.8475638233604
24,-0.7749999999999989,108128.30238471348
25,-0.7249999999999989,6184477.197093493
26,-0.6749999999999988,169490727.78031266
27,-0.6249999999999988,2225708275.0685444
28,-0.5749999999999987,14004573282.456547
29,-0.5249999999999987,42223172781.89172
30,-0.4749999999999986,60997381564.49532
31,-0.4249999999999986,61906624999.99999
32,-0.37499999999999856,51863721008.92594
33,-0.3249999999999985,43450043624.43772
34,-0.2749999999999985,36401288882.46613
35,-0.2249999999999984,30496029963.92617
36,-0.17499999999999838,25548761379.398624
37,-0.12499999999999832,21404071572.38426
38,-0.07499999999999829,17931760881.573174
39,-0.024999999999998246,15022751499.709171
40,0.025000000000001688,12585660946.099726
41,0.07500000000000172,10543931413.17995
42,0.125000000000002,8833424809.548492
43,0.17500000000000204,7400407951.099708
44,0.22500000000000187,6199864607.835959
45,0.2750000000000019,5194081381.660174
46,0.3250000000000022,4351462992.467765
47,0.3750000000000022,3645539756.399484
48,0.4250000000000021,3054136077.566024
49,0.4750000000000021,2558673832.569289
50,0.5250000000000024,2143588764.6146564
51,0.5750000000000024,1795841554.047613
52,0.6250000000000022,1504508206.2761693
53,0.6750000000000023,1260436889.6858273
54,0.7250000000000025,1055960443.5878075
55,0.7750000000000026,884655525.0379064
56,0.8250000000000024,741140828.4585197
57,0.8750000000000024,620908039.4141482
58,0.9250000000000028,520180212.1885105
