,abundance,fit_val
0,-1.975,3.41630760897942e-27
1,-1.925,6.7103580679172605e-25
2,-1.875,1.1146403989295323e-22
3,-1.825,1.5657564953950156e-20
4,-1.775,1.8600046174822923e-18
5,-1.7249999999999996,1.8685476641391174e-16
6,-1.6749999999999998,1.5874304136364725e-14
7,-1.6249999999999996,1.1404744774993826e-12
8,-1.5749999999999995,6.929099577625657e-11
9,-1.5249999999999997,3.5601507857154364e-09
10,-1.4749999999999996,1.5468932344197906e-07
11,-1.4249999999999994,5.6839813665436805e-06
12,-1.3749999999999996,0.00017662220769753233
13,-1.3249999999999993,0.004641285993610065
14,-1.2749999999999997,0.10314108826117824
15,-1.2249999999999992,1.938319864100966
16,-1.1749999999999994,30.80488142385523
17,-1.1249999999999991,414.0130153181543
18,-1.0749999999999993,4705.532799199719
19,-1.024999999999999,45227.6448835061
20,-0.9749999999999992,367620.31259594316
21,-0.9249999999999989,2526942.6431273576
22,-0.874999999999999,14688979.563148983
23,-0.824999999999999,72208483.92207454
24,-0.7749999999999989,300182371.78980064
25,-0.7249999999999989,1055315946.3478367
26,-0.6749999999999988,3137474280.441711
27,-0.6249999999999988,7888205316.188605
28,-0.5749999999999987,16771681080.112806
29,-0.5249999999999987,30156111675.830463
30,-0.4749999999999986,45853706650.03181
31,-0.4249999999999986,58962231477.393936
32,-0.37499999999999856,64117079534.59686
33,-0.3249999999999985,58962231477.393936
34,-0.2749999999999985,45853706650.03181
35,-0.2249999999999984,30156111675.830456
36,-0.17499999999999838,38330756481.90285
37,-0.12499999999999832,27910001627.44796
38,-0.07499999999999829,20322275434.661015
39,-0.024999999999998246,14797379246.157719
40,0.025000000000001688,10774503734.024
41,0.07500000000000172,7845303467.81785
42,0.125000000000002,5712447461.296467
43,0.17500000000000204,4159438335.550966
44,0.22500000000000187,3028636566.8078256
45,0.2750000000000019,2205259151.315307
46,0.3250000000000022,1605728458.0650988
47,0.3750000000000022,1169188609.648114
48,0.4250000000000021,851328254.2044039
49,0.4750000000000021,619882703.6339725
50,0.5250000000000024,451358878.7484357
51,0.5750000000000024,328650624.11120313
52,0.6250000000000022,239302333.05299276
53,0.6750000000000023,174244630.63009116
54,0.7250000000000025,126873778.93926926
55,0.7750000000000026,92381359.03598227
56,0.8250000000000024,67266188.24383105
57,0.8750000000000024,48978929.60301805
58,0.9250000000000028,35663319.23494111
