,abundance,fit_val
0,-1.975,2.7627108305404516e-26
1,-1.925,4.752688819656621e-24
2,-1.875,6.9433934553297845e-22
3,-1.825,8.614550426747692e-20
4,-1.775,9.076573010886217e-18
5,-1.7249999999999996,8.121563407198778e-16
6,-1.6749999999999998,6.171430169294603e-14
7,-1.6249999999999996,3.9825427394913235e-12
8,-1.5749999999999995,2.1825465600392564e-10
9,-1.5249999999999997,1.0157691887973442e-08
10,-1.4749999999999996,4.014717576766186e-07
11,-1.4249999999999994,1.3475454113274737e-05
12,-1.3749999999999996,0.00038411411435201366
13,-1.3249999999999993,0.009298343115398462
14,-1.2749999999999997,0.19115220678931572
15,-1.2249999999999992,3.337194433238782
16,-1.1749999999999994,49.47800165722692
17,-1.1249999999999991,622.9758870937299
18,-1.0749999999999993,6661.296571977395
19,-1.024999999999999,60488.76924173278
20,-0.9749999999999992,466465.11752134364
21,-0.9249999999999989,3054865.143112927
22,-0.874999999999999,16989999.248873252
23,-0.824999999999999,80245949.89443314
24,-0.7749999999999989,321870615.8336737
25,-0.7249999999999989,1096397371.3777874
26,-0.6749999999999988,3171634157.233214
27,-0.6249999999999988,7791599717.273967
28,-0.5749999999999987,16255436128.533396
29,-0.5249999999999987,28800436158.80103
30,-0.4749999999999986,43333917257.34604
31,-0.4249999999999986,55371371492.74059
32,-0.37499999999999856,60085690672.14472
33,-0.3249999999999985,55371371492.74059
34,-0.2749999999999985,43333917257.34604
35,-0.2249999999999984,43192728865.12761
36,-0.17499999999999838,33202216760.562702
37,-0.12499999999999832,25522517951.05779
38,-0.07499999999999829,19619139506.847404
39,-0.024999999999998246,15081217132.543453
40,0.025000000000001688,11592919766.921526
41,0.07500000000000172,8911468321.231834
42,0.125000000000002,6850238700.600162
43,0.17500000000000204,5265773109.84748
44,0.22500000000000187,4047795654.473104
45,0.2750000000000019,3111537340.9709835
46,0.3250000000000022,2391836310.5997777
47,0.3750000000000022,1838602693.7148411
48,0.4250000000000021,1413332446.8545203
49,0.4750000000000021,1086427542.0460086
50,0.5250000000000024,835135998.4291264
51,0.5750000000000024,641968386.1831613
52,0.6250000000000022,493480594.33889604
53,0.6750000000000023,379338145.35158426
54,0.7250000000000025,291596934.44795996
55,0.7750000000000026,224150334.52710158
56,0.8250000000000024,172304186.13189632
57,0.8750000000000024,132450092.57385503
58,0.9250000000000028,101814282.15211079
