,abundance,fit_val
0,-1.975,4.61544307553353e-59
1,-1.925,1.1263046930623152e-54
2,-1.875,1.9735485509836405e-50
3,-1.825,2.4830711409247213e-46
4,-1.775,2.2432616733772488e-42
5,-1.7249999999999996,1.4551914580029848e-38
6,-1.6749999999999998,6.778127962442868e-35
7,-1.6249999999999996,2.2669858880956568e-31
8,-1.5749999999999995,5.444240428075264e-28
9,-1.5249999999999997,9.38804585485389e-25
10,-1.4749999999999996,1.162418557218033e-21
11,-1.4249999999999994,1.0334733768827963e-18
12,-1.3749999999999996,6.597592357767524e-16
13,-1.3249999999999993,3.024273681507417e-13
14,-1.2749999999999997,9.954194629502398e-11
15,-1.2249999999999992,2.3525593709180444e-08
16,-1.1749999999999994,3.9923120831331915e-06
17,-1.1249999999999991,0.00048647194605998777
18,-1.0749999999999993,0.042563814710234696
19,-1.024999999999999,2.674069643989496
20,-0.9749999999999992,120.62971737373934
21,-0.9249999999999989,3907.377155667514
22,-0.874999999999999,90879.46930121614
23,-0.824999999999999,1517733.981255907
24,-0.7749999999999989,18200149.6868233
25,-0.7249999999999989,156712517.81330135
26,-0.6749999999999988,968906441.1181058
27,-0.6249999999999988,4301395973.40641
28,-0.5749999999999987,13711546215.570055
29,-0.5249999999999987,31384330299.592556
30,-0.4749999999999986,51580877508.92616
31,-0.4249999999999986,60871501290.4323
32,-0.37499999999999856,51580877508.92614
33,-0.3249999999999985,60098342999.99999
34,-0.2749999999999985,48408173506.59987
35,-0.2249999999999984,38991944623.91544
36,-0.17499999999999838,31407335485.34329
37,-0.12499999999999832,25298064300.283432
38,-0.07499999999999829,20377152262.404976
39,-0.024999999999998246,16413442917.867203
40,0.025000000000001688,13220743750.10287
41,0.07500000000000172,10649079914.587254
42,0.125000000000002,8577649273.807548
43,0.17500000000000204,6909147800.052261
44,0.22500000000000187,5565198785.724807
45,0.2750000000000019,4482671151.483913
46,0.3250000000000022,3610713907.2713356
47,0.3750000000000022,2908367462.0760164
48,0.4250000000000021,2342639575.356102
49,0.4750000000000021,1886955569.2619624
50,0.5250000000000024,1519910001.4467607
51,0.5750000000000024,1224261159.1546087
52,0.6250000000000022,986121141.6385871
53,0.6750000000000023,794303485.5880644
54,0.7250000000000025,639797688.7190387
55,0.7750000000000026,515345947.635076
56,0.8250000000000024,415102227.5113625
57,0.8750000000000024,334357648.63510627
58,0.9250000000000028,269319290.0241355
