,abundance,fit_val
0,-1.975,6.600042169825802e-40
1,-1.925,7.82891657223819e-37
2,-1.875,7.417616892648009e-34
3,-1.825,5.613515318598253e-31
4,-1.775,3.3932292691293923e-28
5,-1.7249999999999996,1.6383220484801966e-25
6,-1.6749999999999998,6.318196473334152e-23
7,-1.6249999999999996,1.946232662399581e-20
8,-1.5749999999999995,4.788551537904066e-18
9,-1.5249999999999997,9.410687550370358e-16
10,-1.4749999999999996,1.4772238882593227e-13
11,-1.4249999999999994,1.852162422887328e-11
12,-1.3749999999999996,1.8548961292873932e-09
13,-1.3249999999999993,1.483774490333243e-07
14,-1.2749999999999997,9.480341565547402e-06
15,-1.2249999999999992,0.0004838244910697629
16,-1.1749999999999994,0.019722387679032397
17,-1.1249999999999991,0.6421535880643806
18,-1.0749999999999993,16.70037083712299
19,-1.024999999999999,346.9134160611841
20,-0.9749999999999992,5756.040689187939
21,-0.9249999999999989,76284.16455283335
22,-0.874999999999999,807518.931111343
23,-0.824999999999999,6827768.850945293
24,-0.7749999999999989,46111864.89046307
25,-0.7249999999999989,248744990.1040375
26,-0.6749999999999988,1071775382.6320735
27,-0.6249999999999988,3688595158.826854
28,-0.5749999999999987,10139720536.266968
29,-0.5249999999999987,22263772635.076565
30,-0.4749999999999986,39046248161.968216
31,-0.4249999999999986,54697520701.94584
32,-0.37499999999999856,61201737486.00346
33,-0.3249999999999985,54697520701.94584
34,-0.2749999999999985,60759489999.99999
35,-0.2249999999999984,47553208135.355804
36,-0.17499999999999838,37217356563.79721
37,-0.12499999999999832,29128037495.47602
38,-0.07499999999999829,22796959447.76396
39,-0.024999999999998246,17841962753.024853
40,0.025000000000001688,13963951447.549307
41,0.07500000000000172,10928839092.91068
42,0.125000000000002,8553418734.472498
43,0.17500000000000204,6694304072.486827
44,0.22500000000000187,5239274307.278195
45,0.2750000000000019,4100500211.773047
46,0.3250000000000022,3209242540.210824
47,0.3750000000000022,2511702755.758538
48,0.4250000000000021,1965775616.5947526
49,0.4750000000000021,1538507598.4564342
50,0.5250000000000024,1204107737.6920905
51,0.5750000000000024,942390824.3447139
52,0.6250000000000022,737558972.5146444
53,0.6750000000000023,577248020.5493511
54,0.7250000000000025,451781199.3962659
55,0.7750000000000026,353585018.6782559
56,0.8250000000000024,276732111.91783875
57,0.8750000000000024,216583445.90722507
58,0.9250000000000028,169508297.08904457
