,abundance,fit_val
0,-1.975,1.0915988643538234e-11
1,-1.925,1.8453976393362574e-10
2,-1.875,2.8742322899735385e-09
3,-1.825,4.124381073375137e-08
4,-1.775,5.452563401695529e-07
5,-1.7249999999999996,6.641217153736762e-06
6,-1.6749999999999998,7.452460032163612e-05
7,-1.6249999999999996,0.0007704716229826787
8,-1.5749999999999995,0.007338691951914144
9,-1.5249999999999997,0.06439997313797116
10,-1.4749999999999996,0.5206642176282537
11,-1.4249999999999994,3.878241021107806
12,-1.3749999999999996,26.614412093297787
13,-1.3249999999999993,168.26894677301038
14,-1.2749999999999997,980.1580102172458
15,-1.2249999999999992,5260.090646570588
16,-1.1749999999999994,26007.306807640947
17,-1.1249999999999991,118468.40778271058
18,-1.0749999999999993,497181.24769378244
19,-1.024999999999999,1922347.7159874716
20,-0.9749999999999992,6847848.916187623
21,-0.9249999999999989,22474053.568547662
22,-0.874999999999999,67953788.04815029
23,-0.824999999999999,189300145.87413877
24,-0.7749999999999989,485839972.81060064
25,-0.7249999999999989,1148789762.8241358
26,-0.6749999999999988,2502608340.4176736
27,-0.6249999999999988,5022850317.153112
28,-0.5749999999999987,9287794605.111515
29,-0.5249999999999987,15822677884.11819
30,-0.4749999999999986,24834326635.079014
31,-0.4249999999999986,35911190996.27307
32,-0.37499999999999856,47842321636.01664
33,-0.3249999999999985,58721846290.18045
34,-0.2749999999999985,66403684151.065475
35,-0.2249999999999984,69181450949.80367
36,-0.17499999999999838,63048402674.76037
37,-0.12499999999999832,46000742824.1352
38,-0.07499999999999829,33562600329.275818
39,-0.024999999999998246,24487607627.75535
40,0.025000000000001688,17866402526.8581
41,0.07500000000000172,13035505309.62921
42,0.125000000000002,9510834563.473425
43,0.17500000000000204,6939199666.233261
44,0.22500000000000187,5062909220.688432
45,0.2750000000000019,3693949015.714958
46,0.3250000000000022,2695142009.4484854
47,0.3750000000000022,1966402465.2728283
48,0.4250000000000021,1434706832.469404
49,0.4750000000000021,1046776400.8060259
50,0.5250000000000024,763738492.4127232
51,0.5750000000000024,557231214.1768937
52,0.6250000000000022,406561446.2774234
53,0.6750000000000023,296631282.30055964
54,0.7250000000000025,216425139.28689837
55,0.7750000000000026,157905938.14678437
56,0.8250000000000024,115209745.8926091
57,0.8750000000000024,84058178.58667937
58,0.9250000000000028,61329684.67699175
