,abundance,fit_val
0,-1.975,2.3427177777116328e-24
1,-1.925,2.0659033160318358e-22
2,-1.875,1.5999702070933912e-20
3,-1.825,1.08824249885566e-18
4,-1.775,6.500568698469633e-17
5,-1.7249999999999996,3.4102711089597338e-15
6,-1.6749999999999998,1.5712248631781346e-13
7,-1.6249999999999996,6.357694616168485e-12
8,-1.5749999999999995,2.2592946154433482e-10
9,-1.5249999999999997,7.051117547270132e-09
10,-1.4749999999999996,1.9326576302830476e-07
11,-1.4249999999999994,4.652257879936899e-06
12,-1.3749999999999996,9.835229946018535e-05
13,-1.3249999999999993,0.0018260688139284254
14,-1.2749999999999997,0.029775676985708138
15,-1.2249999999999992,0.4264008216634303
16,-1.1749999999999994,5.362734604997232
17,-1.1249999999999991,59.23337249424134
18,-1.0749999999999993,574.5905764784353
19,-1.024999999999999,4895.109617199193
20,-0.9749999999999992,36625.05009427724
21,-0.9249999999999989,240661.11070928237
22,-0.874999999999999,1388818.4892551475
23,-0.824999999999999,7038772.781238111
24,-0.7749999999999989,31329992.131333955
25,-0.7249999999999989,122471633.14401177
26,-0.6749999999999988,420457995.94732666
27,-0.6249999999999988,1267714933.526971
28,-0.5749999999999987,3356854210.729171
29,-0.5249999999999987,7806479748.621004
30,-0.4749999999999986,15943728055.625282
31,-0.4249999999999986,28598048772.72039
32,-0.37499999999999856,45050001551.67409
33,-0.3249999999999985,62325403887.463036
34,-0.2749999999999985,75726393925.3755
35,-0.2249999999999984,80805576781.7334
36,-0.17499999999999838,63934898649.07239
37,-0.12499999999999832,47534598297.97642
38,-0.07499999999999829,35341231206.95313
39,-0.024999999999998246,26275653270.35674
40,0.025000000000001688,19535537704.984535
41,0.07500000000000172,14524367082.18486
42,0.125000000000002,10798640013.078764
43,0.17500000000000204,8028620143.8062525
44,0.22500000000000187,5969153646.705742
45,0.2750000000000019,4437972480.921031
46,0.3250000000000022,3299563205.6283164
47,0.3750000000000022,2453173694.686086
48,0.4250000000000021,1823896316.347062
49,0.4750000000000021,1356038416.6805027
50,0.5250000000000024,1008193377.5688684
51,0.5750000000000024,749576025.3326302
52,0.6250000000000022,557298064.294302
53,0.6750000000000023,414342404.1988972
54,0.7250000000000025,308057104.29789025
55,0.7750000000000026,229035644.30457583
56,0.8250000000000024,170284423.34277788
57,0.8750000000000024,126603808.42128609
58,0.9250000000000028,94127953.64440759
