,abundance,fit_val
0,-1.975,1.2762435472718275e-86
1,-1.925,5.236190306449515e-81
2,-1.875,1.460638026484619e-75
3,-1.825,2.7702253622553234e-70
4,-1.775,3.5721765624416835e-65
5,-1.7249999999999996,3.13181463920266e-60
6,-1.6749999999999998,1.866828835531204e-55
7,-1.6249999999999996,7.56585944096446e-51
8,-1.5749999999999995,2.084766186145645e-46
9,-1.5249999999999997,3.905725863626079e-42
10,-1.4749999999999996,4.974981594532306e-38
11,-1.4249999999999994,4.308504160289364e-34
12,-1.3749999999999996,2.5369205850931177e-30
13,-1.3249999999999993,1.015623042807208e-26
14,-1.2749999999999997,2.764416882463098e-23
15,-1.2249999999999992,5.115874062628899e-20
16,-1.1749999999999994,6.436969788360452e-17
17,-1.1249999999999991,5.506661923483094e-14
18,-1.0749999999999993,3.202880055508305e-11
19,-1.024999999999999,1.2665964122949606e-08
20,-0.9749999999999992,3.405502076924742e-06
21,-0.9249999999999989,0.0006225430125678748
22,-0.874999999999999,0.07737539764618324
23,-0.824999999999999,6.538554416556695
24,-0.7749999999999989,375.66947549876096
25,-0.7249999999999989,14674.908162560148
26,-0.6749999999999988,389753.65191556356
27,-0.6249999999999988,7038017.003446938
28,-0.5749999999999987,86408357.09312858
29,-0.5249999999999987,721284337.1412932
30,-0.4749999999999986,4093573312.4525547
31,-0.4249999999999986,15795884929.946043
32,-0.37499999999999856,41441042064.77417
33,-0.3249999999999985,73920124766.75687
34,-0.2749999999999985,89647881793.85052
35,-0.2249999999999984,73920124766.75679
36,-0.17499999999999838,63910778636.12889
37,-0.12499999999999832,48161993548.335594
38,-0.07499999999999829,36293997226.29349
39,-0.024999999999998246,27350492320.053093
40,0.025000000000001688,20610830641.915443
41,0.07500000000000172,15531944901.710478
42,0.125000000000002,11704589524.847523
43,0.17500000000000204,8820364533.361399
44,0.22500000000000187,6646865345.95866
45,0.2750000000000019,5008956121.960754
46,0.3250000000000022,3774657695.8991294
47,0.3750000000000022,2844512983.2028055
48,0.4250000000000021,2143572944.4817867
49,0.4750000000000021,1615357354.825865
50,0.5250000000000024,1217303750.0344243
51,0.5750000000000024,917337835.7556146
52,0.6250000000000022,691289010.5571424
53,0.6750000000000023,520942751.3947907
54,0.7250000000000025,392572926.93262285
55,0.7750000000000026,295835775.7120484
56,0.8250000000000024,222936428.33442342
57,0.8750000000000024,168000813.82613292
58,0.9250000000000028,126602339.7661334
