,abundance,fit_val
0,-2.975,2997.013726577134
1,-2.9250000000000003,5967.387110022515
2,-2.8750000000000004,11552.386567197467
3,-2.8250000000000006,21744.59059061701
4,-2.7750000000000012,39794.47491832375
5,-2.725000000000001,70808.6547148149
6,-2.6750000000000007,122501.64745369322
7,-2.6250000000000013,206058.02669373326
8,-2.575000000000001,336999.42893184663
9,-2.5250000000000017,535871.6907820964
10,-2.475000000000002,828484.6865715695
11,-2.425000000000002,1245375.0982877314
12,-2.375000000000002,1820152.9796137037
13,-2.3250000000000024,2586471.0724533885
14,-2.2750000000000026,3573546.0370003544
15,-2.2250000000000028,4800463.350901211
16,-2.1750000000000034,6269876.070492464
17,-2.125000000000003,7962084.387774207
18,-2.0750000000000037,9830749.208381154
19,-2.0250000000000035,11801534.463353733
20,-1.975000000000004,13774706.758601846
21,-1.925000000000004,15632133.907904569
22,-1.8750000000000042,17248295.832332622
23,-1.825000000000004,18504022.133596182
24,-1.7750000000000044,19300924.300226025
25,-1.7250000000000043,27285519.999999996
26,-1.6750000000000047,15738298.689643849
27,-1.6250000000000049,9077856.88689256
28,-1.5750000000000048,5236111.430082876
29,-1.5250000000000052,3020191.1365039963
30,-1.4750000000000054,1742047.4378393637
31,-1.4250000000000056,1004813.6487134792
32,-1.3750000000000058,579576.9085904747
33,-1.3250000000000057,334300.189295174
34,-1.275000000000006,192824.48093831152
35,-1.2250000000000063,111221.23660031708
36,-1.1750000000000065,64152.45310506578
37,-1.1250000000000069,37003.16023447218
38,-1.0750000000000068,21343.437406759058
39,-1.0250000000000072,12310.903107996168
40,-0.9750000000000072,7100.933764608754
41,-0.9250000000000074,4095.8213940137307
42,-0.8750000000000075,2362.4713942934322
43,-0.8250000000000077,1362.674431314827
44,-0.7750000000000079,785.9911490333805
45,-0.7250000000000081,453.3600045336746
46,-0.6750000000000083,261.4982292911863
47,-0.6250000000000084,150.83228171563735
48,-0.5750000000000086,87.00011953890558
49,-0.5250000000000088,50.18170323812827
50,-0.475000000000009,28.944826205134788
51,-0.4250000000000092,16.695387162723677
52,-0.3750000000000093,9.629905895368328
53,-0.3250000000000095,5.554533515742733
54,-0.2750000000000097,3.2038571210076405
55,-0.22500000000000986,1.8479860500866572
56,-0.17500000000001004,1.0659190820097584
57,-0.1250000000000102,0.6148225465983616
58,-0.07500000000001039,0.3546298871889732
