,abundance,fit_val
0,-2.975,0.622779072197726
1,-2.9250000000000003,2.1992761385728574
2,-2.8750000000000004,7.428559132785518
3,-2.8250000000000006,23.99984724923051
4,-2.7750000000000012,74.16370892423768
5,-2.725000000000001,219.20652338415363
6,-2.6750000000000007,619.7186669593056
7,-2.6250000000000013,1675.7713151930484
8,-2.575000000000001,4334.2503871072995
9,-2.5250000000000017,10722.407576586253
10,-2.475000000000002,25371.707538350907
11,-2.425000000000002,57423.03624319691
12,-2.375000000000002,124308.74385271329
13,-2.3250000000000024,257392.7287334551
14,-2.2750000000000026,509764.913895921
15,-2.2250000000000028,965656.5204657296
16,-2.1750000000000034,1749663.3085275653
17,-2.125000000000003,3032252.494428181
18,-2.0750000000000037,5026379.897666736
19,-2.0250000000000035,7969376.1903863195
20,-1.975000000000004,12085716.885522176
21,-1.925000000000004,17530712.814987574
22,-1.8750000000000042,24322365.161247406
23,-1.825000000000004,32276847.024639145
24,-1.7750000000000044,40969010.396879226
25,-1.7250000000000043,49739213.51940453
26,-1.6750000000000047,57759233.91602635
27,-1.6250000000000049,64153891.48457293
28,-1.5750000000000048,68155931.2801878
29,-1.5250000000000052,69256952.56214179
30,-1.4750000000000054,67313499.56072944
31,-1.4250000000000056,62577762.66822766
32,-1.3750000000000058,55643823.49300193
33,-1.3250000000000057,47325255.482330434
34,-1.275000000000006,38498875.12530124
35,-1.2250000000000063,29955887.00977887
36,-1.1750000000000065,22294379.916912775
37,-1.1250000000000069,15870393.01593866
38,-1.0750000000000068,10805852.529235022
39,-1.0250000000000072,7037355.024637901
40,-0.9750000000000072,4383681.13349231
41,-0.9250000000000074,2611845.7315048343
42,-0.8750000000000075,1488453.1092551788
43,-0.8250000000000077,811338.0870929717
44,-0.7750000000000079,423007.08382332907
45,-0.7250000000000081,210946.57922198332
46,-0.6750000000000083,100618.16767896303
47,-0.6250000000000084,45904.9365857749
48,-0.5750000000000086,20031.867993615873
49,-0.5250000000000088,8361.083830057227
50,-0.475000000000009,3337.9726681747384
51,-0.4250000000000092,1274.623863637019
52,-0.3750000000000093,465.54362538054806
53,-0.3250000000000095,162.63641546137603
54,-0.2750000000000097,54.34433435975414
55,-0.22500000000000986,17.368800378803773
56,-0.17500000000001004,5.309632272326698
57,-0.1250000000000102,0.00041676977479766477
58,-0.07500000000001039,3.2713573422059885e-08
