abundance,num_val
-1.975,0.0
-1.9249999999999998,0.0
-1.875,0.0
-1.8249999999999997,0.0
-1.775,0.0
-1.7249999999999996,0.0
-1.6749999999999998,0.0
-1.6249999999999996,0.0
-1.5749999999999997,0.0
-1.5249999999999995,0.0
-1.4749999999999996,0.0
-1.4249999999999994,0.0
-1.3749999999999996,0.0
-1.3249999999999993,0.0
-1.2749999999999995,0.0
-1.2249999999999992,0.0
-1.1749999999999994,0.0
-1.1249999999999991,283773.34
-1.0749999999999993,283316.6
-1.024999999999999,707047.2
-0.9749999999999991,1558895.9
-0.924999999999999,2546014.2
-0.874999999999999,4108232.5
-0.824999999999999,9638651.0
-0.7749999999999989,26866350.0
-0.7249999999999989,52263320.0
-0.6749999999999988,84999480.0
-0.6249999999999988,184820270.0
-0.5749999999999987,323543100.0
-0.5249999999999987,592179260.0
-0.47499999999999865,1166535700.0
-0.4249999999999986,1928334700.0
-0.37499999999999856,2772874200.0
-0.3249999999999985,3869088500.0
-0.27499999999999847,5343543000.0
-0.22499999999999842,7141256700.0
-0.17499999999999838,9601828000.0
-0.12499999999999833,18194665000.0
-0.07499999999999829,26041692000.0
-0.024999999999998246,13523850000.0
0.025000000000001688,2862336000.0
0.07500000000000173,854446100.0
0.125000000000002,471449600.0
0.17500000000000204,296325120.0
0.22500000000000187,218583040.0
0.2750000000000019,183050240.0
0.3250000000000022,159836160.0
0.3750000000000022,137512960.0
0.42500000000000204,121006080.0
0.4750000000000021,126228480.0
0.5250000000000024,112578560.0
0.5750000000000024,96849920.0
0.6250000000000022,94064640.0
0.6750000000000023,71628800.0
0.7250000000000025,72222720.0
0.7750000000000026,67102720.0
0.8250000000000024,78049280.0
0.8750000000000024,102113280.0
0.9250000000000027,60354560.0
0.9750000000000028,13957120.0
1.0250000000000026,2836480.0
1.0750000000000026,0.0
1.1250000000000029,0.0
1.175000000000003,0.0
1.2250000000000028,0.0
1.2750000000000028,0.0
1.325000000000003,0.0
1.375000000000003,0.0
1.425000000000003,0.0
1.475000000000003,0.0
1.5250000000000032,0.0
1.5750000000000033,0.0
1.625000000000003,0.0
1.6750000000000032,0.0
1.7250000000000034,0.0
1.7750000000000035,0.0
1.8250000000000033,0.0
1.8750000000000033,0.0
1.9250000000000036,0.0
