abundance,num_val
-1.975,0.0
-1.9249999999999998,141386.27
-1.875,282768.8
-1.8249999999999997,848465.9
-1.775,2264838.8
-1.7249999999999996,2689791.5
-1.6749999999999998,4815583.5
-1.6249999999999996,7081207.5
-1.5749999999999997,7932870.0
-1.5249999999999995,6244962.5
-1.4749999999999996,9360315.0
-1.4249999999999994,7528635.0
-1.3749999999999996,6112595.0
-1.3249999999999993,3558095.0
-1.2749999999999995,2285205.0
-1.2249999999999992,2432955.0
-1.1749999999999994,1148720.0
-1.1249999999999991,1428030.0
-1.0749999999999993,992695.0
-1.024999999999999,720495.0
-0.9749999999999991,716040.0
-0.924999999999999,149185.0
-0.874999999999999,0.0
-0.824999999999999,0.0
-0.7749999999999989,284195.0
-0.7249999999999989,0.0
-0.6749999999999988,285695.0
-0.6249999999999988,141765.0
-0.5749999999999987,283920.0
-0.5249999999999987,141390.0
-0.47499999999999865,142410.0
-0.4249999999999986,141400.0
-0.37499999999999856,156585.0
-0.3249999999999985,0.0
-0.27499999999999847,0.0
-0.22499999999999842,0.0
-0.17499999999999838,141770.0
-0.12499999999999833,0.0
-0.07499999999999829,0.0
-0.024999999999998246,0.0
0.025000000000001688,0.0
0.07500000000000173,0.0
0.125000000000002,0.0
0.17500000000000204,0.0
0.22500000000000187,0.0
0.2750000000000019,0.0
0.3250000000000022,0.0
0.3750000000000022,0.0
0.42500000000000204,0.0
0.4750000000000021,0.0
0.5250000000000024,0.0
0.5750000000000024,247535.0
0.6250000000000022,0.0
0.6750000000000023,0.0
0.7250000000000025,0.0
0.7750000000000026,0.0
0.8250000000000024,0.0
0.8750000000000024,0.0
0.9250000000000027,0.0
