,params,fit_val
0,A,148368921.5903585
1,mu,-1.5081885589844586
2,sigma,0.20037367305977544
3,alpha,0.0
4,z_T,-0.07500000000001394
