,params,fit_val
0,A,37870247.5058687
1,mu,-1.4992904056883438
2,sigma,0.19540214403331796
3,alpha,170.24733325553603
4,z_T,-0.1750000000000136
