,abundance,fit_val
0,-1.975,1.9057245494401366e-104
1,-1.925,7.1284457984560635e-96
2,-1.875,1.229521298970727e-87
3,-1.825,9.778758989622892e-80
4,-1.775,3.586228107219088e-72
5,-1.7249999999999996,6.064549692832486e-65
6,-1.6749999999999998,4.728960532257624e-58
7,-1.6249999999999996,1.7003538194346246e-51
8,-1.5749999999999995,2.819157856894976e-45
9,-1.5249999999999997,2.1552912676212756e-39
10,-1.4749999999999996,7.597995386629538e-34
11,-1.4249999999999994,1.2350898797657962e-28
12,-1.3749999999999996,9.257731528796457e-24
13,-1.3249999999999993,3.199757625657546e-19
14,-1.2749999999999997,5.0995994394371134e-15
15,-1.2249999999999992,3.747671604119446e-11
16,-1.1749999999999994,1.2699700323223673e-07
17,-1.1249999999999991,0.00019844122496944294
18,-1.0749999999999993,0.14298049853037495
19,-1.024999999999999,47.503782977104024
20,-0.9749999999999992,7277.564559792698
21,-0.9249999999999989,514103.3322701943
22,-0.874999999999999,16746391.976330511
23,-0.824999999999999,251535083.12460363
24,-0.7749999999999989,1742137237.3784506
25,-0.7249999999999989,5563814494.07314
26,-0.6749999999999988,8193498920.154225
27,-0.6249999999999988,6414668156.599277
28,-0.5749999999999987,2763315994.339029
29,-0.5249999999999987,1190383523.8482642
30,-0.4749999999999986,512794387.88481814
31,-0.4249999999999986,220901985.770163
32,-0.37499999999999856,95160338.0810829
33,-0.3249999999999985,40993248.25955962
34,-0.2749999999999985,17659105.00904313
35,-0.2249999999999984,7607203.6972012725
36,-0.17499999999999838,3277037.4297609134
37,-0.12499999999999832,1411684.863914573
38,-0.07499999999999829,608126.7601361824
39,-0.024999999999998246,261969.3430502837
40,0.025000000000001688,112851.367834609
41,0.07500000000000172,48614.20452429694
42,0.125000000000002,20942.06678109382
43,0.17500000000000204,9021.440654132299
44,0.22500000000000187,3886.263582613809
45,0.2750000000000019,1674.1278042584327
46,0.3250000000000022,721.1821446002189
47,0.3750000000000022,310.67143402504666
48,0.4250000000000021,133.8312944127074
49,0.4750000000000021,57.65195445274437
50,0.5250000000000024,24.8353560862346
51,0.5750000000000024,10.698595004886418
52,0.6250000000000022,4.608749505388517
53,0.6750000000000023,1.9853608809117078
54,0.7250000000000025,0.8552553838836169
55,0.7750000000000026,0.3684276136870464
56,0.8250000000000024,0.15871154871981935
57,0.8750000000000024,0.06836989074993763
58,0.9250000000000028,0.029452437449340008
