,abundance,fit_val
0,-1.975,3.432305259294263e-43
1,-1.925,1.1769024346073773e-39
2,-1.875,3.032874963559625e-36
3,-1.825,5.873920171706565e-33
4,-1.775,8.54990055360314e-30
5,-1.7249999999999996,9.353056889901874e-27
6,-1.6749999999999998,7.68963237895112e-24
7,-1.6249999999999996,4.751350501412271e-21
8,-1.5749999999999995,2.2064193087000716e-18
9,-1.5249999999999997,7.700492800283089e-16
10,-1.4749999999999996,2.019800512914591e-13
11,-1.4249999999999994,3.981602738479499e-11
12,-1.3749999999999996,5.898843361270922e-09
13,-1.3249999999999993,6.568032466088969e-07
14,-1.2749999999999997,5.49620859562272e-05
15,-1.2249999999999992,0.0034566118335498655
16,-1.1749999999999994,0.1633794791086074
17,-1.1249999999999991,5.803685780076473
18,-1.0749999999999993,154.9422164746298
19,-1.024999999999999,3108.8167762991
20,-0.9749999999999992,46879.17699906266
21,-0.9249999999999989,531281.0429627813
22,-0.874999999999999,4525099.677854293
23,-0.824999999999999,28966196.322985757
24,-0.7749999999999989,139352344.18225646
25,-0.7249999999999989,503844563.6914097
26,-0.6749999999999988,1369110069.3094008
27,-0.6249999999999988,2796015929.4696484
28,-0.5749999999999987,4291413938.1562033
29,-0.5249999999999987,4950176256.916848
30,-0.4749999999999986,2374698464.954026
31,-0.4249999999999986,664183662.863024
32,-0.37499999999999856,185766717.13251936
33,-0.3249999999999985,51957425.51907722
34,-0.2749999999999985,14532065.314179398
35,-0.2249999999999984,4064499.350877883
36,-0.17499999999999838,1136807.0963160014
37,-0.12499999999999832,317955.61093035765
38,-0.07499999999999829,88929.57375944724
39,-0.024999999999998246,24872.871612160852
40,0.025000000000001688,6956.737967827262
41,0.07500000000000172,1945.74249035834
42,0.125000000000002,544.2081987699585
43,0.17500000000000204,152.21056490054912
44,0.22500000000000187,42.57204525714559
45,0.2750000000000019,11.907051514857807
46,0.3250000000000022,3.3303045442403345
47,0.3750000000000022,0.9314588371057624
48,0.4250000000000021,0.26052138886905557
49,0.4750000000000021,0.07286569342039022
50,0.5250000000000024,0.020379936176000122
51,0.5750000000000024,0.0057001008161903805
52,0.6250000000000022,0.0015942713968357001
53,0.6750000000000023,0.00044590461971287786
54,0.7250000000000025,0.0001247158609731843
55,0.7750000000000026,3.4882002317666616e-05
56,0.8250000000000024,9.756209644828725e-06
57,0.8750000000000024,2.7287317329728014e-06
58,0.9250000000000028,7.632038610895864e-07
