,abundance,fit_val
0,-1.975,8.328619620339618e-50
1,-1.925,2.7712062350148934e-46
2,-1.875,7.184432820324182e-43
3,-1.825,1.4512557377375237e-39
4,-1.775,2.2841426985551313e-36
5,-1.7249999999999996,2.801111108526413e-33
6,-1.6749999999999998,2.6764877515371344e-30
7,-1.6249999999999996,1.9926361530542234e-27
8,-1.5749999999999995,1.155895497042739e-24
9,-1.5249999999999997,5.224406475608059e-22
10,-1.4749999999999996,1.8398531777392558e-19
11,-1.4249999999999994,5.048439967418822e-17
12,-1.3749999999999996,1.0793419238964469e-14
13,-1.3249999999999993,1.7979959834368263e-12
14,-1.2749999999999997,2.333706356232357e-10
15,-1.2249999999999992,2.360106070066948e-08
16,-1.1749999999999994,1.8597075559031785e-06
17,-1.1249999999999991,0.00011417883573172005
18,-1.0749999999999993,0.00546203383173251
19,-1.024999999999999,0.20358744044242885
20,-0.9749999999999992,5.912557805881821
21,-0.9249999999999989,133.79122745440895
22,-0.874999999999999,2358.890044300967
23,-0.824999999999999,32405.265026477726
24,-0.7749999999999989,346857.6511736118
25,-0.7249999999999989,2892775.968446838
26,-0.6749999999999988,18797761.88300548
27,-0.6249999999999988,95175530.8726047
28,-0.5749999999999987,375467449.7001173
29,-0.5249999999999987,1154109719.75175
30,-0.4749999999999986,2764074378.8853965
31,-0.4249999999999986,5157986166.308822
32,-0.37499999999999856,7499605892.537782
33,-0.3249999999999985,8496196166.501987
34,-0.2749999999999985,7499605892.537784
35,-0.2249999999999984,3194357963.6164184
36,-0.17499999999999838,1110153133.7907517
37,-0.12499999999999832,385817743.1906057
38,-0.07499999999999829,134085403.56266691
39,-0.024999999999998246,46599452.114054576
40,0.025000000000001688,16194968.875304762
41,0.07500000000000172,5628328.338070437
42,0.125000000000002,1956044.505243326
43,0.17500000000000204,679795.1144059116
44,0.22500000000000187,236253.00770580478
45,0.2750000000000019,82106.33243343794
46,0.3250000000000022,28534.87407900018
47,0.3750000000000022,9916.8847830889
48,0.4250000000000021,3446.470572422669
49,0.4750000000000021,1197.7712423190644
50,0.5250000000000024,416.2681557202641
51,0.5750000000000024,144.66800616389534
52,0.6250000000000022,50.27728333248056
53,0.6750000000000023,17.47314618016337
54,0.7250000000000025,6.072540463540086
55,0.7750000000000026,2.1104240358954707
56,0.8250000000000024,0.7334474982961019
57,0.8750000000000024,0.2548991215069013
58,0.9250000000000028,0.08858652091108424
