,abundance,fit_val
0,-0.975,1.4985736533303556e-40
1,-0.925,2.8199616658764495e-36
2,-0.8749999999999999,3.4263178176899007e-32
3,-0.8249999999999998,2.6880132994189685e-28
4,-0.7749999999999998,1.3616155732611638e-24
5,-0.7249999999999998,4.453453633901201e-21
6,-0.6749999999999997,9.404997591391701e-18
7,-0.6249999999999997,1.2824480176358246e-14
8,-0.5749999999999996,1.1291202099955036e-11
9,-0.5249999999999996,6.4188897965363e-09
10,-0.4749999999999995,2.3561285756794638e-06
11,-0.4249999999999995,0.0005584153937679092
12,-0.37499999999999933,0.08545453310528561
13,-0.3249999999999994,8.44368761798039
14,-0.27499999999999936,538.7019384518252
15,-0.2249999999999993,22191.3767770611
16,-0.17499999999999927,590254.4696252176
17,-0.12499999999999922,10137098.115874846
18,-0.07499999999999918,112410620.20892547
19,-0.02499999999999913,804860040.7557731
20,0.02500000000000091,3720940427.761736
21,0.07500000000000095,11107194990.09117
22,0.125000000000001,21407965862.212967
23,0.17500000000000104,26641933464.7557
24,0.2250000000000011,21407965862.212967
25,0.27500000000000113,11107194990.09117
26,0.3250000000000012,3720940427.761736
27,0.3750000000000012,367191739.4686551
28,0.4250000000000013,258522028.47868708
29,0.4750000000000013,182012915.9371798
30,0.5250000000000014,128146532.66843773
31,0.5750000000000014,90221805.14162377
32,0.6250000000000014,63520830.049098864
33,0.6750000000000015,44721958.774741955
34,0.7250000000000015,31486578.42008307
35,0.7750000000000016,22168184.215669125
36,0.8250000000000016,15607551.41010795
37,0.8750000000000017,10988525.656827679
38,0.9250000000000016,7736491.967123056
39,0.9750000000000018,5446891.587332267
40,1.0250000000000017,3834894.1729960684
41,1.0750000000000015,2699964.3892824342
42,1.125000000000002,1900914.9599812746
43,1.175000000000002,1338342.7201574938
44,1.225000000000002,942262.6862888181
45,1.275000000000002,663401.8003010029
46,1.3250000000000022,467069.2738306228
47,1.3750000000000022,328840.9926799773
48,1.425000000000002,231521.11373090942
49,1.475000000000002,163002.87158956844
50,1.5250000000000024,114762.47551800765
51,1.5750000000000024,80798.73476207013
52,1.6250000000000022,56886.49978735409
53,1.6750000000000025,40051.04619009155
54,1.7250000000000023,28198.013710055013
55,1.7750000000000026,19852.864102939682
56,1.8250000000000024,13977.445969864502
57,1.8750000000000024,9840.846883727543
58,1.9250000000000027,6928.466588085051
