,abundance,fit_val
0,-0.975,3.002169862669409e-52
1,-0.925,3.506412603258229e-47
2,-0.8749999999999999,2.492616999770934e-42
3,-0.8249999999999998,1.0784819050313646e-37
4,-0.7749999999999998,2.8401086157653245e-33
5,-0.7249999999999998,4.552205006412928e-29
6,-0.6749999999999997,4.44092512674238e-25
7,-0.6249999999999997,2.6368769652239546e-21
8,-0.5749999999999996,9.529520704363288e-18
9,-0.5249999999999996,2.0961242666746736e-14
10,-0.4749999999999995,2.8062591209488186e-11
11,-0.4249999999999995,2.2866689269581807e-08
12,-0.37499999999999933,1.1340797267972886e-05
13,-0.3249999999999994,0.0034233291630405105
14,-0.27499999999999936,0.6289534576706246
15,-0.2249999999999993,70.33202704753576
16,-0.17499999999999927,4786.879952193316
17,-0.12499999999999922,198297.2603756674
18,-0.07499999999999918,4999719.830008715
19,-0.02499999999999913,76725441.98666258
20,0.02500000000000091,716634819.6332924
21,0.07500000000000095,4074001539.4273767
22,0.125000000000001,14096433538.969982
23,0.17500000000000104,29686710935.37245
24,0.2250000000000011,38052193415.85301
25,0.27500000000000113,29686710935.37245
26,0.3250000000000012,14096433538.969982
27,0.3750000000000012,4074001539.4273767
28,0.4250000000000013,994129735.678901
29,0.4750000000000013,612628652.7960546
30,0.5250000000000014,377530067.5121674
31,0.5750000000000014,232651462.2279508
32,0.6250000000000014,143370575.04713628
33,0.6750000000000015,88351569.30673712
34,0.7250000000000015,54446317.14978322
35,0.7750000000000016,33552335.000219744
36,0.8250000000000016,20676498.299599934
37,0.8750000000000017,12741813.108701937
38,0.9250000000000016,7852093.664246341
39,0.9750000000000018,4838822.731593052
40,1.0250000000000017,2981906.0277382825
41,1.0750000000000015,1837588.2009908909
42,1.125000000000002,1132406.7106776338
43,1.175000000000002,697841.3105266237
44,1.225000000000002,430042.0423913809
45,1.275000000000002,265011.7661916423
46,1.3250000000000022,163312.48877312298
47,1.3750000000000022,100640.69747750161
48,1.425000000000002,62019.44544993632
49,1.475000000000002,38219.24639162499
50,1.5250000000000024,23552.46462051741
51,1.5750000000000024,14514.116369973226
52,1.6250000000000022,8944.26878016037
53,1.6750000000000025,5511.871475500551
54,1.7250000000000023,3396.6697456392926
55,1.7750000000000026,2093.1847580668614
56,1.8250000000000024,1289.9171127921375
57,1.8750000000000024,794.9064942602907
58,1.9250000000000027,489.8580911524093
