,abundance,fit_val
0,-0.975,1.407863374926805e-29
1,-0.925,1.7465308405096826e-26
2,-0.8749999999999999,1.6200259684107638e-23
3,-0.8249999999999998,1.1235636051642565e-20
4,-0.7749999999999998,5.826440546040558e-18
5,-0.7249999999999998,2.2591181508976502e-15
6,-0.6749999999999997,6.549445613723219e-13
7,-0.6249999999999997,1.4197115149529768e-10
8,-0.5749999999999996,2.3010477922822863e-08
9,-0.5249999999999996,2.7885673788047786e-06
10,-0.4749999999999995,0.00025267752582869697
11,-0.4249999999999995,0.017119144521328806
12,-0.37499999999999933,0.8672163762644522
13,-0.3249999999999994,32.84754013127527
14,-0.27499999999999936,930.2682589041937
15,-0.2249999999999993,19698.9702093582
16,-0.17499999999999927,311895.2878153084
17,-0.12499999999999922,3692360.3001591666
18,-0.07499999999999918,32683555.977570675
19,-0.02499999999999913,216313936.22367746
20,0.02500000000000091,1070458088.3719747
21,0.07500000000000095,3960817255.8639684
22,0.125000000000001,10957965082.523561
23,0.17500000000000104,22667571199.349876
24,0.2250000000000011,35059848437.15753
25,0.27500000000000113,40545723050.23509
26,0.3250000000000012,35059848437.15753
27,0.3750000000000012,22667571199.349876
28,0.4250000000000013,10957965082.52355
29,0.4750000000000013,3960817255.8639684
30,0.5250000000000014,1070458088.3719747
31,0.5750000000000014,163079070.1253641
32,0.6250000000000014,102132602.91903673
33,0.6750000000000015,63963257.64550248
34,0.7250000000000015,40058690.48366675
35,0.7750000000000016,25087819.825559586
36,0.8250000000000016,15711914.094055748
37,0.8750000000000017,9840003.882979155
38,0.9250000000000016,6162564.015906678
39,0.9750000000000018,3859469.5390150407
40,1.0250000000000017,2417095.3979767268
41,1.0750000000000015,1513770.2484397052
42,1.125000000000002,948038.8597733191
43,1.175000000000002,593734.5383598997
44,1.225000000000002,371842.0383376823
45,1.275000000000002,232875.96146429758
46,1.3250000000000022,145844.7615830668
47,1.3750000000000022,91339.15904189496
48,1.425000000000002,57203.576487242324
49,1.475000000000002,35825.26046064065
50,1.5250000000000024,22436.521733199366
51,1.5750000000000024,14051.468182272816
52,1.6250000000000022,8800.105489848176
53,1.6750000000000025,5511.300002810767
54,1.7250000000000023,3451.5981377748426
55,1.7750000000000026,2161.6550901991886
56,1.8250000000000024,1353.793965133059
57,1.8750000000000024,847.8494595832116
58,1.9250000000000027,530.9882630810008
