,abundance,fit_val
0,-1.975,2.2935509239269305e-28
1,-1.925,1.1857075123828795e-26
2,-1.875,5.598306340876412e-25
3,-1.825,2.4140466111395106e-23
4,-1.775,9.507023052406022e-22
5,-1.7249999999999996,3.4194270775584577e-20
6,-1.6749999999999998,1.1232386780324589e-18
7,-1.6249999999999996,3.369773081976191e-17
8,-1.5749999999999995,9.232922022019718e-16
9,-1.5249999999999997,2.3104021624988964e-14
10,-1.4749999999999996,5.280145630742858e-13
11,-1.4249999999999994,1.1020825430173551e-11
12,-1.3749999999999996,2.1008364763057292e-10
13,-1.3249999999999993,3.6574658460141364e-09
14,-1.2749999999999997,5.8153815338676095e-08
15,-1.2249999999999992,8.444735484034135e-07
16,-1.1749999999999994,1.1199633012377447e-05
17,-1.1249999999999991,0.00013565363547505865
18,-1.0749999999999993,0.001500613973477565
19,-1.024999999999999,0.015160601732753095
20,-0.9749999999999992,0.1398858530677175
21,-0.9249999999999989,1.1788025213429798
22,-0.874999999999999,9.072317076112249
23,-0.824999999999999,63.76836594539965
24,-0.7749999999999989,409.3570368090759
25,-0.7249999999999989,2399.9883631771177
26,-0.6749999999999988,12850.674267474407
27,-0.6249999999999988,62842.37627253223
28,-0.5749999999999987,280665.5997510651
29,-0.5249999999999987,1144815.9638326787
30,-0.4749999999999986,4264735.207841866
31,-0.4249999999999986,14509697.893365616
32,-0.37499999999999856,45085259.3678065
33,-0.3249999999999985,127944222.24059175
34,-0.2749999999999985,331601654.3725416
35,-0.2249999999999984,784914952.4783928
36,-0.17499999999999838,1696830336.317628
37,-0.12499999999999832,3350149142.096644
38,-0.07499999999999829,6040873850.993161
39,-0.024999999999998246,9948218047.482986
40,0.025000000000001688,14962381660.176859
41,0.07500000000000172,20552566646.734028
42,0.125000000000002,25783466457.757275
43,0.17500000000000204,29541085522.637077
44,0.22500000000000187,30911600931.63228
45,0.2750000000000019,29541085522.637066
46,0.3250000000000022,25783466457.757233
47,0.3750000000000022,20552566646.734005
48,0.4250000000000021,14962381660.176851
49,0.4750000000000021,9948218047.482975
50,0.5250000000000024,6040873850.993139
51,0.5750000000000024,3350149142.09663
52,0.6250000000000022,1696830336.3176255
53,0.6750000000000023,784914952.4783918
54,0.7250000000000025,331601654.3725404
55,0.7750000000000026,127944222.24059097
56,0.8250000000000024,45085259.367806345
57,0.8750000000000024,14509697.893365579
58,0.9250000000000028,4264735.207841806
