,abundance,fit_val
0,-1.975,4.636039320900653e-32
1,-1.925,4.308460015785219e-30
2,-1.875,3.5898071678163225e-28
3,-1.825,2.681601694281857e-26
4,-1.775,1.7959387444444805e-24
5,-1.7249999999999996,1.0783577542244005e-22
6,-1.6749999999999998,5.805081333161428e-21
7,-1.6249999999999996,2.8017401231766157e-19
8,-1.5749999999999995,1.2123317741577003e-17
9,-1.5249999999999997,4.70315425884275e-16
10,-1.4749999999999996,1.6358032114670535e-14
11,-1.4249999999999994,5.100902084182562e-13
12,-1.3749999999999996,1.42605742744773e-11
13,-1.3249999999999993,3.574383447997493e-10
14,-1.2749999999999997,8.032289689489383e-09
15,-1.2249999999999992,1.6182726096615622e-07
16,-1.1749999999999994,2.923062498618455e-06
17,-1.1249999999999991,4.7336769523551355e-05
18,-1.0749999999999993,0.0006872792450825483
19,-1.024999999999999,0.008946268721532714
20,-0.9749999999999992,0.10440582911164156
21,-0.9249999999999989,1.0923998995013726
22,-0.874999999999999,10.24737557853175
23,-0.824999999999999,86.18223522008374
24,-0.7749999999999989,649.8258013603905
25,-0.7249999999999989,4392.889163417304
26,-0.6749999999999988,26624.265651321028
27,-0.6249999999999988,144670.21522052266
28,-0.5749999999999987,704781.8553436891
29,-0.5249999999999987,3078253.6217067335
30,-0.4749999999999986,12053916.565673554
31,-0.4249999999999986,42318090.252103254
32,-0.37499999999999856,133198102.26652722
33,-0.3249999999999985,375875580.27388006
34,-0.2749999999999985,950964452.9080633
35,-0.2249999999999984,2157041757.0425005
36,-0.17499999999999838,4386588735.799881
37,-0.12499999999999832,7997778703.27696
38,-0.07499999999999829,13073321594.077368
39,-0.024999999999998246,19159166145.57159
40,0.025000000000001688,25173370047.60493
41,0.07500000000000172,29653790418.175117
42,0.125000000000002,31317938366.160297
43,0.17500000000000204,29653790418.175133
44,0.22500000000000187,25173370047.604984
45,0.2750000000000019,19159166145.571632
46,0.3250000000000022,28476096001.30812
47,0.3750000000000022,22280478663.824215
48,0.4250000000000021,17432857701.642887
49,0.4750000000000021,13639946081.55189
50,0.5250000000000024,10672267983.355885
51,0.5750000000000024,8350275230.384527
52,0.6250000000000022,6533484403.869684
53,0.6750000000000023,5111977423.245086
54,0.7250000000000025,3999751367.017829
55,0.7750000000000026,3129515190.191405
56,0.8250000000000024,2448618533.241719
57,0.8750000000000024,1915866310.579599
58,0.9250000000000028,1499026357.1820865
