,abundance,fit_val
0,-1.975,5.9405360447757375e-18
1,-1.925,1.119893549579119e-16
2,-1.875,1.970242076612137e-15
3,-1.825,3.234850205043229e-14
4,-1.775,4.956561492343441e-13
5,-1.7249999999999996,7.087589578733009e-12
6,-1.6749999999999998,9.458197140647589e-11
7,-1.6249999999999996,1.1779040135891298e-09
8,-1.5749999999999995,1.36899915448363e-08
9,-1.5249999999999997,1.4848691927974562e-07
10,-1.4749999999999996,1.5030206674387607e-06
11,-1.4249999999999994,1.419820513871118e-05
12,-1.3749999999999996,0.00012516810566510657
13,-1.3249999999999993,0.00102978284103184
14,-1.2749999999999997,0.007906592591372228
15,-1.2249999999999992,0.05665324753138284
16,-1.1749999999999994,0.37883665857013443
17,-1.1249999999999991,2.3641276557699897
18,-1.0749999999999993,13.768340192432559
19,-1.024999999999999,74.83142086265582
20,-0.9749999999999992,379.55798593324016
21,-0.9249999999999989,1796.6522022031777
22,-0.874999999999999,7936.73049439873
23,-0.824999999999999,32719.826432454785
24,-0.7749999999999989,125884.45028584327
25,-0.7249999999999989,451985.9374786546
26,-0.6749999999999988,1514500.7639705772
27,-0.6249999999999988,4735935.8295014165
28,-0.5749999999999987,13820821.573856907
29,-0.5249999999999987,37640349.73509478
30,-0.4749999999999986,95667665.94739354
31,-0.4249999999999986,226917737.8392657
32,-0.37499999999999856,502300315.6188602
33,-0.3249999999999985,1037648339.276779
34,-0.2749999999999985,2000454501.795616
35,-0.2249999999999984,3599141322.5084
36,-0.17499999999999838,6043115015.55627
37,-0.12499999999999832,9469227678.667522
38,-0.07499999999999829,13847137234.066399
39,-0.024999999999998246,18897187512.100174
40,0.025000000000001688,24067228830.71251
41,0.07500000000000172,28605315401.73124
42,0.125000000000002,31729200765.74418
43,0.17500000000000204,32844546018.63139
44,0.22500000000000187,31729200765.74419
45,0.2750000000000019,28605315401.731274
46,0.3250000000000022,24067228830.712532
47,0.3750000000000022,18897187512.10019
48,0.4250000000000021,13847137234.066427
49,0.4750000000000021,9469227678.66755
50,0.5250000000000024,6043115015.556276
51,0.5750000000000024,3599141322.5084043
52,0.6250000000000022,2000454501.795626
53,0.6750000000000023,1037648339.2767836
54,0.7250000000000025,502300315.6188611
55,0.7750000000000026,226917737.83926612
56,0.8250000000000024,95667665.94739386
57,0.8750000000000024,37640349.735095054
58,0.9250000000000028,13820821.573856907
