,abundance,fit_val
0,-1.975,1.7495813957528437e-27
1,-1.925,1.0935003043483571e-25
2,-1.875,6.171075091083624e-24
3,-1.825,3.144560250664004e-22
4,-1.775,1.446825572158011e-20
5,-1.7249999999999996,6.010762918407563e-19
6,-1.6749999999999998,2.2547593022880655e-17
7,-1.6249999999999996,7.637090599170559e-16
8,-1.5749999999999995,2.3356774324027874e-14
9,-1.5249999999999997,6.449929281071246e-13
10,-1.4749999999999996,1.6082523986795933e-11
11,-1.4249999999999994,3.620850795607082e-10
12,-1.3749999999999996,7.36078643124886e-09
13,-1.3249999999999993,1.351123263068724e-07
14,-1.2749999999999997,2.239354719995542e-06
15,-1.2249999999999992,3.351258896652572e-05
16,-1.1749999999999994,0.00045284568501298856
17,-1.1249999999999991,0.005525221007087673
18,-1.0749999999999993,0.060870412006993266
19,-1.024999999999999,0.605508152501055
20,-0.9749999999999992,5.438647542744537
21,-0.9249999999999989,44.108166098477604
22,-0.874999999999999,323.0012881706729
23,-0.824999999999999,2135.731602095285
24,-0.7749999999999989,12751.05913743702
25,-0.7249999999999989,68738.96876806575
26,-0.6749999999999988,334593.0621737268
27,-0.6249999999999988,1470577.8393689068
28,-0.5749999999999987,5836013.250156317
29,-0.5249999999999987,20912294.57560546
30,-0.4749999999999986,67661913.08939047
31,-0.4249999999999986,197671484.86392596
32,-0.37499999999999856,521435917.31793374
33,-0.3249999999999985,1241981215.630758
34,-0.2749999999999985,2671076205.4269543
35,-0.2249999999999984,5186981466.571936
36,-0.17499999999999838,9094949258.07765
37,-0.12499999999999832,14399354742.454157
38,-0.07499999999999829,20584624463.142876
39,-0.024999999999998246,26570518664.335194
40,0.025000000000001688,30968080146.476055
41,0.07500000000000172,32590100447.426098
42,0.125000000000002,30968080146.476036
43,0.17500000000000204,26570518664.335155
44,0.22500000000000187,20584624463.142864
45,0.2750000000000019,31131560587.233654
46,0.3250000000000022,25285586029.341534
47,0.3750000000000022,20537385495.20128
48,0.4250000000000021,16680815801.107534
49,0.4750000000000021,13548443927.07601
50,0.5250000000000024,11004277910.252747
51,0.5750000000000024,8937862752.199533
52,0.6250000000000022,7259485013.7987
53,0.6750000000000023,5896277905.207128
54,0.7250000000000025,4789057773.292587
55,0.7750000000000026,3889754642.6161046
56,0.8250000000000024,3159325256.865965
57,0.8750000000000024,2566058015.4120235
58,0.9250000000000028,2084196213.7802262
