,abundance,fit_val
0,-1.975,3.955481895304704e-83
1,-1.925,9.597874866843347e-79
2,-1.875,1.825949244099382e-74
3,-1.825,2.7235807405048257e-70
4,-1.775,3.185148924560572e-66
5,-1.7249999999999996,2.9204997061360666e-62
6,-1.6749999999999998,2.099532134455451e-58
7,-1.6249999999999996,1.1833843478819993e-54
8,-1.5749999999999995,5.2295828862174457e-51
9,-1.5249999999999997,1.8119500281471303e-47
10,-1.4749999999999996,4.922246023361509e-44
11,-1.4249999999999994,1.0483790961118492e-40
12,-1.3749999999999996,1.7506983574949104e-37
13,-1.3249999999999993,2.2921457582163145e-34
14,-1.2749999999999997,2.3529411943241645e-31
15,-1.2249999999999992,1.8937290910727982e-28
16,-1.1749999999999994,1.1949853021117935e-25
17,-1.1249999999999991,5.912146837353754e-23
18,-1.0749999999999993,2.293326003844867e-20
19,-1.024999999999999,6.974680443497975e-18
20,-0.9749999999999992,1.6631092108064865e-15
21,-0.9249999999999989,3.10924653143874e-13
22,-0.874999999999999,4.5575084608442204e-11
23,-0.824999999999999,5.237665318557681e-09
24,-0.7749999999999989,4.7193907805120226e-07
25,-0.7249999999999989,3.3340497112223174e-05
26,-0.6749999999999988,0.0018466990996682134
27,-0.6249999999999988,0.08019700309854477
28,-0.5749999999999987,2.7305999413963677
29,-0.5249999999999987,72.89469936593508
30,-0.4749999999999986,1525.709172274067
31,-0.4249999999999986,25037.18512164367
32,-0.37499999999999856,322134.4552869444
33,-0.3249999999999985,3249576.7082073684
34,-0.2749999999999985,25701255.712674282
35,-0.2249999999999984,159374864.08089602
36,-0.17499999999999838,774860009.4904997
37,-0.12499999999999832,2953687894.3001204
38,-0.07499999999999829,8827625365.55083
39,-0.024999999999998246,20685266481.625763
40,0.025000000000001688,38002859997.847305
41,0.07500000000000172,54740577990.43386
42,0.125000000000002,61821624227.378265
43,0.17500000000000204,54740577990.43393
44,0.22500000000000187,38002859997.847466
45,0.2750000000000019,47331387564.93636
46,0.3250000000000022,37399800535.38279
47,0.3750000000000022,29552167220.270256
48,0.4250000000000021,23351209763.5009
49,0.4750000000000021,18451404709.330578
50,0.5250000000000024,14579730095.16849
51,0.5750000000000024,11520452398.969355
52,0.6250000000000022,9103105654.946295
53,0.6750000000000023,7192992922.094665
54,0.7250000000000025,5683680837.999584
55,0.7750000000000026,4491069047.074275
56,0.8250000000000024,3548704045.9308295
57,0.8750000000000024,2804076328.7328634
58,0.9250000000000028,2215694505.8227654
