,abundance,fit_val
0,-1.975,6.148992170430373e-60
1,-1.925,8.663922067305232e-57
2,-1.875,1.0333236868619097e-53
3,-1.825,1.0432045754271955e-50
4,-1.775,8.914845729861235e-48
5,-1.7249999999999996,6.448659288242357e-45
6,-1.6749999999999998,3.948537637645831e-42
7,-1.6249999999999996,2.046512412183302e-39
8,-1.5749999999999995,8.97849891625495e-37
9,-1.5249999999999997,3.3342974230212413e-34
10,-1.4749999999999996,1.0481325048806793e-31
11,-1.4249999999999994,2.7889407831450995e-29
12,-1.3749999999999996,6.281648733645961e-27
13,-1.3249999999999993,1.1976205845691217e-24
14,-1.2749999999999997,1.9327518935058625e-22
15,-1.2249999999999992,2.6402449065681478e-20
16,-1.1749999999999994,3.05297726485838e-18
17,-1.1249999999999991,2.988231073581485e-16
18,-1.0749999999999993,2.4758027186619062e-14
19,-1.024999999999999,1.7363175067422973e-12
20,-0.9749999999999992,1.0307503795441757e-10
21,-0.9249999999999989,5.179515216641642e-09
22,-0.874999999999999,2.2031089452943318e-07
23,-0.824999999999999,7.93220783931175e-06
24,-0.7749999999999989,0.00024174831008647033
25,-0.7249999999999989,0.006236544985654056
26,-0.6749999999999988,0.136187084467724
27,-0.6249999999999988,2.5173235355706978
28,-0.5749999999999987,39.387045128211064
29,-0.5249999999999987,521.6497645446699
30,-0.4749999999999986,5848.114692742612
31,-0.4249999999999986,55496.29597729353
32,-0.37499999999999856,445782.85846089484
33,-0.3249999999999985,3031056.154172646
34,-0.2749999999999985,17445195.894244518
35,-0.2249999999999984,84990223.13699898
36,-0.17499999999999838,350488149.95070237
37,-0.12499999999999832,1223457701.6740663
38,-0.07499999999999829,3615062665.5962286
39,-0.024999999999998246,9041780326.507181
40,0.025000000000001688,19142705745.75506
41,0.07500000000000172,34305515231.320847
42,0.125000000000002,52039824076.33735
43,0.17500000000000204,66821919025.84613
44,0.22500000000000187,72629544162.28075
45,0.2750000000000019,66821919025.846085
46,0.3250000000000022,52039824076.3372
47,0.3750000000000022,34305515231.32077
48,0.4250000000000021,19142705745.755043
49,0.4750000000000021,9041780326.507166
50,0.5250000000000024,22107967475.143215
51,0.5750000000000024,15064253688.171946
52,0.6250000000000022,10264703864.64744
53,0.6750000000000023,6994315656.781394
54,0.7250000000000025,4765890195.35027
55,0.7750000000000026,3247452712.8488426
56,0.8250000000000024,2212797334.7934537
57,0.8750000000000024,1507788558.551034
58,0.9250000000000028,1027399256.8368692
