,abundance,fit_val
0,-0.975,0.3613498715090781
1,-0.925,2.5691090751185732
2,-0.8749999999999999,16.913407694859586
3,-0.8249999999999998,103.10355208304604
4,-0.7749999999999998,581.9826979914739
5,-0.7249999999999998,3041.8686367540304
6,-0.6749999999999997,14721.930813463992
7,-0.6249999999999997,65975.55092616532
8,-0.5749999999999996,273775.8993345225
9,-0.5249999999999996,1051965.1167137881
10,-0.4749999999999995,3742841.179947915
11,-0.4249999999999995,12330917.584687354
12,-0.37499999999999933,37616928.08761518
13,-0.3249999999999994,106258870.29966463
14,-0.27499999999999936,277933564.6998786
15,-0.2249999999999993,673148274.0225834
16,-0.17499999999999927,1509643534.3472455
17,-0.12499999999999922,3134960129.027543
18,-0.07499999999999918,6028143303.227807
19,-0.02499999999999913,10733195747.623743
20,0.02500000000000091,17695729362.627453
21,0.07500000000000095,27014804004.4178
22,0.125000000000001,38188193123.87702
23,0.17500000000000104,49986224468.458725
24,0.2250000000000011,60585053502.72828
25,0.27500000000000113,67994626442.79833
26,0.3250000000000012,70660649369.24226
27,0.3750000000000012,67994626442.79833
28,0.4250000000000013,60585053502.72827
29,0.4750000000000013,49986224468.458725
30,0.5250000000000014,38188193123.87702
31,0.5750000000000014,27014804004.4178
32,0.6250000000000014,17695729362.627453
33,0.6750000000000015,10733195747.623743
34,0.7250000000000015,6028143303.227807
35,0.7750000000000016,3134960129.027543
36,0.8250000000000016,1509643534.3472455
37,0.8750000000000017,673148274.0225834
38,0.9250000000000016,277933564.69987905
39,0.9750000000000018,4657710.876213726
40,1.0250000000000017,1111792.8573763142
41,1.0750000000000015,265384.30369851785
42,1.125000000000002,63347.07781425097
43,1.175000000000002,15120.9103616147
44,1.225000000000002,3609.352444550327
45,1.275000000000002,861.5503139316515
46,1.3250000000000022,205.6515551858769
47,1.3750000000000022,49.08890573943285
48,1.425000000000002,11.71749304067719
49,1.475000000000002,2.7969587239755085
50,1.5250000000000024,0.6676324087810601
51,1.5750000000000024,0.15936346483556604
52,1.6250000000000022,0.038039965691248324
53,1.6750000000000025,0.009080117524329743
54,1.7250000000000023,0.0021674187333615225
55,1.7750000000000026,0.0005173615818450727
56,1.8250000000000024,0.0001234939064839179
57,1.8750000000000024,2.94779231273218e-05
58,1.9250000000000027,7.036362980496077e-06
