abundance,num_val
-1.975,0.0
-1.9249999999999998,0.0
-1.875,0.0
-1.8249999999999997,0.0
-1.775,0.0
-1.7249999999999996,0.0
-1.6749999999999998,0.0
-1.6249999999999996,0.0
-1.5749999999999997,0.0
-1.5249999999999995,0.0
-1.4749999999999996,0.0
-1.4249999999999994,0.0
-1.3749999999999996,0.0
-1.3249999999999993,0.0
-1.2749999999999995,282879.5
-1.2249999999999992,0.0
-1.1749999999999994,0.0
-1.1249999999999991,0.0
-1.0749999999999993,0.0
-1.024999999999999,568722.25
-0.9749999999999991,566029.94
-0.924999999999999,1135361.1
-0.874999999999999,1560427.1
-0.824999999999999,2696710.5
-0.7749999999999989,1992729.4
-0.7249999999999989,6958817.5
-0.6749999999999988,10390710.0
-0.6249999999999988,17765248.0
-0.5749999999999987,32083080.0
-0.5249999999999987,49504784.0
-0.47499999999999865,74721816.0
-0.4249999999999986,126545560.0
-0.37499999999999856,177671360.0
-0.3249999999999985,257414880.0
-0.27499999999999847,373136640.0
-0.22499999999999842,498840220.0
-0.17499999999999838,683264100.0
-0.12499999999999833,920787500.0
-0.07499999999999829,1245101400.0
-0.024999999999998246,2088999300.0
0.025000000000001688,7244669400.0
0.07500000000000173,21601733000.0
0.125000000000002,43603403000.0
0.17500000000000204,75594290000.0
0.22500000000000187,82780540000.0
0.2750000000000019,66179850000.0
0.3250000000000022,61952573000.0
0.3750000000000022,44234180000.0
0.42500000000000204,38807593000.0
0.4750000000000021,29538550000.0
0.5250000000000024,20300513000.0
0.5750000000000024,20385956000.0
0.6250000000000022,17392804000.0
0.6750000000000023,9707520000.0
0.7250000000000025,4776386600.0
0.7750000000000026,1027973100.0
0.8250000000000024,7127040.0
0.8750000000000024,2416640.0
0.9250000000000027,1351680.0
0.9750000000000028,655360.0
1.0250000000000026,0.0
1.0750000000000026,0.0
1.1250000000000029,491520.0
1.175000000000003,0.0
1.2250000000000028,0.0
1.2750000000000028,0.0
1.325000000000003,0.0
1.375000000000003,0.0
1.425000000000003,0.0
1.475000000000003,0.0
1.5250000000000032,0.0
1.5750000000000033,0.0
1.625000000000003,0.0
1.6750000000000032,0.0
1.7250000000000034,0.0
1.7750000000000035,0.0
1.8250000000000033,0.0
1.8750000000000033,0.0
1.9250000000000036,0.0
