,abundance,fit_val
0,-1.975,2.996984992179905e-24
1,-1.925,1.3107596354112166e-22
2,-1.875,5.222122064316341e-21
3,-1.825,1.895206112739938e-19
4,-1.775,6.265436709606281e-18
5,-1.7249999999999996,1.8868254066332839e-16
6,-1.6749999999999998,5.176039156286788e-15
7,-1.6249999999999996,1.293447661589645e-13
8,-1.5749999999999995,2.944324252613051e-12
9,-1.5249999999999997,6.105312271781001e-11
10,-1.4749999999999996,1.1532291115452986e-09
11,-1.4249999999999994,1.9843066203952103e-08
12,-1.3749999999999996,3.1101936840645953e-07
13,-1.3249999999999993,4.4407012643316795e-06
14,-1.2749999999999997,5.775653766967393e-05
15,-1.2249999999999992,0.0006842837276438374
16,-1.1749999999999994,0.007385106179113664
17,-1.1249999999999991,0.07260436715601046
18,-1.0749999999999993,0.6502108530063078
19,-1.024999999999999,5.304337553122339
20,-0.9749999999999992,39.41790715435739
21,-0.9249999999999989,266.8341681373624
22,-0.874999999999999,1645.4124824891783
23,-0.824999999999999,9242.58821616392
24,-0.7749999999999989,47293.11177698343
25,-0.7249999999999989,220438.60093528518
26,-0.6749999999999988,935972.0302464952
27,-0.6249999999999988,3620124.9870649693
28,-0.5749999999999987,12754684.74355767
29,-0.5249999999999987,40935618.97447655
30,-0.4749999999999986,119679141.14907777
31,-0.4249999999999986,318728600.33969957
32,-0.37499999999999856,773230678.4485132
33,-0.3249999999999985,1708765972.1573625
34,-0.2749999999999985,3439866331.37379
35,-0.2249999999999984,6307917663.873386
36,-0.17499999999999838,10536974630.599459
37,-0.12499999999999832,16033610244.726374
38,-0.07499999999999829,22224509230.62008
39,-0.024999999999998246,28061992621.10743
40,0.025000000000001688,32276787430.15427
41,0.07500000000000172,33817972556.304165
42,0.125000000000002,32276787430.15426
43,0.17500000000000204,28061992621.10739
44,0.22500000000000187,22224509230.620064
45,0.2750000000000019,16033610244.726357
46,0.3250000000000022,10536974630.599424
47,0.3750000000000022,6307917663.87336
48,0.4250000000000021,3439866331.3737836
49,0.4750000000000021,1708765972.15736
50,0.5250000000000024,773230678.4485087
51,0.5750000000000024,318728600.3396976
52,0.6250000000000022,119679141.14907713
53,0.6750000000000023,40935618.97447644
54,0.7250000000000025,3292320.1567699444
55,0.7750000000000026,446023.01455681014
56,0.8250000000000024,60424.41805219833
57,0.8750000000000024,8185.923546063465
58,0.9250000000000028,1108.9779010218772
