,abundance,fit_val
0,-1.975,1.501717943476045e-48
1,-1.925,1.1914187451195397e-45
2,-1.875,7.982446754259797e-43
3,-1.825,4.516512064943313e-40
4,-1.775,2.158071661538648e-37
5,-1.7249999999999996,8.708113720125175e-35
6,-1.6749999999999998,2.96741211011983e-32
7,-1.6249999999999996,8.53939652452169e-30
8,-1.5749999999999995,2.0752577233857853e-27
9,-1.5249999999999997,4.259047072764716e-25
10,-1.4749999999999996,7.381563909048989e-23
11,-1.4249999999999994,1.0803882968417895e-20
12,-1.3749999999999996,1.3353862521132771e-18
13,-1.3249999999999993,1.3938931163898648e-16
14,-1.2749999999999997,1.2287048957991174e-14
15,-1.2249999999999992,9.146632855283738e-13
16,-1.1749999999999994,5.7500344662567334e-11
17,-1.1249999999999991,3.0526371957738e-09
18,-1.0749999999999993,1.368596668034279e-07
19,-1.024999999999999,5.1816885738456445e-06
20,-0.9749999999999992,0.00016567717474937562
21,-0.9249999999999989,0.00447352218172347
22,-0.874999999999999,0.10200748802042811
23,-0.824999999999999,1.9643101182031628
24,-0.7749999999999989,31.943580749953917
25,-0.7249999999999989,438.6848977717594
26,-0.6749999999999988,5087.651006788584
27,-0.6249999999999988,49828.4622549841
28,-0.5749999999999987,412129.02296668384
29,-0.5249999999999987,2878620.7865551165
30,-0.4749999999999986,16979748.66616317
31,-0.4249999999999986,84581152.93766625
32,-0.37499999999999856,355804541.260799
33,-0.3249999999999985,1263993718.5517108
34,-0.2749999999999985,3792048535.910203
35,-0.2249999999999984,9607234732.822502
36,-0.17499999999999838,20555046294.28122
37,-0.12499999999999832,37139329542.955315
38,-0.07499999999999829,56668954765.44401
39,-0.024999999999998246,73021691371.46307
40,0.025000000000001688,79461016548.90378
41,0.07500000000000172,73021691371.46306
42,0.125000000000002,56668954765.44387
43,0.17500000000000204,37139329542.955185
44,0.22500000000000187,34464363363.265564
45,0.2750000000000019,23930648776.542385
46,0.3250000000000022,16616466836.483772
47,0.3750000000000022,11537797103.044472
48,0.4250000000000021,8011375902.05015
49,0.4750000000000021,5562772795.425055
50,0.5250000000000024,3862562629.9225554
51,0.5750000000000024,2682006010.086248
52,0.6250000000000022,1862275625.6208558
53,0.6750000000000023,1293088267.7887883
54,0.7250000000000025,897867772.7876931
55,0.7750000000000026,623442774.5518857
56,0.8250000000000024,432893244.3294858
57,0.8750000000000024,300583419.4177697
58,0.9250000000000028,208712871.38893476
