,abundance,fit_val
0,-1.975,5.043647785120777e-107
1,-1.925,1.2432766720550085e-99
2,-1.875,1.7540257533729475e-92
3,-1.825,1.4162805554760376e-85
4,-1.775,6.544971595776668e-79
5,-1.7249999999999996,1.7310570698144935e-72
6,-1.6749999999999998,2.620355119172999e-66
7,-1.6249999999999996,2.2701474436157583e-60
8,-1.5749999999999995,1.125623429485946e-54
9,-1.5249999999999997,3.194311976509876e-49
10,-1.4749999999999996,5.188080209249158e-44
11,-1.4249999999999994,4.8225993158023227e-39
12,-1.3749999999999996,2.565670171014351e-34
13,-1.3249999999999993,7.812060828828657e-30
14,-1.2749999999999997,1.3613680500910565e-25
15,-1.2249999999999992,1.3577838478913884e-21
16,-1.1749999999999994,7.750520486283603e-18
17,-1.1249999999999991,2.5320731350755904e-14
18,-1.0749999999999993,4.734419851289795e-11
19,-1.024999999999999,5.066434572334158e-08
20,-0.9749999999999992,3.10301056853992e-05
21,-0.9249999999999989,0.010877002224462584
22,-0.874999999999999,2.182128524454561
23,-0.824999999999999,250.55125463285978
24,-0.7749999999999989,16464.857778017584
25,-0.7249999999999989,619247.8849816354
26,-0.6749999999999988,13329572.668734461
27,-0.6249999999999988,164215091.92407078
28,-0.5749999999999987,1157857345.7906315
29,-0.5249999999999987,4672423389.0436735
30,-0.4749999999999986,10791317479.115557
31,-0.4249999999999986,14264347042.418821
32,-0.37499999999999856,12098975683.077692
33,-0.3249999999999985,3932534091.8742876
34,-0.2749999999999985,1278192864.3251612
35,-0.2249999999999984,415451451.97535425
36,-0.17499999999999838,135034323.66566765
37,-0.12499999999999832,43890251.15003323
38,-0.07499999999999829,14265662.934577042
39,-0.024999999999998246,4636773.170135096
40,0.025000000000001688,1507091.9262485828
41,0.07500000000000172,489850.59023223317
42,0.125000000000002,159216.30032758036
43,0.17500000000000204,51750.127070346694
44,0.22500000000000187,16820.361020115528
45,0.2750000000000019,5467.127538883653
46,0.3250000000000022,1776.9822830006403
47,0.3750000000000022,577.5731426859946
48,0.4250000000000021,187.72879073891022
49,0.4750000000000021,61.017551315493314
50,0.5250000000000024,19.832555005997584
51,0.5750000000000024,6.446181952340159
52,0.6250000000000022,2.095204664760028
53,0.6750000000000023,0.6810050693090467
54,0.7250000000000025,0.2213473042633466
55,0.7750000000000026,0.07194458795198284
56,0.8250000000000024,0.023384173359628786
57,0.8750000000000024,0.007600565647524815
58,0.9250000000000028,0.0024704143812955023
