,abundance,fit_val
0,-1.975,6.269514153684076e-20
1,-1.925,1.6907350716855554e-18
2,-1.875,4.203275068697945e-17
3,-1.825,9.633201354699456e-16
4,-1.775,2.035279415631797e-14
5,-1.7249999999999996,3.9641311871392273e-13
6,-1.6749999999999998,7.117747417956123e-12
7,-1.6249999999999996,1.178169301376317e-10
8,-1.5749999999999995,1.7978084130880195e-09
9,-1.5249999999999997,2.5290050137498398e-08
10,-1.4749999999999996,3.2796428208792933e-07
11,-1.4249999999999994,3.920793612250601e-06
12,-1.3749999999999996,4.3210768639674466e-05
13,-1.3249999999999993,0.00043901623137394786
14,-1.2749999999999997,0.0041118734397209145
15,-1.2249999999999992,0.035503361661742165
16,-1.1749999999999994,0.28259845942656875
17,-1.1249999999999991,2.0736749403915824
18,-1.0749999999999993,14.02756031650072
19,-1.024999999999999,87.47706153235582
20,-0.9749999999999992,502.89440440902615
21,-0.9249999999999989,2665.201177988527
22,-0.874999999999999,13021.282636579424
23,-0.824999999999999,58647.31186639906
24,-0.7749999999999989,243507.88677914493
25,-0.7249999999999989,932069.9977242433
26,-0.6749999999999988,3288929.783344495
27,-0.6249999999999988,10698705.931413878
28,-0.5749999999999987,32083258.85539156
29,-0.5249999999999987,88694415.49540462
30,-0.4749999999999986,226039663.80793932
31,-0.4249999999999986,531060017.33320975
32,-0.37499999999999856,1150199392.4491343
33,-0.3249999999999985,2296535897.6484523
34,-0.2749999999999985,4227113595.362267
35,-0.2249999999999984,7172741428.8424015
36,-0.17499999999999838,11220107230.667002
37,-0.12499999999999832,16180033473.753042
38,-0.07499999999999829,21509603258.52509
39,-0.024999999999998246,26360640606.249264
40,0.025000000000001688,29781741944.618084
41,0.07500000000000172,31018072606.1915
42,0.125000000000002,29781741944.61807
43,0.17500000000000204,26360640606.249237
44,0.22500000000000187,21509603258.525074
45,0.2750000000000019,16180033473.75303
46,0.3250000000000022,11220107230.666971
47,0.3750000000000022,7172741428.842376
48,0.4250000000000021,4227113595.3622613
49,0.4750000000000021,2296535897.648449
50,0.5250000000000024,1150199392.4491286
51,0.5750000000000024,531060017.3332064
52,0.6250000000000022,226039663.8079383
53,0.6750000000000023,88694415.49540438
54,0.7250000000000025,32083258.85539133
55,0.7750000000000026,10698705.931413805
56,0.8250000000000024,3288929.783344489
57,0.8750000000000024,932069.9977242418
58,0.9250000000000028,243507.88677914225
