,abundance,fit_val
0,-1.975,8.136604412733038e-06
1,-1.925,0.00046031434340585147
2,-1.875,0.019312689309367647
3,-1.825,0.6009079369850271
4,-1.775,13.86596396206999
5,-1.7249999999999996,237.2843711827383
6,-1.6749999999999998,3011.377086833524
7,-1.6249999999999996,28342.49569113123
8,-1.5749999999999995,197828.09879914095
9,-1.5249999999999997,1024035.0121627038
10,-1.4749999999999996,3931140.5752517283
11,-1.4249999999999994,11191783.056756325
12,-1.3749999999999996,23629630.598305397
13,-1.3249999999999993,36999130.83035998
14,-1.2749999999999997,42963836.15918683
15,-1.2249999999999992,36999130.83035979
16,-1.1749999999999994,27264441.72203557
17,-1.1249999999999991,14430025.180080555
18,-1.0749999999999993,7637259.872057776
19,-1.024999999999999,4042109.2565978467
20,-0.9749999999999992,2139333.6767355306
21,-0.9249999999999989,1132267.410373485
22,-0.874999999999999,599265.7912767347
23,-0.824999999999999,317168.44033872953
24,-0.7749999999999989,167865.11262820955
25,-0.7249999999999989,88844.57737215977
26,-0.6749999999999988,47022.03337461799
27,-0.6249999999999988,24886.9620193224
28,-0.5749999999999987,13171.71619561479
29,-0.5249999999999987,6971.285101135251
30,-0.4749999999999986,3689.6343072962704
31,-0.4249999999999986,1952.7821806284696
32,-0.37499999999999856,1033.5328456370717
33,-0.3249999999999985,547.0093662299214
34,-0.2749999999999985,289.5111152068137
35,-0.2249999999999984,153.2271493008814
36,-0.17499999999999838,81.09726379970819
37,-0.12499999999999832,42.92167690782477
38,-0.07499999999999829,22.716800324233958
39,-0.024999999999998246,12.023132695382618
40,0.025000000000001688,6.363383828160354
41,0.07500000000000172,3.3678954371054646
42,0.125000000000002,1.78249811445917
43,0.17500000000000204,0.9434080087656257
44,0.22500000000000187,0.4993097405172653
45,0.2750000000000019,0.26426552950469584
46,0.3250000000000022,0.13986562731992647
47,0.3750000000000022,0.07402552176313641
48,0.4250000000000021,0.039178874590611486
49,0.4750000000000021,0.020735878351501945
50,0.5250000000000024,0.0109747065351214
51,0.5750000000000024,0.005808492000692739
52,0.6250000000000022,0.0030742124369468
53,0.6750000000000023,0.0016270629461745416
54,0.7250000000000025,0.0008611421250521673
55,0.7750000000000026,0.00045576955782988604
56,0.8250000000000024,0.0002412213777509354
57,0.8750000000000024,0.0001276692400455964
58,0.9250000000000028,6.75704409194172e-05
