,abundance,fit_val
0,-1.975,1.2609560614824745e-06
1,-1.925,4.6933986510589614e-05
2,-1.875,0.0014030582211310844
3,-1.825,0.033687183298421824
4,-1.775,0.6496126368431201
5,-1.7249999999999996,10.061088929077636
6,-1.6749999999999998,125.15156044925814
7,-1.6249999999999996,1250.3405278266432
8,-1.5749999999999995,10032.775769091624
9,-1.5249999999999997,64656.867738135974
10,-1.4749999999999996,334663.98301788577
11,-1.4249999999999994,1391246.3807169157
12,-1.3749999999999996,4645151.4442225
13,-1.3249999999999993,12456512.43872469
14,-1.2749999999999997,26828340.673952874
15,-1.2249999999999992,46407900.05138332
16,-1.1749999999999994,64474915.24240071
17,-1.1249999999999991,71943307.62479019
18,-1.0749999999999993,49282474.99210092
19,-1.024999999999999,20109367.563268412
20,-0.9749999999999992,8205486.105546664
21,-0.9249999999999989,3348190.9372079507
22,-0.874999999999999,1366205.7808401675
23,-0.824999999999999,557470.6671769359
24,-0.7749999999999989,227471.98783742788
25,-0.7249999999999989,92818.34596382098
26,-0.6749999999999988,37873.873743156444
27,-0.6249999999999988,15454.168003291848
28,-0.5749999999999987,6305.9646418429675
29,-0.5249999999999987,2573.1045537814466
30,-0.4749999999999986,1049.9372293904576
31,-0.4249999999999986,428.41950749341703
32,-0.37499999999999856,174.81356910018104
33,-0.3249999999999985,71.33144828148005
34,-0.2749999999999985,29.106296153804642
35,-0.2249999999999984,11.876619586496409
36,-0.17499999999999838,4.846171153381617
37,-0.12499999999999832,1.9774460802441303
38,-0.07499999999999829,0.8068829755516059
39,-0.024999999999998246,0.32924292739988564
40,0.025000000000001688,0.13434526260606933
41,0.07500000000000172,0.05481864022783541
42,0.125000000000002,0.022368360879537884
43,0.17500000000000204,0.009127252452044286
44,0.22500000000000187,0.0037243112167219964
45,0.2750000000000019,0.0015196790175223615
46,0.3250000000000022,0.0006200943427951205
47,0.3750000000000022,0.00025302513855420504
48,0.4250000000000021,0.00010324512952624684
49,0.4750000000000021,4.2128449496364325e-05
50,0.5250000000000024,1.7190217738227774e-05
51,0.5750000000000024,7.014347535225188e-06
52,0.6250000000000022,2.862155214910757e-06
53,0.6750000000000023,1.1678823202160869e-06
54,0.7250000000000025,4.765461728866578e-07
55,0.7750000000000026,1.9445131667966507e-07
56,0.8250000000000024,7.934449316718879e-08
57,0.8750000000000024,3.2375962803734674e-08
58,0.9250000000000028,1.321078408378145e-08
