,abundance,fit_val
0,-1.975,19.313457190329117
1,-1.925,160.3259838600107
2,-1.875,1137.7925174107263
3,-1.825,6902.994068516985
4,-1.775,35803.641038880196
5,-1.7249999999999996,158756.73391952118
6,-1.6749999999999998,601800.2782482005
7,-1.6249999999999996,1950239.1929907117
8,-1.5749999999999995,5403045.726186903
9,-1.5249999999999997,12796896.96604181
10,-1.4749999999999996,25911107.177776434
11,-1.4249999999999994,44852074.55894008
12,-1.3749999999999996,66373446.19392502
13,-1.3249999999999993,83969480.53759618
14,-1.2749999999999997,90816306.025302
15,-1.2249999999999992,83969480.53759594
16,-1.1749999999999994,57794836.29854103
17,-1.1249999999999991,31608226.04873222
18,-1.0749999999999993,17286664.65611185
19,-1.024999999999999,9454145.717388364
20,-0.9749999999999992,5170509.929109537
21,-0.9249999999999989,2827772.4636557936
22,-0.874999999999999,1546520.017530864
23,-0.824999999999999,845797.9541718852
24,-0.7749999999999989,462570.2681970421
25,-0.7249999999999989,252981.52113571993
26,-0.6749999999999988,138356.6010102505
27,-0.6249999999999988,75667.77588012067
28,-0.5749999999999987,41383.00785677707
29,-0.5249999999999987,22632.531739630424
30,-0.4749999999999986,12377.821706874618
31,-0.4249999999999986,6769.4799667020625
32,-0.37499999999999856,3702.2555425991454
33,-0.3249999999999985,2024.7782946588231
34,-0.2749999999999985,1107.3593098447543
35,-0.2249999999999984,605.619214871358
36,-0.17499999999999838,331.2155595394062
37,-0.12499999999999832,181.1431080572711
38,-0.07499999999999829,99.06788691412399
39,-0.024999999999998246,54.18062173542199
40,0.025000000000001688,29.631597716235884
41,0.07500000000000172,16.205638752255243
42,0.125000000000002,8.862928347083304
43,0.17500000000000204,4.847170795696121
44,0.22500000000000187,2.6509370044023233
45,0.2750000000000019,1.4498080008959786
46,0.3250000000000022,0.792905767270724
47,0.3750000000000022,0.43364332062083044
48,0.4250000000000021,0.23716125835020582
49,0.4750000000000021,0.1297044363135316
50,0.5250000000000024,0.0709358725638433
51,0.5750000000000024,0.03879511109574046
52,0.6250000000000022,0.02121720069878986
53,0.6750000000000023,0.01160377152630848
54,0.7250000000000025,0.006346148841512686
55,0.7750000000000026,0.0034707340649824873
56,0.8250000000000024,0.0018981582768800409
57,0.8750000000000024,0.0010381103180564118
58,0.9250000000000028,0.0005677466655870866
