,abundance,fit_val
0,-1.975,2203.476495611457
1,-1.925,9354.565735999473
2,-1.875,35680.14432492403
3,-1.825,122269.27468718524
4,-1.775,376440.05809206807
5,-1.7249999999999996,1041266.964073516
6,-1.6749999999999998,2587713.0161739364
7,-1.6249999999999996,5777738.649557494
8,-1.5749999999999995,11590106.805237412
9,-1.5249999999999997,20888379.32139895
10,-1.4749999999999996,33822820.05551272
11,-1.4249999999999994,49204253.4661854
12,-1.3749999999999996,64310700.66714563
13,-1.3249999999999993,75518194.42509155
14,-1.2749999999999997,79672366.40746549
15,-1.2249999999999992,75518194.42509142
16,-1.1749999999999994,64310700.667145506
17,-1.1249999999999991,35818082.93523207
18,-1.0749999999999993,12405348.556700176
19,-1.024999999999999,4296507.802818414
20,-0.9749999999999992,1488066.1527006733
21,-0.9249999999999989,515381.55554164393
22,-0.874999999999999,178498.88414601661
23,-0.824999999999999,61821.870221738056
24,-0.7749999999999989,21411.582800635213
25,-0.7249999999999989,7415.755563267529
26,-0.6749999999999988,2568.396324838806
27,-0.6249999999999988,889.5465371216844
28,-0.5749999999999987,308.0883717410094
29,-0.5249999999999987,106.7043047676346
30,-0.4749999999999986,36.9563076710846
31,-0.4249999999999986,12.799564925276913
32,-0.37499999999999856,4.4330419514437
33,-0.3249999999999985,1.5353538231952502
34,-0.2749999999999985,0.5317593174665489
35,-0.2249999999999984,0.18417121020613667
36,-0.17499999999999838,0.06378644163753051
37,-0.12499999999999832,0.02209199870177392
38,-0.07499999999999829,0.007651412966607894
39,-0.024999999999998246,0.0026500146580614695
40,0.025000000000001688,0.0009178144897665771
41,0.07500000000000172,0.0003178787842032919
42,0.125000000000002,0.0001100951473017836
43,0.17500000000000204,3.813070283938739e-05
44,0.22500000000000187,1.3206308676260074e-05
45,0.2750000000000019,4.5739148734627125e-06
46,0.3250000000000022,1.5841441982414675e-06
47,0.3750000000000022,5.486575308565539e-07
48,0.4250000000000021,1.900237910789779e-07
49,0.4750000000000021,6.581344307742187e-08
50,0.5250000000000024,2.2794036815657597e-08
51,0.5750000000000024,7.894559075755176e-09
52,0.6250000000000022,2.7342266534279276e-09
53,0.6750000000000023,9.469807395925457e-10
54,0.7250000000000025,3.27980315763123e-10
55,0.7750000000000026,1.1359374381189854e-10
56,0.8250000000000024,3.934241786181658e-11
57,0.8750000000000024,1.362597790400192e-11
58,0.9250000000000028,4.7192644461373125e-12
