,abundance,fit_val
0,-1.975,14.886765140611695
1,-1.925,129.1080998163314
2,-1.875,964.7314228228872
3,-1.825,6210.965860425876
4,-1.775,34451.77818165769
5,-1.7249999999999996,164650.83032846864
6,-1.6749999999999998,677978.6074708456
7,-1.6249999999999996,2405292.1762048397
8,-1.5749999999999995,7352236.510961662
9,-1.5249999999999997,19362921.39549898
10,-1.4749999999999996,43936158.0874618
11,-1.4249999999999994,85896023.03427714
12,-1.3749999999999996,144685102.90571707
13,-1.3249999999999993,209978273.75989857
14,-1.2749999999999997,262557656.3822962
15,-1.2249999999999992,282862122.5180087
16,-1.1749999999999994,178098531.61287126
17,-1.1249999999999991,71745774.38216497
18,-1.0749999999999993,28902294.11259533
19,-1.024999999999999,11643091.348089354
20,-0.9749999999999992,4690339.653033907
21,-0.9249999999999989,1889471.2240175072
22,-0.874999999999999,761160.5492324953
23,-0.824999999999999,306628.3171415711
24,-0.7749999999999989,123523.11870061632
25,-0.7249999999999989,49760.44285721309
26,-0.6749999999999988,20045.653796576407
27,-0.6249999999999988,8075.254420167429
28,-0.5749999999999987,3253.0609683367193
29,-0.5249999999999987,1310.473344008451
30,-0.4749999999999986,527.915216490628
31,-0.4249999999999986,212.66703140247165
32,-0.37499999999999856,85.67145790226088
33,-0.3249999999999985,34.512160397860185
34,-0.2749999999999985,13.902987581774257
35,-0.2249999999999984,5.600723381864922
36,-0.17499999999999838,2.256213077633029
37,-0.12499999999999832,0.9088999946266297
38,-0.07499999999999829,0.36614414144738017
39,-0.024999999999998246,0.14749866113852192
40,0.025000000000001688,0.05941882601659293
41,0.07500000000000172,0.023936467341045233
42,0.125000000000002,0.009642642024077075
43,0.17500000000000204,0.0038844723358596356
44,0.22500000000000187,0.001564833091426832
45,0.2750000000000019,0.0006303822996547481
46,0.3250000000000022,0.00025394519447161616
47,0.3750000000000022,0.00010230008334711566
48,0.4250000000000021,4.1210888335973656e-05
49,0.4750000000000021,1.6601524279090057e-05
50,0.5250000000000024,6.687810418991396e-06
51,0.5750000000000024,2.6941386494675267e-06
52,0.6250000000000022,1.0853153136552856e-06
53,0.6750000000000023,4.372118451615215e-07
54,0.7250000000000025,1.7612779912387382e-07
55,0.7750000000000026,7.095187828856601e-08
56,0.8250000000000024,2.8582478505479227e-08
57,0.8750000000000024,1.1514255819889146e-08
58,0.9250000000000028,4.638439142372947e-09
