,abundance,fit_val
0,-1.975,1.7475671097629508
1,-1.925,20.193541027030403
2,-1.875,197.10426536926002
3,-1.825,1625.1164519751235
4,-1.775,11318.213296584325
5,-1.7249999999999996,66584.96628804987
6,-1.6749999999999998,330886.7808167961
7,-1.6249999999999996,1388953.0726802803
8,-1.5749999999999995,4924936.683839062
9,-1.5249999999999997,14750904.55504081
10,-1.4749999999999996,37319995.03134429
11,-1.4249999999999994,79757112.84629206
12,-1.3749999999999996,143980008.35819548
13,-1.3249999999999993,219553258.62096646
14,-1.2749999999999997,282802017.27464145
15,-1.2249999999999992,307701803.4056532
16,-1.1749999999999994,206891071.64550242
17,-1.1249999999999991,75488017.60364138
18,-1.0749999999999993,27543193.41286858
19,-1.024999999999999,10049641.353173986
20,-0.9749999999999992,3666796.7222798187
21,-0.9249999999999989,1337898.311990549
22,-0.874999999999999,488156.83791553736
23,-0.824999999999999,178113.012228226
24,-0.7749999999999989,64987.81264742056
25,-0.7249999999999989,23712.000262420734
26,-0.6749999999999988,8651.759976835545
27,-0.6249999999999988,3156.7539586865596
28,-0.5749999999999987,1151.7998167267792
29,-0.5249999999999987,420.2553747216406
30,-0.4749999999999986,153.33791290602477
31,-0.4249999999999986,55.94816140055191
32,-0.37499999999999856,20.413717030442296
33,-0.3249999999999985,7.4483205983398015
34,-0.2749999999999985,2.7176569388573992
35,-0.2249999999999984,0.9915871826148234
36,-0.17499999999999838,0.3617988446839817
37,-0.12499999999999832,0.13200897138412215
38,-0.07499999999999829,0.04816590429169412
39,-0.024999999999998246,0.017574217205934946
40,0.025000000000001688,0.006412276795032429
41,0.07500000000000172,0.002339637277398939
42,0.125000000000002,0.0008536597475073591
43,0.17500000000000204,0.00031147347990817385
44,0.22500000000000187,0.0001136468352518538
45,0.2750000000000019,4.1466140766043975e-05
46,0.3250000000000022,1.512968510050373e-05
47,0.3750000000000022,5.5203442377703356e-06
48,0.4250000000000021,2.014199258018256e-06
49,0.4750000000000021,7.349176928574784e-07
50,0.5250000000000024,2.6814825451100613e-07
51,0.5750000000000024,9.783882888671105e-08
52,0.6250000000000022,3.569829852288035e-08
53,0.6750000000000023,1.3025181637285144e-08
54,0.7250000000000025,4.752477392599868e-09
55,0.7750000000000026,1.734028898493003e-09
56,0.8250000000000024,6.326923775567842e-10
57,0.8750000000000024,2.3084946563828663e-10
58,0.9250000000000028,8.422967887059525e-11
