,abundance,fit_val
0,-1.975,0.3309916622068218
1,-1.925,4.747791490077118
2,-1.875,56.675526139371684
3,-1.825,563.0264820168659
4,-1.775,4654.697083185256
5,-1.7249999999999996,32024.57414830001
6,-1.6749999999999998,183360.01777878744
7,-1.6249999999999996,873685.7663968434
8,-1.5749999999999995,3464457.3372468594
9,-1.5249999999999997,11432586.969345676
10,-1.4749999999999996,31396638.245358113
11,-1.4249999999999994,71754827.26825091
12,-1.3749999999999996,136473533.63685048
13,-1.3249999999999993,216010612.83407274
14,-1.2749999999999997,284531976.3392573
15,-1.2249999999999992,311900744.15842366
16,-1.1749999999999994,235322683.77294573
17,-1.1249999999999991,67592991.07681294
18,-1.0749999999999993,19415095.77172104
19,-1.024999999999999,5576701.634593044
20,-0.9749999999999992,1601825.7899387279
21,-0.9249999999999989,460100.97535010765
22,-0.874999999999999,132157.2600764654
23,-0.824999999999999,37960.23552792575
24,-0.7749999999999989,10903.521157308023
25,-0.7249999999999989,3131.876606519043
26,-0.6749999999999988,899.5856418260834
27,-0.6249999999999988,258.39278766448655
28,-0.5749999999999987,74.21954021130578
29,-0.5249999999999987,21.318474865212885
30,-0.4749999999999986,6.123419375609133
31,-0.4249999999999986,1.7588624461485989
32,-0.37499999999999856,0.50520745268473
33,-0.3249999999999985,0.14511343442864663
34,-0.2749999999999985,0.041681706672720434
35,-0.2249999999999984,0.011972459186781702
36,-0.17499999999999838,0.003438913384824695
37,-0.12499999999999832,0.0009877774552268267
38,-0.07499999999999829,0.0002837245931694607
39,-0.024999999999998246,8.149572997764938e-05
40,0.025000000000001688,2.340845370645469e-05
41,0.07500000000000172,6.723735158609022e-06
42,0.125000000000002,1.9312943541695376e-06
43,0.17500000000000204,5.547359904072699e-07
44,0.22500000000000187,1.5933978079973226e-07
45,0.2750000000000019,4.5768016109188796e-08
46,0.3250000000000022,1.3146191666999394e-08
47,0.3750000000000022,3.776050832817002e-09
48,0.4250000000000021,1.0846152447184481e-09
49,0.4750000000000021,3.1153982855628943e-10
50,0.5250000000000024,8.948524857040614e-11
51,0.5750000000000024,2.570332579566341e-11
52,0.6250000000000022,7.382903523346805e-12
53,0.6750000000000023,2.120630803514266e-12
54,0.7250000000000025,6.091201098040251e-13
55,0.7750000000000026,1.749608218237747e-13
56,0.8250000000000024,5.025493113845769e-14
57,0.8750000000000024,1.4434992230860215e-14
58,0.9250000000000028,4.146239900934529e-15
