,abundance,fit_val
0,-1.975,527112.4852339794
1,-1.925,967002.265543527
2,-1.875,1713535.6921507095
3,-1.825,2932920.515391475
4,-1.775,4848963.407256823
5,-1.7249999999999996,7743530.173929878
6,-1.6749999999999998,11944571.052602127
7,-1.6249999999999996,17796868.69999589
8,-1.5749999999999995,25612861.993580334
9,-1.5249999999999997,35605254.7558011
10,-1.4749999999999996,47809209.23085468
11,-1.4249999999999994,62008396.1446141
12,-1.3749999999999996,77683880.45775567
13,-1.3249999999999993,94005399.43211004
14,-1.2749999999999997,109879370.28988665
15,-1.2249999999999992,124056921.41382894
16,-1.1749999999999994,135290503.22805294
17,-1.1249999999999991,142513202.59567967
18,-1.0749999999999993,145005462.31812894
19,-1.024999999999999,156080323.99115732
20,-0.9749999999999992,37052224.70902369
21,-0.9249999999999989,8795902.781222748
22,-0.874999999999999,2088077.2030371684
23,-0.824999999999999,495692.8827307252
24,-0.7749999999999989,117673.53890579434
25,-0.7249999999999989,27934.760092441426
26,-0.6749999999999988,6631.4893618265505
27,-0.6249999999999988,1574.2627110629032
28,-0.5749999999999987,373.7174182483364
29,-0.5249999999999987,88.7175359746048
30,-0.4749999999999986,21.06083582161291
31,-0.4249999999999986,4.999674535955382
32,-0.37499999999999856,1.186882879540258
33,-0.3249999999999985,0.28175653427340425
34,-0.2749999999999985,0.06688675519231577
35,-0.2249999999999984,0.015878382489669364
36,-0.17499999999999838,0.003769401427282952
37,-0.12499999999999832,0.000894825850759473
38,-0.07499999999999829,0.00021242452379623177
39,-0.024999999999998246,5.042788859056418e-05
40,0.025000000000001688,1.1971178761552627e-05
41,0.07500000000000172,2.841862408807315e-06
42,0.125000000000002,6.74635481722988e-07
43,0.17500000000000204,1.6015308545167215e-07
44,0.22500000000000187,3.801906581341438e-08
45,0.2750000000000019,9.025423152155831e-09
46,0.3250000000000022,2.1425635094571245e-09
47,0.3750000000000022,5.086274975329825e-10
48,0.4250000000000021,1.2074411335055972e-10
49,0.4750000000000021,2.866368998830508e-11
50,0.5250000000000024,6.804531508383023e-12
51,0.5750000000000024,1.6153415372364349e-12
52,0.6250000000000022,3.8346920411886924e-13
53,0.6750000000000023,9.103253220314773e-14
54,0.7250000000000025,2.1610397472095828e-14
55,0.7750000000000026,5.1301360909064565e-15
56,0.8250000000000024,1.2178534127011939e-15
57,0.8750000000000024,2.8910869196178763e-16
58,0.9250000000000028,6.86320988192385e-17
