,abundance,fit_val
0,-2.975,0.03692539752810739
1,-2.9250000000000003,0.11654253588443939
2,-2.8750000000000004,0.35672441453888704
3,-2.8250000000000006,1.058937406085262
4,-2.7750000000000012,3.0485746305942403
5,-2.725000000000001,8.51162455023268
6,-2.6750000000000007,23.047146986602332
7,-2.6250000000000013,60.521679369550526
8,-2.575000000000001,154.13236951958046
9,-2.5250000000000017,380.6850530446532
10,-2.475000000000002,911.8573044580751
11,-2.425000000000002,2118.2490641479353
12,-2.375000000000002,4772.173785976339
13,-2.3250000000000024,10426.644445593394
14,-2.2750000000000026,22093.369867460136
15,-2.2250000000000028,45401.31668412596
16,-2.1750000000000034,90482.38064282846
17,-2.125000000000003,174883.4349941909
18,-2.0750000000000037,327810.16547528043
19,-2.0250000000000035,595916.2726807083
20,-1.975000000000004,1050599.4242212866
21,-1.925000000000004,1796297.054663683
22,-1.8750000000000042,2978572.9620726695
23,-1.825000000000004,4789910.666375954
24,-1.7750000000000044,7470259.187691398
25,-1.7250000000000043,11298817.98823058
26,-1.6750000000000047,16573698.754247468
27,-1.6250000000000049,23577348.05115879
28,-1.5750000000000048,32528164.24906651
29,-1.5250000000000052,43522440.437212974
30,-1.4750000000000054,56474970.23655854
31,-1.4250000000000056,71070253.99819759
32,-1.3750000000000058,86737881.40425539
33,-1.3250000000000057,102664155.3788593
34,-1.275000000000006,117846842.99129044
35,-1.2250000000000063,131191637.40478985
36,-1.1750000000000065,141639191.20204377
37,-1.1250000000000069,148302956.676106
38,-1.0750000000000068,192049359.99999997
39,-1.0250000000000072,103711283.41791585
40,-0.9750000000000072,56006592.82692331
41,-0.9250000000000074,30244910.0686659
42,-0.8750000000000075,16332980.438366355
43,-0.8250000000000077,8820203.114984006
44,-0.7750000000000079,4763122.277844029
45,-0.7250000000000081,2572200.836866468
46,-0.6750000000000083,1389050.450363688
47,-0.6250000000000084,750120.7238568864
48,-0.5750000000000086,405083.27124637936
49,-0.5250000000000088,218754.73030521735
50,-0.475000000000009,118132.82706953093
51,-0.4250000000000092,63794.574005181465
52,-0.3750000000000093,34450.60762075209
53,-0.3250000000000095,18604.15848756396
54,-0.2750000000000097,10046.69400437244
55,-0.22500000000000986,5425.456920557001
56,-0.17500000000001004,2929.8775083633673
57,-0.1250000000000102,1582.2044741500274
58,-0.07500000000001039,854.4285523454375
