,abundance,fit_val
0,-2.975,1.442653568616566e-06
1,-2.9250000000000003,9.455200220119005e-06
2,-2.8750000000000004,5.858026019996843e-05
3,-2.8250000000000006,0.0003430865985910326
4,-2.7750000000000012,0.0018994510387620143
5,-2.725000000000001,0.009940868842363768
6,-2.6750000000000007,0.04918044743155906
7,-2.6250000000000013,0.2300024692173992
8,-2.575000000000001,1.0168207792269977
9,-2.5250000000000017,4.249405915302057
10,-2.475000000000002,16.787418406062166
11,-2.425000000000002,62.691910195126276
12,-2.375000000000002,221.31506730214076
13,-2.3250000000000024,738.5541665213399
14,-2.2750000000000026,2329.8374093517336
15,-2.2250000000000028,6947.695358467672
16,-2.1750000000000034,19585.191014835633
17,-2.125000000000003,52189.93393809098
18,-2.0750000000000037,131467.24859629493
19,-2.0250000000000035,313054.745843366
20,-1.975000000000004,704684.7957872003
21,-1.925000000000004,1499482.5009415762
22,-1.8750000000000042,3016197.6255378956
23,-1.825000000000004,5735219.933382106
24,-1.7750000000000044,10308898.204146562
25,-1.7250000000000043,17516458.996280834
26,-1.6750000000000047,28135346.863705773
27,-1.6250000000000049,42719889.61305033
28,-1.5750000000000048,61316853.565942444
29,-1.5250000000000052,83195817.17592981
30,-1.4750000000000054,106707516.86920057
31,-1.4250000000000056,129377998.1231602
32,-1.3750000000000058,148285174.1019021
33,-1.3250000000000057,160659690.91966444
34,-1.275000000000006,164546259.43030182
35,-1.2250000000000063,159309249.728668
36,-1.1750000000000065,145802799.17000973
37,-1.1250000000000069,126142845.2253037
38,-1.0750000000000068,103164736.80428387
39,-1.0250000000000072,79757552.38544293
40,-0.9750000000000072,58288684.279199354
41,-0.9250000000000074,40268789.816326186
42,-0.8750000000000075,26298125.594768915
43,-0.8250000000000077,16235022.821681697
44,-0.7750000000000079,9474425.889617868
45,-0.7250000000000081,5226666.5488835275
46,-0.6750000000000083,2725640.5137052108
47,-0.6250000000000084,1343644.0993992833
48,-0.5750000000000086,626140.5261838895
49,-0.5250000000000088,275823.50297972176
50,-0.475000000000009,114858.36156913922
51,-0.4250000000000092,45213.26346343898
52,-0.3750000000000093,16824.454225887042
53,-0.3250000000000095,5918.177762707219
54,-0.2750000000000097,1967.9176368543237
55,-0.22500000000000986,618.5826309843438
56,-0.17500000000001004,183.80630983858626
57,-0.1250000000000102,0.07192466610036909
58,-0.07500000000001039,2.814461374145723e-05
