,abundance,fit_val
0,-2.975,2287.369876851363
1,-2.9250000000000003,4521.006299265499
2,-2.8750000000000004,8690.731413832298
3,-2.8250000000000006,16248.005069400288
4,-2.7750000000000012,29543.793896743387
5,-2.725000000000001,52246.2333021957
6,-2.6750000000000007,89859.95718227715
7,-2.6250000000000013,150314.1726140458
8,-2.575000000000001,244543.51788569582
9,-2.5250000000000017,386932.20806209004
10,-2.475000000000002,595437.3996611839
11,-2.425000000000002,891168.5232579843
12,-2.375000000000002,1297197.3985443283
13,-2.3250000000000024,1836431.7854566595
14,-2.2750000000000026,2528517.911787797
15,-2.2250000000000028,3385943.986793167
16,-2.1750000000000034,4409770.681094595
17,-2.125000000000003,5585663.174677675
18,-2.0750000000000037,6881070.107025745
19,-2.0250000000000035,8244412.69319159
20,-1.975000000000004,9606959.621528571
21,-1.925000000000004,10887663.976380816
22,-1.8750000000000042,12000682.720520616
23,-1.825000000000004,12864701.100290012
24,-1.7750000000000044,13412691.882828852
25,-1.7250000000000043,13600494.443152318
26,-1.6750000000000047,13412691.882828856
27,-1.6250000000000049,12864701.100290013
28,-1.5750000000000048,9084119.438535174
29,-1.5250000000000052,5628417.212533098
30,-1.4750000000000054,3487303.3685526997
31,-1.4250000000000056,2160693.552929734
32,-1.3750000000000058,1338741.1808711318
33,-1.3250000000000057,829468.8281594143
34,-1.275000000000006,513929.46352815826
35,-1.2250000000000063,318424.8575904043
36,-1.1750000000000065,197292.42459731761
37,-1.1250000000000069,122240.14512572183
38,-1.0750000000000068,75738.6053258562
39,-1.0250000000000072,46926.77950280665
40,-0.9750000000000072,29075.299512456797
41,-0.9250000000000074,18014.725295361717
42,-0.8750000000000075,11161.719153685966
43,-0.8250000000000077,6915.674395425671
44,-0.7750000000000079,4284.873296400069
45,-0.7250000000000081,2654.858820181963
46,-0.6750000000000083,1644.9203669615092
47,-0.6250000000000084,1019.1739738007343
48,-0.5750000000000086,631.46861680088
49,-0.5250000000000088,391.250781765332
50,-0.475000000000009,242.41453994577967
51,-0.4250000000000092,150.19729522833418
52,-0.3750000000000093,93.0605379485616
53,-0.3250000000000095,57.65925218633331
54,-0.2750000000000097,35.72501767102212
55,-0.22500000000000986,22.134815128548446
56,-0.17500000000001004,13.714480011928298
57,-0.1250000000000102,8.497336024957113
58,-0.07500000000001039,5.264852875080443
