,abundance,fit_val
0,-2.975,1.395298115352368e-19
1,-2.9250000000000003,8.190863209928026e-18
2,-2.8750000000000004,4.16806035910827e-16
3,-2.8250000000000006,1.8385692265038117e-14
4,-2.7750000000000012,7.030199263705953e-13
5,-2.725000000000001,2.330220098361661e-11
6,-2.6750000000000007,6.695267195600694e-10
7,-2.6250000000000013,1.6675564488411777e-08
8,-2.575000000000001,3.600268044689725e-07
9,-2.5250000000000017,6.737996610100475e-06
10,-2.475000000000002,0.00010931214121841618
11,-2.425000000000002,0.0015372612341116377
12,-2.375000000000002,0.018739957881259088
13,-2.3250000000000024,0.19803009977347624
14,-2.2750000000000026,1.8139923990745244
15,-2.2250000000000028,14.403942549342993
16,-2.1750000000000034,99.14457579170495
17,-2.125000000000003,591.5591798585955
18,-2.0750000000000037,3059.631322390568
19,-2.0250000000000035,13717.711322323159
20,-1.975000000000004,53313.338750951894
21,-1.925000000000004,179610.51734226538
22,-1.8750000000000042,524528.7620815611
23,-1.825000000000004,1327848.4524385189
24,-1.7750000000000044,2913864.665143826
25,-1.7250000000000043,5542834.394144941
26,-1.6750000000000047,9139787.324318053
27,-1.6250000000000049,13064173.45653577
28,-1.5750000000000048,16187114.798203317
29,-1.5250000000000052,17385957.605515417
30,-1.4750000000000054,16187114.798203308
31,-1.4250000000000056,13064173.45653577
32,-1.3750000000000058,10130045.090923024
33,-1.3250000000000057,5551326.394676447
34,-1.275000000000006,3042160.6679564645
35,-1.2250000000000063,1667122.5706592142
36,-1.1750000000000065,913593.3203252999
37,-1.1250000000000069,500654.70267910155
38,-1.0750000000000068,274361.8257032006
39,-1.0250000000000072,150351.95115592788
40,-0.9750000000000072,82393.78477109568
41,-0.9250000000000074,45152.295774766244
42,-0.8750000000000075,24743.733030299783
43,-0.8250000000000077,13559.716372537405
44,-0.7750000000000079,7430.807141287327
45,-0.7250000000000081,4072.1275618152285
46,-0.6750000000000083,2231.550700267873
47,-0.6250000000000084,1222.9033723212183
48,-0.5750000000000086,670.1584946535579
49,-0.5250000000000088,367.2509358640931
50,-0.475000000000009,201.25574915345314
51,-0.4250000000000092,110.28937604207132
52,-0.3750000000000093,60.43924965579416
53,-0.3250000000000095,33.12107684390169
54,-0.2750000000000097,18.1505517945237
55,-0.22500000000000986,9.94661290749502
56,-0.17500000000001004,5.45080444118492
57,-0.1250000000000102,2.987074025335104
58,-0.07500000000001039,1.636934755063791
