,abundance,fit_val
0,-2.975,6.262967822948899e-16
1,-2.9250000000000003,2.471620235536677e-14
2,-2.8750000000000004,8.533744005393725e-13
3,-2.8250000000000006,2.5778271072767422e-11
4,-2.7750000000000012,6.812778489154843e-10
5,-2.725000000000001,1.575255692272867e-08
6,-2.6750000000000007,3.1866484405983294e-07
7,-2.6250000000000013,5.639927956744129e-06
8,-2.575000000000001,8.733116749378206e-05
9,-2.5250000000000017,0.0011830995321207754
10,-2.475000000000002,0.014022634231068355
11,-2.425000000000002,0.14540998718551446
12,-2.375000000000002,1.3192137620307867
13,-2.3250000000000024,10.471102650885916
14,-2.2750000000000026,72.71532806714818
15,-2.2250000000000028,441.7899431623785
16,-2.1750000000000034,2348.3454841872554
17,-2.125000000000003,10921.051652043156
18,-2.0750000000000037,44434.800972463345
19,-2.0250000000000035,158175.17522217528
20,-1.975000000000004,492617.36407069134
21,-1.925000000000004,1342262.369024267
22,-1.8750000000000042,3199789.582958604
23,-1.825000000000004,6673623.9726569895
24,-1.7750000000000044,12177505.986667655
25,-1.7250000000000043,19440672.21537467
26,-1.6750000000000047,27153168.251392554
27,-1.6250000000000049,33180738.69626339
28,-1.5750000000000048,35473815.01527956
29,-1.5250000000000052,33180738.69626343
30,-1.4750000000000054,35666239.999999985
31,-1.4250000000000056,22162485.260600735
32,-1.3750000000000058,13771447.534877378
33,-1.3250000000000057,8557378.15393088
34,-1.275000000000006,5317430.915226272
35,-1.2250000000000063,3304174.599928818
36,-1.1750000000000065,2053166.2678592915
37,-1.1250000000000069,1275807.7988875275
38,-1.0750000000000068,792768.4986756173
39,-1.0250000000000072,492614.86960686004
40,-0.9750000000000072,306103.7492826486
41,-0.9250000000000074,190208.4388960351
42,-0.8750000000000075,118192.77062777728
43,-0.8250000000000077,73443.27680595648
44,-0.7750000000000079,45636.589102249935
45,-0.7250000000000081,28357.91587009754
46,-0.6750000000000083,17621.19843561846
47,-0.6250000000000084,10949.557637797383
48,-0.5750000000000086,6803.896619261884
49,-0.5250000000000088,4227.842871551433
50,-0.475000000000009,2627.120361577072
51,-0.4250000000000092,1632.4545646324366
52,-0.3750000000000093,1014.3836363818203
53,-0.3250000000000095,630.3233082575201
54,-0.2750000000000097,391.6737797051322
55,-0.22500000000000986,243.38041715860098
56,-0.17500000000001004,151.2330682459477
57,-0.1250000000000102,93.9740394814885
58,-0.07500000000001039,58.394107842250804
