,abundance,fit_val
0,-2.975,9.73728522989987e-16
1,-2.9250000000000003,2.696860575448012e-14
2,-2.8750000000000004,6.698639691682958e-13
3,-2.8250000000000006,1.492183603841217e-11
4,-2.7750000000000012,2.981023708381901e-10
5,-2.725000000000001,5.340920550912951e-09
6,-2.6750000000000007,8.581719723410393e-08
7,-2.6250000000000013,1.2366307930234399e-06
8,-2.575000000000001,1.598134429434356e-05
9,-2.5250000000000017,0.00018522264442721252
10,-2.475000000000002,0.0019252289076750664
11,-2.425000000000002,0.017946434946222008
12,-2.375000000000002,0.1500311800579024
13,-2.3250000000000024,1.1248442239824312
14,-2.2750000000000026,7.563290144261772
15,-2.2250000000000028,45.60754140009022
16,-2.1750000000000034,246.64373140695776
17,-2.125000000000003,1196.219903936424
18,-2.0750000000000037,5203.067832961756
19,-2.0250000000000035,20296.23452706174
20,-1.975000000000004,71003.37271787172
21,-1.925000000000004,222766.56372736063
22,-1.8750000000000042,626799.3740775634
23,-1.825000000000004,1581665.4345296964
24,-1.7750000000000044,3579383.358040474
25,-1.7250000000000043,7264560.193040992
26,-1.6750000000000047,13222633.481823599
27,-1.6250000000000049,21584108.4468351
28,-1.5750000000000048,31597868.70009763
29,-1.5250000000000052,41484798.69929849
30,-1.4750000000000054,48845853.79822442
31,-1.4250000000000056,51579121.93885474
32,-1.3750000000000058,48845853.79822442
33,-1.3250000000000057,37594940.731426075
34,-1.275000000000006,19718630.602515798
35,-1.2250000000000063,10342465.908277135
36,-1.1750000000000065,5424646.529471838
37,-1.1250000000000069,2845239.252484313
38,-1.0750000000000068,1492334.3594639048
39,-1.0250000000000072,782732.7134236613
40,-0.9750000000000072,410545.0610167916
41,-0.9250000000000074,215331.80386451297
42,-0.8750000000000075,112942.01333394818
43,-0.8250000000000077,59238.338912312975
44,-0.7750000000000079,31070.64141591022
45,-0.7250000000000081,16296.621001224856
46,-0.6750000000000083,8547.614209263433
47,-0.6250000000000084,4483.242794006859
48,-0.5750000000000086,2351.470885084133
49,-0.5250000000000088,1233.3517450337547
50,-0.475000000000009,646.8957521978344
51,-0.4250000000000092,339.2982706649905
52,-0.3750000000000093,177.96270277725714
53,-0.3250000000000095,93.34183613053749
54,-0.2750000000000097,48.958002077127226
55,-0.22500000000000986,25.67858172440465
56,-0.17500000000001004,13.46847361822775
57,-0.1250000000000102,7.064244573620543
58,-0.07500000000001039,3.705212098302626
