,abundance,fit_val
0,-1.975,32.34059546673814
1,-1.925,354.8307666714406
2,-1.875,3161.083610378971
3,-1.825,22866.10283725237
4,-1.775,134304.25666659055
5,-1.7249999999999996,640514.3418363753
6,-1.6749999999999998,2480329.5959581444
7,-1.6249999999999996,7798864.739551177
8,-1.5749999999999995,19911080.893478476
9,-1.5249999999999997,41276203.15046451
10,-1.4749999999999996,69477806.95292735
11,-1.4249999999999994,94958515.76318346
12,-1.3749999999999996,105381212.18292195
13,-1.3249999999999993,94958515.76318328
14,-1.2749999999999997,61026058.6450141
15,-1.2249999999999992,30461490.89929115
16,-1.1749999999999994,15205019.763854876
17,-1.1249999999999991,7589668.7651816765
18,-1.0749999999999993,3788424.6689443826
19,-1.024999999999999,1891012.8908534413
20,-0.9749999999999992,943909.4256479752
21,-0.9249999999999989,471157.55166797334
22,-0.874999999999999,235180.86848361412
23,-0.824999999999999,117391.81661187533
24,-0.7749999999999989,58596.767229798395
25,-0.7249999999999989,29248.896804582164
26,-0.6749999999999988,14599.746790298133
27,-0.6249999999999988,7287.543450439754
28,-0.5749999999999987,3637.617165890778
29,-0.5249999999999987,1815.736500999496
30,-0.4749999999999986,906.3348039964907
31,-0.4249999999999986,452.40197379035135
32,-0.37499999999999856,225.81891921939072
33,-0.3249999999999985,112.71874843995455
34,-0.2749999999999985,56.26417969667981
35,-0.2249999999999984,28.084572981455796
36,-0.17499999999999838,14.018568186772397
37,-0.12499999999999832,6.9974449722610395
38,-0.07499999999999829,3.492812924077589
39,-0.024999999999998246,1.7434566718230797
40,0.025000000000001688,0.870255931994172
41,0.07500000000000172,0.43439300752975196
42,0.125000000000002,0.21682964522671805
43,0.17500000000000204,0.10823170316783812
44,0.22500000000000187,0.054024446511281896
45,0.2750000000000019,0.026966597913776844
46,0.3250000000000022,0.013460524817990562
47,0.3750000000000022,0.006718894573021959
48,0.4250000000000021,0.0033537729690188483
49,0.4750000000000021,0.0016740541179026856
50,0.5250000000000024,0.0008356132676705314
51,0.5750000000000024,0.000417100932186002
52,0.6250000000000022,0.00020819821125557723
53,0.6750000000000023,0.00010392327569935004
54,0.7250000000000025,5.1873871379352195e-05
55,0.7750000000000026,2.5893126576055685e-05
56,0.8250000000000024,1.2924695729390081e-05
57,0.8750000000000024,6.451432553216217e-06
58,0.9250000000000028,3.2202678391920425e-06
