,abundance,fit_val
0,-1.975,235.667406791942
1,-1.925,2106.2817207011585
2,-1.875,15480.270797454636
3,-1.825,93559.05087621024
4,-1.775,464984.22602241795
5,-1.7249999999999996,1900359.6134259545
6,-1.6749999999999998,6386729.5068615815
7,-1.6249999999999996,17650882.06264357
8,-1.5749999999999995,40114322.544390485
9,-1.5249999999999997,74968301.28995189
10,-1.4749999999999996,115212881.1855756
11,-1.4249999999999994,145602745.29258344
12,-1.3749999999999996,151315441.2870471
13,-1.3249999999999993,129312971.928346
14,-1.2749999999999997,90875349.94271871
15,-1.2249999999999992,52516437.61025723
16,-1.1749999999999994,24956839.149163246
17,-1.1249999999999991,9752794.207699286
18,-1.0749999999999993,3134106.1365198237
19,-1.024999999999999,828215.7750132192
20,-0.9749999999999992,179977.5998176893
21,-0.9249999999999989,32161.66858183565
22,-0.874999999999999,4726.110242945034
23,-0.824999999999999,571.1027909741946
24,-0.7749999999999989,56.75052404531238
25,-0.7249999999999989,4.637358049298397
26,-0.6749999999999988,0.31161369833520464
27,-0.6249999999999988,0.017218987530271377
28,-0.5749999999999987,0.0007824270228548543
29,-0.5249999999999987,2.923648988205128e-05
30,-0.4749999999999986,8.983628374216164e-07
31,-0.4249999999999986,2.2699876015429474e-08
32,-0.37499999999999856,4.716722772309565e-10
33,-0.3249999999999985,8.059393786561344e-12
34,-0.2749999999999985,4.029696893280672e-12
35,-0.2249999999999984,2.0148484466403324e-12
36,-0.17499999999999838,1.0074242233201654e-12
37,-0.12499999999999832,5.037121116600824e-13
38,-0.07499999999999829,2.5185605583004104e-13
39,-0.024999999999998246,1.2592802791502045e-13
40,0.025000000000001688,6.296401395751027e-14
41,0.07500000000000172,3.1482006978755124e-14
42,0.125000000000002,1.5741003489377496e-14
43,0.17500000000000204,7.870501744688743e-15
44,0.22500000000000187,3.935250872344381e-15
45,0.2750000000000019,1.967625436172189e-15
46,0.3250000000000022,9.83812718086091e-16
47,0.3750000000000022,4.919063590430449e-16
48,0.4250000000000021,2.459531795215229e-16
49,0.4750000000000021,1.2297658976076144e-16
50,0.5250000000000024,6.148829488038049e-17
51,0.5750000000000024,3.074414744019024e-17
52,0.6250000000000022,1.537207372009515e-17
53,0.6750000000000023,7.686036860047573e-18
54,0.7250000000000025,3.843018430023773e-18
55,0.7750000000000026,1.9215092150118825e-18
56,0.8250000000000024,9.607546075059447e-19
57,0.8750000000000024,4.803773037529715e-19
58,0.9250000000000028,2.4018865187648444e-19
