,abundance,fit_val
0,-1.975,1.7134183927229005
1,-1.925,32.058270351644516
2,-1.875,464.9447922148577
3,-1.825,5226.93772931038
4,-1.775,45548.90100228306
5,-1.7249999999999996,307675.64344820345
6,-1.6749999999999998,1610990.466052673
7,-1.6249999999999996,6538489.95707367
8,-1.5749999999999995,20570582.498796426
9,-1.5249999999999997,50164946.876079805
10,-1.4749999999999996,94828473.9365107
11,-1.4249999999999994,138951040.9066563
12,-1.3749999999999996,157822706.0126864
13,-1.3249999999999993,138951040.90665597
14,-1.2749999999999997,155062829.4825944
15,-1.2249999999999992,93119674.92498046
16,-1.1749999999999994,55921034.63523754
17,-1.1249999999999991,33582184.61560074
18,-1.0749999999999993,20167064.699580133
19,-1.024999999999999,12110900.563869515
20,-0.9749999999999992,7272943.021350512
21,-0.9249999999999989,4367610.807541
22,-0.874999999999999,2622875.5141005875
23,-0.824999999999999,1575111.946923132
24,-0.7749999999999989,945899.8843072167
25,-0.7249999999999989,568040.0005092914
26,-0.6749999999999988,341124.30663306476
27,-0.6249999999999988,204854.92653960708
28,-0.5749999999999987,123021.25680152317
29,-0.5249999999999987,73877.79186311264
30,-0.4749999999999986,44365.73217078205
31,-0.4249999999999986,26642.894182552838
32,-0.37499999999999856,15999.821837498936
33,-0.3249999999999985,9608.35174578539
34,-0.2749999999999985,5770.090705283064
35,-0.2249999999999984,3465.1049033251625
36,-0.17499999999999838,2080.894842788975
37,-0.12499999999999832,1249.6370146227002
38,-0.07499999999999829,750.4428557390131
