,abundance,fit_val
0,-2.975,6.918159555502578e-08
1,-2.9250000000000003,5.074623789616931e-07
2,-2.8750000000000004,3.513441164495837e-06
3,-2.8250000000000006,2.296027454153975e-05
4,-2.7750000000000012,0.000141624055100637
5,-2.725000000000001,0.000824541522965689
6,-2.6750000000000007,0.004531099447492659
7,-2.6250000000000013,0.023502291808253934
8,-2.575000000000001,0.11506212530341274
9,-2.5250000000000017,0.5317042431456522
10,-2.475000000000002,2.3191210497742474
11,-2.425000000000002,9.547557151858443
12,-2.375000000000002,37.100236052156156
13,-2.3250000000000024,136.07446520028435
14,-2.2750000000000026,471.0772776428716
15,-2.2250000000000028,1539.2998755353594
16,-2.1750000000000034,4747.553517713234
17,-2.125000000000003,13820.76431854232
18,-2.0750000000000037,37976.05173559024
19,-2.0250000000000035,98492.48993899066
20,-1.975000000000004,241108.19974531373
21,-1.925000000000004,557104.1596374806
22,-1.8750000000000042,1215000.2830720176
23,-1.825000000000004,2501104.94155595
24,-1.7750000000000044,4859627.786537665
25,-1.7250000000000043,8912297.109372847
26,-1.6750000000000047,15427368.84154198
27,-1.6250000000000049,25206330.525786612
28,-1.5750000000000048,38872542.57349766
29,-1.5250000000000052,56583763.0145846
30,-1.4750000000000054,77742098.89721581
31,-1.4250000000000056,100817576.69228803
32,-1.3750000000000058,123404729.42211884
33,-1.3250000000000057,142574845.9990338
34,-1.275000000000006,155478225.52428126
35,-1.2250000000000063,160033829.1503355
36,-1.1750000000000065,155478225.5242812
37,-1.1250000000000069,77817369.79665543
38,-1.0750000000000068,19728467.54729782
39,-1.0250000000000072,5001613.814265877
40,-0.9750000000000072,1268022.5003325904
41,-0.9250000000000074,321472.4529038283
42,-0.8750000000000075,81500.55535205238
43,-0.8250000000000077,20662.23859211995
44,-0.7750000000000079,5238.345944926632
45,-0.7250000000000081,1328.0394627324774
46,-0.6750000000000083,336.68811359870386
47,-0.6250000000000084,85.358070313223
48,-0.5750000000000086,21.640206093765617
49,-0.5250000000000088,5.486282879430387
50,-0.475000000000009,1.3908970969459677
51,-0.4250000000000092,0.35262394900307675
52,-0.3750000000000093,0.0893981658913156
53,-0.3250000000000095,0.022664461921335418
54,-0.2750000000000097,0.005745954954021772
55,-0.22500000000000986,0.001456729855235054
56,-0.17500000000001004,0.000369314045813714
57,-0.1250000000000102,9.362948383678632e-05
58,-0.07500000000001039,2.3737196954499005e-05
