,abundance,fit_val
0,-2.975,1.740439582677406e-24
1,-2.9250000000000003,2.1373042765052237e-22
2,-2.8750000000000004,2.229734572248336e-20
3,-2.8250000000000006,1.9761476520792825e-18
4,-2.7750000000000012,1.4878701255079038e-16
5,-2.725000000000001,9.516780813893032e-15
6,-2.6750000000000007,5.171237929506825e-13
7,-2.6250000000000013,2.3871427121475703e-11
8,-2.575000000000001,9.361418417463941e-10
9,-2.5250000000000017,3.118777126077964e-08
10,-2.475000000000002,8.82686397181934e-07
11,-2.425000000000002,2.1223056851999775e-05
12,-2.375000000000002,0.0004334997497657161
13,-2.3250000000000024,0.007522274454505126
14,-2.2750000000000026,0.11088911276928799
15,-2.2250000000000028,1.3886987754873743
16,-2.1750000000000034,14.774289561465704
17,-2.125000000000003,133.53175917915615
18,-2.0750000000000037,1025.2787225901877
19,-2.0250000000000035,6687.729962348318
20,-1.975000000000004,37059.104694651585
21,-1.925000000000004,174457.85457805244
22,-1.8750000000000042,697694.8893440621
23,-1.825000000000004,2370390.872776697
24,-1.7750000000000044,6841538.901747988
25,-1.7250000000000043,16775174.455132047
26,-1.6750000000000047,34942960.721301965
27,-1.6250000000000049,61834629.76289392
28,-1.5750000000000048,92957244.07291977
29,-1.5250000000000052,118717331.06636214
30,-1.4750000000000054,128802537.6308405
31,-1.4250000000000056,118717331.06636214
32,-1.3750000000000058,92957244.07291964
33,-1.3250000000000057,61834629.76289379
34,-1.275000000000006,34942960.72130187
35,-1.2250000000000063,118643317.77016148
36,-1.1750000000000065,79077962.49247491
37,-1.1250000000000069,52706922.475611836
38,-1.0750000000000068,35130137.26314083
39,-1.0250000000000072,23414885.29705308
40,-0.9750000000000072,15606453.495113198
41,-0.9250000000000074,10401989.486823805
42,-0.8750000000000075,6933118.105139884
43,-0.8250000000000077,4621051.26338633
44,-0.7750000000000079,3080016.012277862
45,-0.7250000000000081,2052887.5563557956
46,-0.6750000000000083,1368287.4706627587
47,-0.6250000000000084,911988.8698123151
48,-0.5750000000000086,607857.4250619147
49,-0.5250000000000088,405148.2001956243
50,-0.475000000000009,270038.7580278952
51,-0.4250000000000092,179985.81951502795
52,-0.3750000000000093,119963.87282728443
53,-0.3250000000000095,79958.13682710292
54,-0.2750000000000097,53293.574925397326
55,-0.22500000000000986,35521.15195568451
56,-0.17500000000001004,23675.5038112021
57,-0.1250000000000102,15780.160548102489
58,-0.07500000000001039,10517.76844580045
