,abundance,fit_val
0,-2.975,8.226247731957294
1,-2.9250000000000003,19.838641131410895
2,-2.8750000000000004,46.70332580566348
3,-2.8250000000000006,107.32711240438803
4,-2.7750000000000012,240.76692786314203
5,-2.725000000000001,527.2419617161129
6,-2.6750000000000007,1127.0647132521292
7,-2.6250000000000013,2351.8709519615827
8,-2.575000000000001,4790.754024537775
9,-2.5250000000000017,9526.206855785826
10,-2.475000000000002,18491.06358455502
11,-2.425000000000002,35037.210787856464
12,-2.375000000000002,64807.14798023996
13,-2.3250000000000024,117015.1362911417
14,-2.2750000000000026,206246.66070886675
15,-2.2250000000000028,354860.41679760965
16,-2.1750000000000034,596010.5407930315
17,-2.125000000000003,977183.3813899542
18,-2.0750000000000037,1563953.9239447326
19,-2.0250000000000035,2443416.967065014
20,-1.975000000000004,3726464.310300152
21,-1.925000000000004,5547816.613356001
22,-1.8750000000000042,8062560.322888623
23,-1.825000000000004,11437987.217687402
24,-1.7750000000000044,15839883.621547824
25,-1.7250000000000043,21413128.1271355
26,-1.6750000000000047,28257516.80295407
27,-1.6250000000000049,36401025.849772155
28,-1.5750000000000048,45774014.33278861
29,-1.5250000000000052,56188848.126419514
30,-1.4750000000000054,67329750.73736016
31,-1.4250000000000056,78757085.0786375
32,-1.3750000000000058,89928636.91997305
33,-1.3250000000000057,100237941.01056555
34,-1.275000000000006,109066659.91800155
35,-1.2250000000000063,115845092.12134658
36,-1.1750000000000065,120112723.56897213
37,-1.1250000000000069,121569922.52433349
38,-1.0750000000000068,86196040.63821739
39,-1.0250000000000072,25779665.024317864
40,-0.9750000000000072,7710228.03188208
41,-0.9250000000000074,2305988.7026283625
42,-0.8750000000000075,689679.1994557402
43,-0.8250000000000077,206270.4806921893
44,-0.7750000000000079,61691.74195562692
45,-0.7250000000000081,18450.875824539507
46,-0.6750000000000083,5518.3207330641
47,-0.6250000000000084,1650.4291721731895
48,-0.5750000000000086,493.6132900067597
49,-0.5250000000000088,147.63074003985753
50,-0.475000000000009,44.15366410498699
51,-0.4250000000000092,13.20555633176177
52,-0.3750000000000093,3.949541257021907
53,-0.3250000000000095,1.1812358183956282
54,-0.2750000000000097,0.3532861078941883
55,-0.22500000000000986,0.10566143701986946
56,-0.17500000000001004,0.031601410368640025
57,-0.1250000000000102,0.009451405976045874
58,-0.07500000000001039,0.0028267432966435665
