,abundance,fit_val
0,-2.975,2.8051106327147823
1,-2.9250000000000003,7.184421889294217
2,-2.8750000000000004,17.932608748579373
3,-2.8250000000000006,43.621935554931525
4,-2.7750000000000012,103.41325384870119
5,-2.725000000000001,238.9226303853959
6,-2.6750000000000007,537.957769704284
7,-2.6250000000000013,1180.453527174533
8,-2.575000000000001,2524.4072382139843
9,-2.5250000000000017,5261.138709950969
10,-2.475000000000002,10685.87034108332
11,-2.425000000000002,21151.92321503291
12,-2.375000000000002,40803.70837579188
13,-2.3250000000000024,76711.27860955444
14,-2.2750000000000026,140549.27861634525
15,-2.2250000000000028,250961.92272924326
16,-2.1750000000000034,436713.74194126256
17,-2.125000000000003,740620.4432860375
18,-2.0750000000000037,1224064.62223427
19,-2.0250000000000035,1971618.1592774494
20,-1.975000000000004,3094931.8161756415
21,-1.925000000000004,4734664.111195609
22,-1.8750000000000042,7058900.759007332
23,-1.825000000000004,10256396.23742164
24,-1.7750000000000044,14523199.995470503
25,-1.7250000000000043,20041935.403660327
26,-1.6750000000000047,26954222.616460435
27,-1.6250000000000049,35328384.34920877
28,-1.5750000000000048,45126386.11469677
29,-1.5250000000000052,56175525.82539222
30,-1.4750000000000054,68151206.75875442
31,-1.4250000000000056,80576753.83792017
32,-1.3750000000000058,92844417.7062954
33,-1.3250000000000057,104258540.07151204
34,-1.275000000000006,114097806.27470155
35,-1.2250000000000063,121689403.55205889
36,-1.1750000000000065,126484714.0526056
37,-1.1250000000000069,177953759.99999997
38,-1.0750000000000068,87132152.61464335
39,-1.0250000000000072,42662835.66731913
40,-0.9750000000000072,20889160.80412294
41,-0.9250000000000074,10228036.46956755
42,-0.8750000000000075,5007991.034381632
43,-0.8250000000000077,2452081.0299288267
44,-0.7750000000000079,1200621.4340356232
45,-0.7250000000000081,587864.6791324008
46,-0.6750000000000083,287838.34035832016
47,-0.6250000000000084,140935.3429814964
48,-0.5750000000000086,69006.68922904968
49,-0.5250000000000088,33787.99850779685
50,-0.475000000000009,16543.741714278513
51,-0.4250000000000092,8100.372972539393
52,-0.3750000000000093,3966.215347620849
53,-0.3250000000000095,1941.9925770123718
54,-0.2750000000000097,950.8649527649604
55,-0.22500000000000986,465.57549657974334
56,-0.17500000000001004,227.96143909308068
57,-0.1250000000000102,111.61759606153926
58,-0.07500000000001039,54.65173320593893
