,abundance,fit_val
0,-2.975,1.500038677662396e-34
1,-2.9250000000000003,1.6511465724951466e-31
2,-2.8750000000000004,1.39536652654706e-28
3,-2.8250000000000006,9.053374311102294e-26
4,-2.7750000000000012,4.509746765694774e-23
5,-2.725000000000001,1.7246991047678552e-20
6,-2.6750000000000007,5.064003802568847e-18
7,-2.6250000000000013,1.141548088905049e-15
8,-2.575000000000001,1.97566771303161e-13
9,-2.5250000000000017,2.6251437915679276e-11
10,-2.475000000000002,2.678007531107966e-09
11,-2.425000000000002,2.0974421643108063e-07
12,-2.375000000000002,1.2612108478873505e-05
13,-2.3250000000000024,0.0005822438417682315
14,-2.2750000000000026,0.020636764735156524
15,-2.2250000000000028,0.5615621465420415
16,-2.1750000000000034,11.732040155141007
17,-2.125000000000003,188.177961295788
18,-2.0750000000000037,2317.3065034714405
19,-2.0250000000000035,21908.75530585192
20,-1.975000000000004,159027.2072752525
21,-1.925000000000004,886226.3580766806
22,-1.8750000000000042,3791729.9245796097
23,-1.825000000000004,12455169.223281445
24,-1.7750000000000044,31410971.729956456
25,-1.7250000000000043,60818067.23777238
26,-1.6750000000000047,90407270.97764842
27,-1.6250000000000049,103179544.99559692
28,-1.5750000000000048,90407270.9776483
29,-1.5250000000000052,60818067.237772234
30,-1.4750000000000054,72095772.54775214
31,-1.4250000000000056,64467111.88770845
32,-1.3750000000000058,57645661.71185163
33,-1.3250000000000057,51546008.761574686
34,-1.275000000000006,46091777.60036144
35,-1.2250000000000063,41214674.29588589
36,-1.1750000000000065,36853631.2928542
37,-1.1250000000000069,32954042.769306067
38,-1.0750000000000068,29467080.902060743
39,-1.0250000000000072,26349084.48007936
40,-0.9750000000000072,23561012.210402053
41,-0.9250000000000074,21067953.871353745
42,-0.8750000000000075,18838693.192032225
43,-0.8250000000000077,16845316.984772623
44,-0.7750000000000079,15062865.636427822
45,-0.7250000000000081,13469020.582169868
46,-0.6750000000000083,12043824.848585602
47,-0.6250000000000084,10769433.166909581
48,-0.5750000000000086,9629888.527493212
49,-0.5250000000000088,8610922.377686912
50,-0.475000000000009,7699775.961357981
51,-0.4250000000000092,6885040.562986926
52,-0.3750000000000093,6156514.655994601
53,-0.3250000000000095,5505076.166614923
54,-0.2750000000000097,4922568.253893917
55,-0.22500000000000986,4401697.175634957
56,-0.17500000000001004,3935940.961441524
57,-0.1250000000000102,3519467.749327512
58,-0.07500000000001039,3147062.7633652044
