,abundance,fit_val
0,-2.975,174.54413087402378
1,-2.9250000000000003,367.5862490656151
2,-2.8750000000000004,758.0570354015586
3,-2.8250000000000006,1530.851726554633
4,-2.7750000000000012,3027.282800908808
5,-2.725000000000001,5862.211434172508
6,-2.6750000000000007,11116.257093380931
7,-2.6250000000000013,20641.645073221123
8,-2.575000000000001,37533.46415513147
9,-2.5250000000000017,66831.56210732782
10,-2.475000000000002,116528.77868417234
11,-2.425000000000002,198963.49291989979
12,-2.375000000000002,332661.25227740005
13,-2.3250000000000024,544652.6976496875
14,-2.2750000000000026,873224.1126325657
15,-2.2250000000000028,1370946.1603456289
16,-2.1750000000000034,2107675.266493415
17,-2.125000000000003,3173040.520810498
18,-2.0750000000000037,4677740.838434401
19,-2.0250000000000035,6752822.200189879
20,-1.975000000000004,9546036.546915838
21,-1.925000000000004,13214462.108030308
22,-1.8750000000000042,17912842.474223286
23,-1.825000000000004,23777606.908946935
24,-1.7750000000000044,30907252.40652889
25,-1.7250000000000043,39340626.721384056
26,-1.6750000000000047,49035518.18969817
27,-1.6250000000000049,59850651.680779666
28,-1.5750000000000048,71534511.7915569
29,-1.5250000000000052,83724193.16778427
30,-1.4750000000000054,95956620.48486604
31,-1.4250000000000056,107693015.21891466
32,-1.3750000000000058,118355582.91735259
33,-1.3250000000000057,127373352.69281863
34,-1.275000000000006,134232299.9597794
35,-1.2250000000000063,138523706.08934125
36,-1.1750000000000065,139984449.08847097
37,-1.1250000000000069,148490699.62055454
38,-1.0750000000000068,56942709.079887226
39,-1.0250000000000072,21836196.64829074
40,-0.9750000000000072,8373670.514935813
41,-0.9250000000000074,3211106.724402682
42,-0.8750000000000075,1231384.2988104674
43,-0.8250000000000077,472207.06799740694
44,-0.7750000000000079,181080.3623873623
45,-0.7250000000000081,69440.08225331883
46,-0.6750000000000083,26628.646860297064
47,-0.6250000000000084,10211.463042679763
48,-0.5750000000000086,3915.8571601129925
49,-0.5250000000000088,1501.6396019178221
50,-0.475000000000009,575.8436535981433
51,-0.4250000000000092,220.82256818863866
52,-0.3750000000000093,84.6802883330122
53,-0.3250000000000095,32.47290931802059
54,-0.2750000000000097,12.452600957492262
55,-0.22500000000000986,4.775281114725501
56,-0.17500000000001004,1.8312085806406608
57,-0.1250000000000102,0.7022256460402659
58,-0.07500000000001039,0.2692871053411879
