,abundance,fit_val
0,-1.975,1.1519905956361358e-14
1,-1.925,1.0621491585790413e-11
2,-1.875,5.906251938265975e-09
3,-1.825,1.980743824791276e-06
4,-1.775,0.00040062176149817944
5,-1.7249999999999996,0.048868684119648384
6,-1.6749999999999998,3.5951468707801286
7,-1.6249999999999996,159.51168858640065
8,-1.5749999999999995,4268.332773821881
9,-1.5249999999999997,68883.29498265778
10,-1.4749999999999996,670439.2604370217
11,-1.4249999999999994,3935454.0578924767
12,-1.3749999999999996,13932214.064410385
13,-1.3249999999999993,29746461.652544018
14,-1.2749999999999997,38303668.672085874
15,-1.2249999999999992,37402295.38906927
16,-1.1749999999999994,24538070.232496984
17,-1.1249999999999991,16098394.081741828
18,-1.0749999999999993,10561478.125848917
19,-1.024999999999999,6928940.83946513
20,-0.9749999999999992,4545786.165982229
21,-0.9249999999999989,2982298.7878809026
22,-0.874999999999999,1956560.5893989801
23,-0.824999999999999,1283616.9720973505
24,-0.7749999999999989,842127.0161444402
25,-0.7249999999999989,552484.0561757184
26,-0.6749999999999988,362461.51290320355
27,-0.6249999999999988,237795.72798078033
28,-0.5749999999999987,156007.75870791613
29,-0.5249999999999987,102350.11782480184
30,-0.4749999999999986,67147.60025726378
31,-0.4249999999999986,44052.71157603599
32,-0.37499999999999856,28901.12810831958
33,-0.3249999999999985,18960.812536858186
34,-0.2749999999999985,12439.390279522977
35,-0.2249999999999984,8160.959886370481
36,-0.17499999999999838,5354.0619572474925
37,-0.12499999999999832,3512.57448157778
38,-0.07499999999999829,2304.4521313261807
39,-0.024999999999998246,1511.853955958942
40,0.025000000000001688,991.8636855491133
41,0.07500000000000172,650.7199765119292
42,0.125000000000002,426.90996152083443
43,0.17500000000000204,280.07763988229055
44,0.22500000000000187,183.74713975421267
45,0.2750000000000019,120.54875705909176
46,0.3250000000000022,79.08696074360925
47,0.3750000000000022,51.88562298153924
48,0.4250000000000021,34.03997127807164
49,0.4750000000000021,22.332191039205775
50,0.5250000000000024,14.651209677514029
51,0.5750000000000024,9.612041408638913
52,0.6250000000000022,6.306055409416945
53,0.6750000000000023,4.137137277716708
54,0.7250000000000025,2.714201468815787
55,0.7750000000000026,1.7806732333976534
56,0.8250000000000024,1.1682246880229863
57,0.8750000000000024,0.7664230000820357
58,0.9250000000000028,0.502817840674829
