,abundance,fit_val
0,-1.975,8.054795256806588e-12
1,-1.925,2.4022700757305547e-10
2,-1.875,6.332402726883982e-09
3,-1.825,1.475348410066119e-07
4,-1.775,3.038085757333591e-06
5,-1.7249999999999996,5.52948691148054e-05
6,-1.6749999999999998,0.0008895062625423682
7,-1.6249999999999996,0.012647146686441823
8,-1.5749999999999995,0.15893350873387505
9,-1.5249999999999997,1.7652968931825939
10,-1.4749999999999996,17.330033906647685
11,-1.4249999999999994,150.36973623893107
12,-1.3749999999999996,1153.1899089710057
13,-1.3249999999999993,7816.648786008706
14,-1.2749999999999997,46829.52301880732
15,-1.2249999999999992,247969.48480015452
16,-1.1749999999999994,1160529.3146039527
17,-1.1249999999999991,4800576.119642208
18,-1.0749999999999993,17551327.72954708
19,-1.024999999999999,56716047.94863819
20,-0.9749999999999992,161987430.3912333
21,-0.9249999999999989,408917824.3576265
22,-0.874999999999999,912368193.371122
23,-0.824999999999999,1799217231.6732435
24,-0.7749999999999989,3136002765.199428
25,-0.7249999999999989,4831129088.532909
26,-0.6749999999999988,6578096149.863627
27,-0.6249999999999988,7916462560.259536
28,-0.5749999999999987,8420569742.201132
29,-0.5249999999999987,8743008374.869024
30,-0.4749999999999986,3890646465.3740606
31,-0.4249999999999986,1731341120.7563283
32,-0.37499999999999856,770448331.170481
33,-0.3249999999999985,342850189.30531263
34,-0.2749999999999985,152568637.70229742
35,-0.2249999999999984,67893178.81812865
36,-0.17499999999999838,30212524.6672566
37,-0.12499999999999832,13444600.218451653
38,-0.07499999999999829,5982858.997212145
39,-0.024999999999998246,2662377.549270454
40,0.025000000000001688,1184760.365932458
41,0.07500000000000172,527219.4114876909
42,0.125000000000002,234613.10476119723
43,0.17500000000000204,104403.03927802895
44,0.22500000000000187,46459.444887293655
45,0.2750000000000019,20674.494096741426
46,0.3250000000000022,9200.16817232989
47,0.3750000000000022,4094.0829798825935
48,0.4250000000000021,1821.8705497770923
49,0.4750000000000021,810.7340072135705
50,0.5250000000000024,360.7773508018932
51,0.5750000000000024,160.54624043585332
52,0.6250000000000022,71.44321909564772
53,0.6750000000000023,31.79229573294228
54,0.7250000000000025,14.147599740958908
55,0.7750000000000026,6.2956944069624186
56,0.8250000000000024,2.801589583504278
57,0.8750000000000024,1.2467098443850024
58,0.9250000000000028,0.5547869842314083
