,abundance,fit_val
0,-1.975,8.124281786948339e-38
1,-1.925,2.7360349226340806e-35
2,-1.875,7.856266267180747e-33
3,-1.825,1.9233957493820983e-30
4,-1.775,4.014939536747682e-28
5,-1.7249999999999996,7.145740927651127e-26
6,-1.6749999999999998,1.0843598369252929e-23
7,-1.6249999999999996,1.4029993840280886e-21
8,-1.5749999999999995,1.5477450969675708e-19
9,-1.5249999999999997,1.455791881858806e-17
10,-1.4749999999999996,1.167500430389001e-15
11,-1.4249999999999994,7.983120876965219e-14
12,-1.3749999999999996,4.654213064236757e-12
13,-1.3249999999999993,2.3135437485687214e-10
14,-1.2749999999999997,9.805439660837589e-09
15,-1.2249999999999992,3.54335223517036e-07
16,-1.1749999999999994,1.0917406503176627e-05
17,-1.1249999999999991,0.00028680223794918505
18,-1.0749999999999993,0.006423969793939324
19,-1.024999999999999,0.12268242285952723
20,-0.9749999999999992,1.9976486134652665
21,-0.9249999999999989,27.734079226201803
22,-0.874999999999999,328.2965397482038
23,-0.824999999999999,3313.4220535066715
24,-0.7749999999999989,28513.144268805034
25,-0.7249999999999989,209204.66487972482
26,-0.6749999999999988,1308746.4505094131
27,-0.6249999999999988,6980677.413803916
28,-0.5749999999999987,31746622.021400593
29,-0.5249999999999987,123099240.42376697
30,-0.4749999999999986,406978179.5525077
31,-0.4249999999999986,1147214892.8508697
32,-0.37499999999999856,2757251156.036199
33,-0.3249999999999985,5650225469.565922
34,-0.2749999999999985,9872181454.384924
35,-0.2249999999999984,14706806548.842821
36,-0.17499999999999838,18680200363.13056
37,-0.12499999999999832,20230311979.968853
38,-0.07499999999999829,17705770419.78527
39,-0.024999999999998246,6499977583.465108
40,0.025000000000001688,2386211251.126195
41,0.07500000000000172,876003657.2258123
42,0.125000000000002,321590306.43695986
43,0.17500000000000204,118059239.06954537
44,0.22500000000000187,43340808.63352249
45,0.2750000000000019,15910874.132443639
46,0.3250000000000022,5841051.970189975
47,0.3750000000000022,2144312.615036717
48,0.4250000000000021,787200.0821893185
49,0.4750000000000021,288989.56479265814
50,0.5250000000000024,106091.15833268486
51,0.5750000000000024,38947.1982645679
52,0.6250000000000022,14297.932801363739
53,0.6750000000000023,5248.923966330405
54,0.7250000000000025,1926.9360953836403
55,0.7750000000000026,707.3988382209793
56,0.8250000000000024,259.6936751121277
57,0.8750000000000024,95.33632407829316
58,0.9250000000000028,34.998983648088036
