,abundance,fit_val
0,-2.975,1.4280221543271352
1,-2.9250000000000003,4.529285041159355
2,-2.8750000000000004,13.669403095207963
3,-2.8250000000000006,39.25496892408234
4,-2.7750000000000012,107.26669876046859
5,-2.725000000000001,278.9076213465901
6,-2.6750000000000007,690.0507598426249
7,-2.6250000000000013,1624.5268166145506
8,-2.575000000000001,3639.132939555591
9,-2.5250000000000017,7757.006346333955
10,-2.475000000000002,15733.145621117272
11,-2.425000000000002,30364.22268188453
12,-2.375000000000002,55761.437725945005
13,-2.3250000000000024,97438.58033972335
14,-2.2750000000000026,162014.21556520677
15,-2.2250000000000028,256330.6192915791
16,-2.1750000000000034,385898.4559783543
17,-2.125000000000003,552803.5009673663
18,-2.0750000000000037,753518.1514370044
19,-2.0250000000000035,977331.3768776075
20,-1.975000000000004,1206188.4208535256
21,-1.925000000000004,1416490.4731176428
22,-1.8750000000000042,1582841.216567696
23,-1.825000000000004,1683008.2040969639
24,-1.7750000000000044,1702786.918901752
25,-1.7250000000000043,1639304.258699228
26,-1.6750000000000047,1501702.8977656472
27,-1.6250000000000049,1308981.9568817827
28,-1.5750000000000048,1085696.6341232858
29,-1.5250000000000052,856857.3223300797
30,-1.4750000000000054,643478.0292784859
31,-1.4250000000000056,459816.04699734575
32,-1.3750000000000058,312650.9219917904
33,-1.3250000000000057,202283.51597964374
34,-1.275000000000006,124533.57723257627
35,-1.2250000000000063,72952.0705800584
36,-1.1750000000000065,40664.362864499126
37,-1.1250000000000069,21568.279908545046
38,-1.0750000000000068,10885.346044787666
39,-1.0250000000000072,5227.501405876426
40,-0.9750000000000072,2388.7531157228364
41,-0.9250000000000074,1038.660377300096
42,-0.8750000000000075,429.7353223720843
43,-0.8250000000000077,169.1818344630577
44,-0.7750000000000079,63.3769882307883
45,-0.7250000000000081,22.590958305720275
46,-0.6750000000000083,7.662366144202128
47,-0.6250000000000084,2.472955704201602
48,-0.5750000000000086,0.7594426155257864
49,-0.5250000000000088,0.2219211936122723
50,-0.475000000000009,0.06170605549131674
51,-0.4250000000000092,0.016326082279891813
52,-0.3750000000000093,0.004110184964360691
53,-0.3250000000000095,0.000984613851801821
54,-0.2750000000000097,0.0002244376465460222
55,-0.22500000000000986,4.868001020387398e-05
56,-0.17500000000001004,1.0046870510981526e-05
57,-0.1250000000000102,1.973041131388665e-06
58,-0.07500000000001039,3.686945031379029e-07
