,abundance,fit_val
0,-1.975,8.099913955644847e-06
1,-1.925,0.00027240645352485997
2,-1.875,0.006915369973584081
3,-1.825,0.13251788281798407
4,-1.775,1.9168785543588291
5,-1.7249999999999996,20.930314280631883
6,-1.6749999999999998,172.51145637500292
7,-1.6249999999999996,1073.3001119665496
8,-1.5749999999999995,5040.63729988589
9,-1.5249999999999997,17869.432651576273
10,-1.4749999999999996,47818.62899159797
11,-1.4249999999999994,96592.74711054139
12,-1.3749999999999996,147283.1133821574
13,-1.3249999999999993,169520.5823032386
14,-1.2749999999999997,117074.728626507
15,-1.2249999999999992,30651.569984326554
16,-1.1749999999999994,8024.949137412464
17,-1.1249999999999991,2101.028061237535
18,-1.0749999999999993,550.0743791045319
19,-1.024999999999999,144.01607866627342
20,-0.9749999999999992,37.70513898170321
21,-0.9249999999999989,9.871658212024883
22,-0.874999999999999,2.584518675354243
23,-0.824999999999999,0.6766580284473476
24,-0.7749999999999989,0.17715719829321594
25,-0.7249999999999989,0.04638188211424429
26,-0.6749999999999988,0.012143333769023799
27,-0.6249999999999988,0.003179270618270734
28,-0.5749999999999987,0.0008323712298827918
29,-0.5249999999999987,0.00021792478449457733
30,-0.4749999999999986,5.7055325787383726e-05
31,-0.4249999999999986,1.4937769507283875e-05
32,-0.37499999999999856,3.9108874548233666e-06
33,-0.3249999999999985,1.0239173041756098e-06
34,-0.2749999999999985,2.6807384715130097e-07
35,-0.2249999999999984,7.018495266505712e-08
36,-0.17499999999999838,1.837526350646276e-08
37,-0.12499999999999832,4.810864667007788e-09
38,-0.07499999999999829,1.259542146762911e-09
