,abundance,fit_val
0,-1.975,1.992163934466887e-45
1,-1.925,3.245842952526319e-39
2,-1.875,2.071348322655091e-33
3,-1.825,5.177283839621769e-28
4,-1.775,5.0684365991967353e-23
5,-1.7249999999999996,1.943431625078845e-18
6,-1.6749999999999998,2.918688301724372e-14
7,-1.6249999999999996,1.7168382230169768e-10
8,-1.5749999999999995,3.955434838742037e-07
9,-1.5249999999999997,0.0003569293816237319
10,-1.4749999999999996,0.12615183414752681
11,-1.4249999999999994,17.463369504983014
12,-1.3749999999999996,946.8598944774915
13,-1.3249999999999993,20107.89481756404
14,-1.2749999999999997,167251.7583405213
15,-1.2249999999999992,544876.3827733059
16,-1.1749999999999994,695261.9794249991
17,-1.1249999999999991,347473.89408328413
18,-1.0749999999999993,68017.25275719033
19,-1.024999999999999,5214.818485740706
20,-0.9749999999999992,156.59666564766306
21,-0.9249999999999989,1.8418278229356169
22,-0.874999999999999,0.00848474417391041
23,-0.824999999999999,1.530917120503263e-05
24,-0.7749999999999989,1.081901721623768e-08
25,-0.7249999999999989,2.9946574255320167e-12
26,-0.6749999999999988,3.246606765190426e-16
27,-0.6249999999999988,1.3785909865336464e-20
28,-0.5749999999999987,2.2927905576876394e-25
29,-0.5249999999999987,1.4935389010478023e-30
30,-0.4749999999999986,3.8105871409696025e-36
31,-0.4249999999999986,3.807943191637522e-42
32,-0.37499999999999856,1.4904322129245906e-48
33,-0.3249999999999985,2.2848474041905107e-55
34,-0.2749999999999985,1.3719092274397092e-62
35,-0.2249999999999984,3.2263892219970765e-70
36,-0.17499999999999838,2.971880509207551e-78
37,-0.12499999999999832,1.0721835349136746e-86
38,-0.07499999999999829,1.5150610318699364e-95
