abundance,num_val
-1.975,0.0
-1.9249999999999998,0.0
-1.875,0.0
-1.8249999999999997,0.0
-1.775,0.0
-1.7249999999999996,36662.812
-1.6749999999999998,83818.98
-1.6249999999999996,89083.664
-1.5749999999999997,136291.94
-1.5249999999999995,235974.95
-1.4749999999999996,377907.72
-1.4249999999999994,451435.7
-1.3749999999999996,682734.5
-1.3249999999999993,793363.44
-1.2749999999999995,1309284.4
-1.2249999999999992,2774370.5
-1.1749999999999994,6984091.0
-1.1249999999999991,21978098.0
-1.0749999999999993,33864520.0
-1.024999999999999,10109850.0
-0.9749999999999991,1809130.0
-0.924999999999999,568845.0
-0.874999999999999,232255.0
-0.824999999999999,152635.0
-0.7749999999999989,114745.0
-0.7249999999999989,68255.0
-0.6749999999999988,48585.0
-0.6249999999999988,37680.0
-0.5749999999999987,40800.0
-0.5249999999999987,6340.0
-0.47499999999999865,11640.0
-0.4249999999999986,0.0
-0.37499999999999856,5770.0
-0.3249999999999985,8300.0
-0.27499999999999847,18865.0
-0.22499999999999842,25560.0
-0.17499999999999838,32390.0
-0.12499999999999833,9545.0
-0.07499999999999829,0.0
-0.024999999999998246,11665.0
0.025000000000001688,0.0
0.07500000000000173,0.0
0.125000000000002,12665.0
0.17500000000000204,10530.0
0.22500000000000187,0.0
0.2750000000000019,0.0
0.3250000000000022,0.0
0.3750000000000022,0.0
0.42500000000000204,0.0
0.4750000000000021,0.0
0.5250000000000024,0.0
0.5750000000000024,0.0
0.6250000000000022,0.0
0.6750000000000023,0.0
0.7250000000000025,0.0
0.7750000000000026,0.0
0.8250000000000024,0.0
0.8750000000000024,0.0
0.9250000000000027,0.0
