,abundance,fit_val
0,-2.975,8.189861053187378e-14
1,-2.9250000000000003,2.0294633102746834e-12
2,-2.8750000000000004,4.49334661890114e-11
3,-2.8250000000000006,8.888790807784206e-10
4,-2.7750000000000012,1.57108432646267e-08
5,-2.725000000000001,2.481077630863366e-07
6,-2.6750000000000007,3.5007835293532694e-06
7,-2.6250000000000013,4.4134093171382605e-05
8,-2.575000000000001,0.0004971268322167668
9,-2.5250000000000017,0.005003158348660719
10,-2.475000000000002,0.04498889629509962
11,-2.425000000000002,0.3614518699493439
12,-2.375000000000002,2.5946552378894756
13,-2.3250000000000024,16.641516117168006
14,-2.2750000000000026,95.36525336481067
15,-2.2250000000000028,488.28287225288915
16,-2.1750000000000034,2233.761805966628
17,-2.125000000000003,9130.325861800096
18,-2.0750000000000037,33344.15694092139
19,-2.0250000000000035,108802.09343675518
20,-1.975000000000004,317204.1119412343
21,-1.925000000000004,826274.6178984935
22,-1.8750000000000042,1923065.4357972036
23,-1.825000000000004,3998966.435193105
24,-1.7750000000000044,7429943.348856697
25,-1.7250000000000043,12334095.095508536
26,-1.6750000000000047,18294187.639763426
27,-1.6250000000000049,24243929.51078033
28,-1.5750000000000048,28706281.720639903
29,-1.5250000000000052,30369309.623153433
30,-1.4750000000000054,28706281.72063989
31,-1.4250000000000056,24243929.51078033
32,-1.3750000000000058,13611023.547157701
33,-1.3250000000000057,7161142.351266124
34,-1.275000000000006,3767678.426050944
35,-1.2250000000000063,1982281.6005912714
36,-1.1750000000000065,1042934.1094699758
37,-1.1250000000000069,548716.9715803721
38,-1.0750000000000068,288695.43355269934
39,-1.0250000000000072,151890.78827676413
40,-0.9750000000000072,79914.01623304597
41,-0.9250000000000074,42045.01183349584
42,-0.8750000000000075,22121.063405492958
43,-0.8250000000000077,11638.513698787878
44,-0.7750000000000079,6123.349435508501
45,-0.7250000000000081,3221.66638109876
46,-0.6750000000000083,1695.0093050242633
47,-0.6250000000000084,891.792074118789
48,-0.5750000000000086,469.1968953230658
49,-0.5250000000000088,246.85768462153877
50,-0.475000000000009,129.87877171426683
51,-0.4250000000000092,68.33287514572595
52,-0.3750000000000093,35.951847742708935
53,-0.3250000000000095,18.91527838333274
54,-0.2750000000000097,9.951860023426324
55,-0.22500000000000986,5.2359534931899265
56,-0.17500000000001004,2.754782414374134
57,-0.1250000000000102,1.4493685171984987
58,-0.07500000000001039,0.7625535460387463
