,abundance,fit_val
0,-2.975,6.413403548370009e-20
1,-2.9250000000000003,3.644195910178245e-18
2,-2.8750000000000004,1.8056760721527373e-16
3,-2.8250000000000006,7.801946137171199e-15
4,-2.7750000000000012,2.939618896139374e-13
5,-2.725000000000001,9.658375614043533e-12
6,-2.6750000000000007,2.767210072411025e-10
7,-2.6250000000000013,6.913614288357054e-09
8,-2.575000000000001,1.5062364090824998e-07
9,-2.5250000000000017,2.8615814640475634e-06
10,-2.475000000000002,4.740717372623387e-05
11,-2.425000000000002,0.0006848681875910714
12,-2.375000000000002,0.008627697313617852
13,-2.3250000000000024,0.094778053486855
14,-2.2750000000000026,0.9079159545397051
15,-2.2250000000000028,7.584177500655922
16,-2.1750000000000034,55.24542355103513
17,-2.125000000000003,350.92079484409584
18,-2.0750000000000037,1943.778970447996
19,-2.0250000000000035,9388.790147617168
20,-1.975000000000004,39545.52658662567
21,-1.925000000000004,145247.97016313375
22,-1.8750000000000042,465208.6258223824
23,-1.825000000000004,1299302.947502421
24,-1.7750000000000044,3164448.751118076
25,-1.7250000000000043,6720640.851922403
26,-1.6750000000000047,12446529.891875422
27,-1.6250000000000049,20100685.26237113
28,-1.5750000000000048,28307298.09807435
29,-1.5250000000000052,34762495.9578136
30,-1.4750000000000054,37226179.09179287
31,-1.4250000000000056,32498212.95563319
32,-1.3750000000000058,17266067.734520845
33,-1.3250000000000057,9173338.097699486
34,-1.275000000000006,4873728.815882022
35,-1.2250000000000063,2589377.2057432113
36,-1.1750000000000065,1375717.5597816037
37,-1.1250000000000069,730908.8842265593
38,-1.0750000000000068,388326.6541470329
39,-1.0250000000000072,206315.16947642894
40,-0.9750000000000072,109613.77155421974
41,-0.9250000000000074,58237.01158199811
42,-0.8750000000000075,30940.907058600544
43,-0.8250000000000077,16438.682267564778
44,-0.7750000000000079,8733.754126281623
45,-0.7250000000000081,4640.181000933785
46,-0.6750000000000083,2465.2949247374518
47,-0.6250000000000084,1309.7935327766706
48,-0.5750000000000086,695.8839209415447
49,-0.5250000000000088,369.7181420635002
50,-0.475000000000009,196.42860031302337
51,-0.4250000000000092,104.3611081825315
52,-0.3750000000000093,55.44630916134448
53,-0.3250000000000095,29.45822685437887
54,-0.2750000000000097,15.650944896599965
55,-0.22500000000000986,8.315234904235169
56,-0.17500000000001004,4.417824736424156
57,-0.1250000000000102,2.34715863430636
58,-0.07500000000001039,1.247028567968513
