,abundance,fit_val
0,-1.975,4.676119954511271
1,-1.925,72.0783485184604
2,-1.875,875.8438626039283
3,-1.825,8389.792780772505
4,-1.775,63354.64434959158
5,-1.7249999999999996,377145.00473903667
6,-1.6749999999999998,1769868.2651075325
7,-1.6249999999999996,6547510.507426749
8,-1.5749999999999995,19094757.426655382
9,-1.5249999999999997,43899014.10204432
10,-1.4749999999999996,79560603.3037189
11,-1.4249999999999994,113669525.79559466
12,-1.3749999999999996,128024387.98640427
13,-1.3249999999999993,81750030.08246626
14,-1.2749999999999997,28704756.219318934
15,-1.2249999999999992,10079054.757280601
16,-1.1749999999999994,3539042.2417833176
17,-1.1249999999999991,1242658.1947160552
18,-1.0749999999999993,436332.5677957603
19,-1.024999999999999,153208.75082849545
20,-0.9749999999999992,53795.94158879169
21,-0.9249999999999989,18889.282209893216
22,-0.874999999999999,6632.563198398051
23,-0.824999999999999,2328.8812190917397
24,-0.7749999999999989,817.7363065229757
25,-0.7249999999999989,287.13043049341354
26,-0.6749999999999988,100.81964498541771
27,-0.6249999999999988,35.400639345396065
28,-0.5749999999999987,12.430169400458253
29,-0.5249999999999987,4.364585334648285
30,-0.4749999999999986,1.5325298095072297
31,-0.4249999999999986,0.5381147204027658
32,-0.37499999999999856,0.18894735392276282
33,-0.3249999999999985,0.0663447796553347
34,-0.2749999999999985,0.023295535481879393
35,-0.2249999999999984,0.008179723803542116
36,-0.17499999999999838,0.0028721332271704598
37,-0.12499999999999832,0.001008487507982156
38,-0.07499999999999829,0.0003541085922250309
