,abundance,fit_val
0,-1.975,63084.95736809581
1,-1.925,195893.4884151649
2,-1.875,555580.0613532306
3,-1.825,1439149.0249917065
4,-1.775,3404845.024667845
5,-1.7249999999999996,7357349.650099462
6,-1.6749999999999998,14520377.511653109
7,-1.6249999999999996,26173806.321927253
8,-1.5749999999999995,43091173.995734125
9,-1.5249999999999997,64795110.28514463
10,-1.4749999999999996,88987417.9545438
11,-1.4249999999999994,111621394.20673099
12,-1.3749999999999996,127878856.78870547
13,-1.3249999999999993,133808133.44574341
14,-1.2749999999999997,108827541.60139291
15,-1.2249999999999992,55281244.9778688
16,-1.1749999999999994,28081274.292647053
17,-1.1249999999999991,14264475.523562562
18,-1.0749999999999993,7245941.18635121
19,-1.024999999999999,3680728.6457418683
20,-0.9749999999999992,1869703.7438150956
21,-0.9249999999999989,949755.449557615
22,-0.874999999999999,482448.3113692689
23,-0.824999999999999,245069.79481030998
24,-0.7749999999999989,124488.37090528806
25,-0.7249999999999989,63236.49351666491
26,-0.6749999999999988,32122.310567671975
27,-0.6249999999999988,16317.20512672082
28,-0.5749999999999987,8288.668481259254
29,-0.5249999999999987,4210.403966774624
30,-0.4749999999999986,2138.763494222683
31,-0.4249999999999986,1086.4300243674202
32,-0.37499999999999856,551.8750441717133
33,-0.3249999999999985,280.336567978104
34,-0.2749999999999985,142.40287212786149
35,-0.2249999999999984,72.33654223750005
36,-0.17499999999999838,36.744872239510826
37,-0.12499999999999832,18.6653328198208
38,-0.07499999999999829,9.481449466030861
39,-0.024999999999998246,4.8163022242728655
40,0.025000000000001688,2.446542292783699
41,0.07500000000000172,1.2427727562887645
42,0.125000000000002,0.6312926321891802
43,0.17500000000000204,0.3206784067639658
44,0.22500000000000187,0.16289535996653187
45,0.2750000000000019,0.08274613363087092
46,0.3250000000000022,0.04203264373070343
47,0.3750000000000022,0.02135136787023378
48,0.4250000000000021,0.010845877619566608
49,0.4750000000000021,0.005509392281260313
50,0.5250000000000024,0.002798612004809206
51,0.5750000000000024,0.0014216139918195392
52,0.6250000000000022,0.0007221388096185458
53,0.6750000000000023,0.0003668256385756538
54,0.7250000000000025,0.00018633681963100217
55,0.7750000000000026,9.465371745828841e-05
56,0.8250000000000024,4.808135207209986e-05
57,0.8750000000000024,2.442393684220573e-05
58,0.9250000000000028,1.2406653830731047e-05
