,abundance,fit_val
0,-1.975,16223.599306924976
1,-1.925,59405.89405150204
2,-1.875,196072.76587250238
3,-1.825,583324.7828660558
4,-1.775,1564260.1977944395
5,-1.7249999999999996,3781054.8352238596
6,-1.6749999999999998,8238011.0606423365
7,-1.6249999999999996,16178460.005256474
8,-1.5749999999999995,28638970.53002664
9,-1.5249999999999997,45696510.70841539
10,-1.4749999999999996,65722502.32616519
11,-1.4249999999999994,85202150.29148021
12,-1.3749999999999996,99561730.00765298
13,-1.3249999999999993,104867213.30233093
14,-1.2749999999999997,68286198.07473406
15,-1.2249999999999992,19798132.93334625
16,-1.1749999999999994,5740048.189789081
17,-1.1249999999999991,1664205.0708531986
18,-1.0749999999999993,482500.91746273293
19,-1.024999999999999,139890.89411500332
20,-0.9749999999999992,40558.39387664333
21,-0.9249999999999989,11759.044963288254
22,-0.874999999999999,3409.2853595039824
23,-0.824999999999999,988.4498867736179
24,-0.7749999999999989,286.58005289558014
25,-0.7249999999999989,83.08780021788104
26,-0.6749999999999988,24.089543132166117
27,-0.6249999999999988,6.984251439979801
28,-0.5749999999999987,2.024935380020793
29,-0.5249999999999987,0.5870870097528754
30,-0.4749999999999986,0.1702134104728967
31,-0.4249999999999986,0.04934976353336565
32,-0.37499999999999856,0.014307915892366659
33,-0.3249999999999985,0.004148276354852815
34,-0.2749999999999985,0.0012027046318752637
35,-0.2249999999999984,0.0003486986660958661
36,-0.17499999999999838,0.00010109777289828228
37,-0.12499999999999832,2.931115223188897e-05
38,-0.07499999999999829,8.498146106793014e-06
39,-0.024999999999998246,2.4638569879839242e-06
40,0.025000000000001688,7.143430085750983e-07
41,0.07500000000000172,2.0710858478749114e-07
42,0.125000000000002,6.004673578066901e-08
43,0.17500000000000204,1.7409275823178103e-08
44,0.22500000000000187,5.0474498030093715e-09
45,0.2750000000000019,1.4634008773633472e-09
46,0.3250000000000022,4.242820060520418e-10
47,0.3750000000000022,1.2301155715027647e-10
48,0.4250000000000021,3.566458859129577e-11
49,0.4750000000000021,1.0340190050862434e-11
50,0.5250000000000024,2.9979185099599963e-12
51,0.5750000000000024,8.691828049728366e-13
52,0.6250000000000022,2.520010954102048e-13
53,0.6750000000000023,7.306236585056157e-14
54,0.7250000000000025,2.1182881348162798e-14
55,0.7750000000000026,6.141526584672981e-15
56,0.8250000000000024,1.780605205227068e-15
57,0.8750000000000024,5.162486644272224e-16
58,0.9250000000000028,1.496753366442622e-16
