,abundance,fit_val
0,-2.975,5.1123692990182466e-26
1,-2.9250000000000003,7.680426066499904e-24
2,-2.8750000000000004,9.73553512843976e-22
3,-2.8250000000000006,1.0412278216387416e-19
4,-2.7750000000000012,9.396002426431346e-18
5,-2.725000000000001,7.154048780199608e-16
6,-2.6750000000000007,4.5959161266784175e-14
7,-2.6250000000000013,2.4911719905677642e-12
8,-2.575000000000001,1.1393227006378759e-10
9,-2.5250000000000017,4.3964405971694135e-09
10,-2.475000000000002,1.4314200263469643e-07
11,-2.425000000000002,3.932279587465357e-06
12,-2.375000000000002,9.114505457140369e-05
13,-2.3250000000000024,0.0017825152343325715
14,-2.2750000000000026,0.02941337173532514
15,-2.2250000000000028,0.40951309496471155
16,-2.1750000000000034,4.810632668725067
17,-2.125000000000003,47.681292489357986
18,-2.0750000000000037,398.75419298163763
19,-2.0250000000000035,2813.6749677867356
20,-1.975000000000004,16751.511947202493
21,-1.925000000000004,84148.3329209816
22,-1.8750000000000042,356655.10287742235
23,-1.825000000000004,1275448.091363432
24,-1.7750000000000044,3848473.982555287
25,-1.7250000000000043,9797736.19899258
26,-1.6750000000000047,21046231.817721497
27,-1.6250000000000049,38144715.30800349
28,-1.5750000000000048,58331860.24399561
29,-1.5250000000000052,75264242.64152658
30,-1.4750000000000054,81937552.17412162
31,-1.4250000000000056,75264242.64152658
32,-1.3750000000000058,58331860.24399552
33,-1.3250000000000057,38144715.3080034
34,-1.275000000000006,24792740.289656367
35,-1.2250000000000063,8980442.612119047
36,-1.1750000000000065,3252901.79977443
37,-1.1250000000000069,1178268.2186172295
38,-1.0750000000000068,426793.0852076996
39,-1.0250000000000072,154593.27061785237
40,-0.9750000000000072,55996.8756492243
41,-0.9250000000000074,20283.224942086188
42,-0.8750000000000075,7347.003011889752
43,-0.8250000000000077,2661.236238854496
44,-0.7750000000000079,963.954731954137
45,-0.7250000000000081,349.1643138215874
46,-0.6750000000000083,126.47452624601097
47,-0.6250000000000084,45.81168566191525
48,-0.5750000000000086,16.59393875968227
49,-0.5250000000000088,6.010667356626006
50,-0.475000000000009,2.1771878633051687
51,-0.4250000000000092,0.7886224126008071
52,-0.3750000000000093,0.2856553263677397
53,-0.3250000000000095,0.10347025925011873
54,-0.2750000000000097,0.03747906501664274
55,-0.22500000000000986,0.013575691456674465
56,-0.17500000000001004,0.00491739584338577
57,-0.1250000000000102,0.0017811823403410727
58,-0.07500000000001039,0.0006451810329262522
