,abundance,fit_val
0,-2.975,1.8385862074217482e-30
1,-2.9250000000000003,4.776935485980764e-28
2,-2.8750000000000004,1.0342973157404325e-25
3,-2.8250000000000006,1.8662596331910714e-23
4,-2.7750000000000012,2.806269464664812e-21
5,-2.725000000000001,3.5165542545580465e-19
6,-2.6750000000000007,3.672281096960789e-17
7,-2.6250000000000013,3.19584093579391e-15
8,-2.575000000000001,2.3177417129264926e-13
9,-2.5250000000000017,1.4007981575032146e-11
10,-2.475000000000002,7.055320223430932e-10
11,-2.425000000000002,2.961341832938728e-08
12,-2.375000000000002,1.0358359903076256e-06
13,-2.3250000000000024,3.019423945132982e-05
14,-2.2750000000000026,0.0007334792570866303
15,-2.2250000000000028,0.014848487625206205
16,-2.1750000000000034,0.25049972280901933
17,-2.125000000000003,3.521785663857202
18,-2.0750000000000037,41.2619013290542
19,-2.0250000000000035,402.8711743222676
20,-1.975000000000004,3278.036583615381
21,-1.925000000000004,22227.572785383367
22,-1.8750000000000042,125603.26514403839
23,-1.825000000000004,591480.5403652793
24,-1.7750000000000044,2321189.7062381357
25,-1.7250000000000043,7591217.839713798
26,-1.6750000000000047,20689162.74582707
27,-1.6250000000000049,46989954.106858045
28,-1.5750000000000048,88940131.90075089
29,-1.5250000000000052,140288205.78149664
30,-1.4750000000000054,184406062.9654565
31,-1.4250000000000056,202003955.77230996
32,-1.3750000000000058,221610145.26716724
33,-1.3250000000000057,94640648.98372135
34,-1.275000000000006,40417158.832064524
35,-1.2250000000000063,17260519.085592024
36,-1.1750000000000065,7371263.288000573
37,-1.1250000000000069,3147965.7240656815
38,-1.0750000000000068,1344367.6901385332
39,-1.0250000000000072,574124.5759036476
40,-0.9750000000000072,245185.17595627022
41,-0.9250000000000074,104708.58247809327
42,-0.8750000000000075,44716.762348336735
43,-0.8250000000000077,19096.70427766486
44,-0.7750000000000079,8155.423047575522
45,-0.7250000000000081,3482.848355290083
46,-0.6750000000000083,1487.382395147844
47,-0.6250000000000084,635.2003198863019
48,-0.5750000000000086,271.26813366885
49,-0.5250000000000088,115.84754925399416
50,-0.475000000000009,49.47376046955744
51,-0.4250000000000092,21.128224038928124
52,-0.3750000000000093,9.023002229915853
53,-0.3250000000000095,3.853356017574525
54,-0.2750000000000097,1.6456110970412932
55,-0.22500000000000986,0.7027733410446713
56,-0.17500000000001004,0.3001258133049019
57,-0.1250000000000102,0.1281714865251316
58,-0.07500000000001039,0.054736811129846734
