,abundance,fit_val
0,-1.975,29.977530510615807
1,-1.925,442.7947375320943
2,-1.875,5061.00761825584
3,-1.825,44760.968456313916
4,-1.775,306330.2610048438
5,-1.7249999999999996,1622214.468679908
6,-1.6749999999999998,6647442.407792214
7,-1.6249999999999996,21077972.7777054
8,-1.5749999999999995,51716727.77044822
9,-1.5249999999999997,98188625.48320052
10,-1.4749999999999996,144251143.9123403
11,-1.4249999999999994,163985441.80235282
12,-1.3749999999999996,115751355.25077985
13,-1.3249999999999993,60119550.86699401
14,-1.2749999999999997,31225210.181068365
15,-1.2249999999999992,16217914.751375364
16,-1.1749999999999994,8423346.307604643
17,-1.1249999999999991,4374962.139434057
18,-1.0749999999999993,2272290.9663825138
19,-1.024999999999999,1180194.4957108756
20,-0.9749999999999992,612975.6568647928
21,-0.9249999999999989,318370.5374617088
22,-0.874999999999999,165356.9729703234
23,-0.824999999999999,85883.97886282683
24,-0.7749999999999989,44606.87500994756
25,-0.7249999999999989,23168.154578994683
26,-0.6749999999999988,12033.198615157198
27,-0.6249999999999988,6249.866316202061
28,-0.5749999999999987,3246.088610321408
29,-0.5249999999999987,1685.9706644831986
30,-0.4749999999999986,875.6683574378678
31,-0.4249999999999986,454.8092611403656
32,-0.37499999999999856,236.22123862540346
33,-0.3249999999999985,122.6898358177851
34,-0.2749999999999985,63.72329558759804
35,-0.2249999999999984,33.09694216703596
36,-0.17499999999999838,17.190064806085125
37,-0.12499999999999832,8.928266742772287
38,-0.07499999999999829,4.637210384563302
