,abundance,fit_val
0,-1.975,0.0997620622317752
1,-1.925,4.151370668163251
2,-1.875,121.11713742825945
3,-1.825,2477.4658355225656
4,-1.775,35530.20732226419
5,-1.7249999999999996,357252.93060669815
6,-1.6749999999999998,2518499.3870920655
7,-1.6249999999999996,12447894.244211297
8,-1.5749999999999995,43135806.406121165
9,-1.5249999999999997,104801607.43941687
10,-1.4749999999999996,178519621.49425828
11,-1.4249999999999994,213202337.48483956
12,-1.3749999999999996,178519621.49425882
13,-1.3249999999999993,136140611.9775007
14,-1.2749999999999997,57359922.792073995
15,-1.2249999999999992,24167371.476605296
16,-1.1749999999999994,10182402.898369098
17,-1.1249999999999991,4290136.760842241
18,-1.0749999999999993,1807556.979470734
19,-1.024999999999999,761575.3101054773
20,-0.9749999999999992,320873.39959379093
21,-0.9249999999999989,135193.1151137451
22,-0.874999999999999,56960.71533912248
23,-0.824999999999999,23999.17399058931
24,-0.7749999999999989,10111.536500227026
25,-0.7249999999999989,4260.278726072631
26,-0.6749999999999988,1794.9769378194462
27,-0.6249999999999988,756.2749797532256
28,-0.5749999999999987,318.6402192417881
29,-0.5249999999999987,134.25221253727685
30,-0.4749999999999986,56.56428624748576
31,-0.4249999999999986,23.83214710743873
32,-0.37499999999999856,10.041163310459824
33,-0.3249999999999985,4.2306284940585
34,-0.2749999999999985,1.7824844493959462
35,-0.2249999999999984,0.7510115380730057
36,-0.17499999999999838,0.31642258113944277
37,-0.12499999999999832,0.13331785835388
38,-0.07499999999999829,0.05617061618062211
