,abundance,fit_val
0,-2.975,0.23538475409895385
1,-2.9250000000000003,0.751025276344695
2,-2.8750000000000004,2.314673268503177
3,-2.8250000000000006,6.891023916112723
4,-2.7750000000000012,19.816946501305544
5,-2.725000000000001,55.04889875395856
6,-2.6750000000000007,147.7132496275546
7,-2.6250000000000013,382.8681046669341
8,-2.575000000000001,958.6009232147443
9,-2.5250000000000017,2318.3842415007466
10,-2.475000000000002,5416.165270693297
11,-2.425000000000002,12222.423247172455
12,-2.375000000000002,26642.909405557864
13,-2.3250000000000024,56100.262847151855
14,-2.2750000000000026,114105.62727820606
15,-2.2250000000000028,224185.82447916496
16,-2.1750000000000034,425469.22510183643
17,-2.125000000000003,779986.4804809797
18,-2.0750000000000037,1381226.546316031
19,-2.0250000000000035,2362662.437811876
20,-1.975000000000004,3903888.0555613274
21,-1.925000000000004,6230916.81528734
22,-1.8750000000000042,9606506.249421509
23,-1.825000000000004,14306648.417668195
24,-1.7750000000000044,20581132.010181684
25,-1.7250000000000043,28599571.79090703
26,-1.6750000000000047,38389169.93595071
27,-1.6250000000000049,49775637.56629429
28,-1.5750000000000048,62342449.18978405
29,-1.5250000000000052,75424042.77905118
30,-1.4750000000000054,88144389.27707548
31,-1.4250000000000056,99503523.00943911
32,-1.3750000000000058,108502853.7683359
33,-1.3250000000000057,114288565.7980667
34,-1.275000000000006,116284899.9261078
35,-1.2250000000000063,114288565.79806674
36,-1.1750000000000065,82579459.84472203
37,-1.1250000000000069,25721860.85587225
38,-1.0750000000000068,8011848.553295336
39,-1.0250000000000072,2495531.6258266293
40,-0.9750000000000072,777308.5142678272
41,-0.9250000000000074,242116.15677405777
42,-0.8750000000000075,75414.3718935802
43,-0.8250000000000077,23490.078332156114
44,-0.7750000000000079,7316.692643538451
45,-0.7250000000000081,2279.00437295374
46,-0.6750000000000083,709.8645774780614
47,-0.6250000000000084,221.10871060111643
48,-0.5750000000000086,68.87096983677736
49,-0.5250000000000088,21.451938611387924
50,-0.475000000000009,6.681852619142516
51,-0.4250000000000092,2.0812643198708627
52,-0.3750000000000093,0.6482724801139669
53,-0.3250000000000095,0.20192399613096212
54,-0.2750000000000097,0.06289531248700982
55,-0.22500000000000986,0.019590640085554677
56,-0.17500000000001004,0.006102095113065979
57,-0.1250000000000102,0.0019006813767335658
58,-0.07500000000001039,0.000592024481579519
