,abundance,fit_val
0,-2.975,0.9966748241901973
1,-2.9250000000000003,2.8063034895981844
2,-2.8750000000000004,7.6680413610437155
3,-2.8250000000000006,20.333068306861872
4,-2.7750000000000012,52.3226889301929
5,-2.725000000000001,130.66096231503468
6,-2.6750000000000007,316.64330683650843
7,-2.6250000000000013,744.6692741244985
8,-2.575000000000001,1699.515850823624
9,-2.5250000000000017,3764.0524508388585
10,-2.475000000000002,8090.116507261816
11,-2.425000000000002,16874.17496271789
12,-2.375000000000002,34155.36903407477
13,-2.3250000000000024,67090.9711901212
14,-2.2750000000000026,127890.36816802868
15,-2.2250000000000028,236581.21559346624
16,-2.1750000000000034,424708.88111617544
17,-2.125000000000003,739896.6972593844
18,-2.0750000000000037,1250891.084523394
19,-2.0250000000000035,2052279.7881079994
20,-1.975000000000004,3267550.446503457
21,-1.925000000000004,5048666.655328363
22,-1.8750000000000042,7570067.548023621
23,-1.825000000000004,11015176.872238118
24,-1.7750000000000044,15554349.665381279
25,-1.7250000000000043,21314782.375258118
26,-1.6750000000000047,28345140.256213732
27,-1.6250000000000049,36580107.72600584
28,-1.5750000000000048,45812080.196794
29,-1.5250000000000052,55678010.283313386
30,-1.4750000000000054,65668343.88964161
31,-1.4250000000000056,75161784.58885181
32,-1.3750000000000058,83484675.76868029
33,-1.3250000000000057,89988105.51794359
34,-1.275000000000006,94130879.25027294
35,-1.2250000000000063,95553760.6847653
36,-1.1750000000000065,61142333.02167244
37,-1.1250000000000069,19608627.071148008
38,-1.0750000000000068,6288576.778368367
39,-1.0250000000000072,2016775.4608185827
40,-0.9750000000000072,646789.1547974846
41,-0.9250000000000074,207428.25311542104
42,-0.8750000000000075,66523.1936425822
43,-0.8250000000000077,21334.29379047061
44,-0.7750000000000079,6842.0060224944555
45,-0.7250000000000081,2194.2627617118706
46,-0.6750000000000083,703.7101475219151
47,-0.6250000000000084,225.6830769615647
48,-0.5750000000000086,72.37759950769116
49,-0.5250000000000088,23.211828644944873
50,-0.475000000000009,7.444140075204196
51,-0.4250000000000092,2.3873699184544686
52,-0.3750000000000093,0.7656404997705453
53,-0.3250000000000095,0.2455444254187424
54,-0.2750000000000097,0.07874722519549197
55,-0.22500000000000986,0.02525459686333483
56,-0.17500000000001004,0.008099265226758435
57,-0.1250000000000102,0.002597471564023057
58,-0.07500000000001039,0.0008330210626536924
