abundance,num_val
-1.975,0.0
-1.9249999999999998,0.0
-1.875,0.0
-1.8249999999999997,0.0
-1.775,141721.86
-1.7249999999999996,141506.39
-1.6749999999999998,567046.75
-1.6249999999999996,283142.8
-1.5749999999999997,141425.0
-1.5249999999999995,1274192.8
-1.4749999999999996,1274630.6
-1.4249999999999994,2268486.2
-1.3749999999999996,4389720.5
-1.3249999999999993,6664140.5
-1.2749999999999995,7364151.0
-1.2249999999999992,18138874.0
-1.1749999999999994,28144820.0
-1.1249999999999991,53606800.0
-1.0749999999999993,84836680.0
-1.024999999999999,128678616.0
-0.9749999999999991,209043950.0
-0.924999999999999,324844960.0
-0.874999999999999,511115260.0
-0.824999999999999,775319040.0
-0.7749999999999989,1158768500.0
-0.7249999999999989,1676106500.0
-0.6749999999999988,2373720800.0
-0.6249999999999988,4152530000.0
-0.5749999999999987,12071357000.0
-0.5249999999999987,32625285000.0
-0.47499999999999865,57572450000.0
-0.4249999999999986,66609520000.0
-0.37499999999999856,52949012000.0
-0.3249999999999985,41156895000.0
-0.27499999999999847,38030316000.0
-0.22499999999999842,37393840000.0
-0.17499999999999838,37191926000.0
-0.12499999999999833,27781366000.0
-0.07499999999999829,17709957000.0
-0.024999999999998246,14593229000.0
0.025000000000001688,11485839000.0
0.07500000000000173,9225175000.0
0.125000000000002,5319147500.0
0.17500000000000204,2209382400.0
0.22500000000000187,230932480.0
0.2750000000000019,23961600.0
0.3250000000000022,8601600.0
0.3750000000000022,3317760.0
0.42500000000000204,2334720.0
0.4750000000000021,286720.0
0.5250000000000024,0.0
0.5750000000000024,0.0
0.6250000000000022,491520.0
0.6750000000000023,0.0
0.7250000000000025,0.0
0.7750000000000026,0.0
0.8250000000000024,0.0
0.8750000000000024,0.0
0.9250000000000027,0.0
