,abundance,fit_val
0,-1.975,2.3482401085508865e-36
1,-1.925,3.5858421084842907e-31
2,-1.875,2.5351168093291476e-26
3,-1.825,8.297799521459815e-22
4,-1.775,1.2574364685338811e-17
5,-1.7249999999999996,8.822005343202534e-14
6,-1.6749999999999998,2.865541695595752e-10
7,-1.6249999999999996,4.309275881269483e-07
8,-1.5749999999999995,0.0003000267765934704
9,-1.5249999999999997,0.09671055695517448
10,-1.4749999999999996,14.43264414247084
11,-1.4249999999999994,997.1857729271381
12,-1.3749999999999996,31898.06911297344
13,-1.3249999999999993,472401.0634069655
14,-1.2749999999999997,3239033.869753166
15,-1.2249999999999992,10282015.707852462
16,-1.1749999999999994,15111208.140650712
17,-1.1249999999999991,10746411.362811426
18,-1.0749999999999993,4189160.924117509
19,-1.024999999999999,1633016.7025694249
20,-0.9749999999999992,636581.7878988542
21,-0.9249999999999989,248152.00729232613
22,-0.874999999999999,96734.49648389152
23,-0.824999999999999,37708.99503129417
24,-0.7749999999999989,14699.702360129171
25,-0.7249999999999989,5730.2309249308955
26,-0.6749999999999988,2233.755871281862
27,-0.6249999999999988,870.7616425678968
28,-0.5749999999999987,339.43988594081594
29,-0.5249999999999987,132.32029356245997
30,-0.4749999999999986,51.58103338365002
31,-0.4249999999999986,20.10729369844786
32,-0.37499999999999856,7.838215587278168
33,-0.3249999999999985,3.055489441495196
34,-0.2749999999999985,1.1910894288543787
35,-0.2249999999999984,0.4643099099810375
36,-0.17499999999999838,0.18099706645365388
37,-0.12499999999999832,0.0705561896496372
38,-0.07499999999999829,0.02750418001470944
39,-0.024999999999998246,0.010721666263980665
40,0.025000000000001688,0.0041795148015575665
41,0.07500000000000172,0.0016292564556988122
42,0.125000000000002,0.0006351159702669362
43,0.17500000000000204,0.00024758060296597127
44,0.22500000000000187,9.651175192340295e-05
45,0.2750000000000019,3.762216485353947e-05
46,0.3250000000000022,1.4665854261875345e-05
47,0.3750000000000022,5.7170362755010895e-06
48,0.4250000000000021,2.2286123393685065e-06
49,0.4750000000000021,8.687565934239634e-07
50,0.5250000000000024,3.386582786450278e-07
51,0.5750000000000024,1.3201560778122753e-07
52,0.6250000000000022,5.146226091851928e-08
53,0.6750000000000023,2.0060993873046667e-08
54,0.7250000000000025,7.820167011542862e-09
55,0.7750000000000026,3.0484537543570888e-09
56,0.8250000000000024,1.188346780668099e-09
57,0.8750000000000024,4.632407721802713e-10
58,0.9250000000000028,1.805802956688509e-10
