,property,value
0,redshift,4.440892098500626e-16
1,time,13.798746883488054
