,abundance,fit_val
0,-1.975,5.997395227537285e-76
1,-1.925,1.498068875479835e-67
2,-1.875,1.3008901895432212e-59
3,-1.825,3.927256274870812e-52
4,-1.775,4.121711521416489e-45
5,-1.7249999999999996,1.503854045416424e-38
6,-1.6749999999999998,1.907539460626655e-32
7,-1.6249999999999996,8.411648559007173e-27
8,-1.5749999999999995,1.289521104609729e-21
9,-1.5249999999999997,6.872512451604018e-17
10,-1.4749999999999996,1.2733340794323782e-12
11,-1.4249999999999994,8.201795492477276e-09
12,-1.3749999999999996,1.8366028584822206e-05
13,-1.3249999999999993,0.014297540053870107
14,-1.2749999999999997,3.869431243822947
15,-1.2249999999999992,364.05977174413374
16,-1.1749999999999994,11907.977272601522
17,-1.1249999999999991,135407.60228460262
18,-1.0749999999999993,535288.4159310953
19,-1.024999999999999,735651.9462741871
20,-0.9749999999999992,351476.81139037275
21,-0.9249999999999989,58379.54603504121
22,-0.874999999999999,3371.044577445874
23,-0.824999999999999,67.67184600864574
24,-0.7749999999999989,0.47227102145873867
25,-0.7249999999999989,0.0011458145128755118
26,-0.6749999999999988,9.664448709843386e-07
27,-0.6249999999999988,2.2717749083239756e-08
28,-0.5749999999999987,5.340150679090319e-10
29,-0.5249999999999987,1.2552832224222362e-11
30,-0.4749999999999986,2.9507331593931063e-13
31,-0.4249999999999986,6.9361447858286e-15
32,-0.37499999999999856,1.6304457872385858e-16
33,-0.3249999999999985,3.8326095362879336e-18
34,-0.2749999999999985,9.009128652184905e-20
35,-0.2249999999999984,2.1177320126962226e-21
36,-0.17499999999999838,4.9780495436823256e-23
37,-0.12499999999999832,1.1701658713561893e-24
38,-0.07499999999999829,2.750651946050968e-26
