,abundance,fit_val
0,-2.975,5.621693965654991e-13
1,-2.9250000000000003,1.1264905205967982e-11
2,-2.8750000000000004,2.0319292073300145e-10
3,-2.8250000000000006,3.2992125396421666e-09
4,-2.7750000000000012,4.822061059093583e-08
5,-2.725000000000001,6.344184522902041e-07
6,-2.6750000000000007,7.513453391315246e-06
7,-2.6250000000000013,8.009844353365951e-05
8,-2.575000000000001,0.000768651089473394
9,-2.5250000000000017,0.0066398016652384805
10,-2.475000000000002,0.05162994430348313
11,-2.425000000000002,0.36138397947143497
12,-2.375000000000002,2.2769674646238087
13,-2.3250000000000024,12.914138625095536
14,-2.2750000000000026,65.93177268673436
15,-2.2250000000000028,303.0014808841202
16,-2.1750000000000034,1253.4743150821719
17,-2.125000000000003,4667.741719871969
18,-2.0750000000000037,15646.560543685291
19,-2.0250000000000035,47211.917813213586
20,-1.975000000000004,128234.561091244
21,-1.925000000000004,313530.08968626574
22,-1.8750000000000042,690039.661515472
23,-1.825000000000004,1367066.2764080705
24,-1.7750000000000044,2437955.5119417324
25,-1.7250000000000043,3913656.204612107
26,-1.6750000000000047,5655360.031550143
27,-1.6250000000000049,7356284.784806317
28,-1.5750000000000048,8613457.18179967
29,-1.5250000000000052,9078563.890266955
30,-1.4750000000000054,7664960.14609328
31,-1.4250000000000056,4772949.298726204
32,-1.3750000000000058,2972102.212406431
33,-1.3250000000000057,1850719.7558852392
34,-1.275000000000006,1152438.028721315
35,-1.2250000000000063,717619.9453319222
36,-1.1750000000000065,446859.9378914828
37,-1.1250000000000069,278258.4366436752
38,-1.0750000000000068,173270.75219301652
39,-1.0250000000000072,107895.21398763414
40,-0.9750000000000072,67186.04873642663
41,-0.9250000000000074,41836.56510779845
42,-0.8750000000000075,26051.512374027912
43,-0.8250000000000077,16222.204074961706
44,-0.7750000000000079,10101.521219630305
45,-0.7250000000000081,6290.189081527882
46,-0.6750000000000083,3916.883192254549
47,-0.6250000000000084,2439.032236220097
48,-0.5750000000000086,1518.7785689102038
49,-0.5250000000000088,945.7391776648814
50,-0.475000000000009,588.9091474421035
51,-0.4250000000000092,366.71208313194904
52,-0.3750000000000093,228.35059108704706
53,-0.3250000000000095,142.19327600132993
54,-0.2750000000000097,88.54335626520428
55,-0.22500000000000986,55.13570092184642
56,-0.17500000000001004,34.33284714256904
57,-0.1250000000000102,21.378968131480832
58,-0.07500000000001039,13.312623810920925
