,abundance,fit_val
0,-2.975,1.9014939337951863e-16
1,-2.9250000000000003,6.722585019101772e-15
2,-2.8750000000000004,2.097231570524074e-13
3,-2.8250000000000006,5.773314208449798e-12
4,-2.7750000000000012,1.4024026577642943e-10
5,-2.725000000000001,3.0060000412939672e-09
6,-2.6750000000000007,5.685569367114586e-08
7,-2.6250000000000013,9.489157762813517e-07
8,-2.575000000000001,1.3974944631621084e-05
9,-2.5250000000000017,0.00018161062329590856
10,-2.475000000000002,0.0020825772805182488
11,-2.425000000000002,0.02107316306491306
12,-2.375000000000002,0.1881598913087281
13,-2.3250000000000024,1.482494543394904
14,-2.2750000000000026,10.306895617793472
15,-2.2250000000000028,63.23119306414707
16,-2.1750000000000034,342.297398938812
17,-2.125000000000003,1635.1008563734856
18,-2.0750000000000037,6892.142007990531
19,-2.0250000000000035,25634.95814424118
20,-1.975000000000004,84135.58764028401
21,-1.925000000000004,243666.3603757278
22,-1.8750000000000042,622701.8335593838
23,-1.825000000000004,1404214.4471994757
24,-1.7750000000000044,2794186.9089796683
25,-1.7250000000000043,4906210.691305662
26,-1.6750000000000047,7601611.317709397
27,-1.6250000000000049,10392830.614319222
28,-1.5750000000000048,12538072.094128126
29,-1.5250000000000052,13347391.542863766
30,-1.4750000000000054,12538072.09412812
31,-1.4250000000000056,10392830.614319222
32,-1.3750000000000058,9790791.682924492
33,-1.3250000000000057,6301078.43388859
34,-1.275000000000006,4055197.0377697353
35,-1.2250000000000063,2609810.874070963
36,-1.1750000000000065,1679600.950331376
37,-1.1250000000000069,1080943.979650749
38,-1.0750000000000068,695665.1738692265
39,-1.0250000000000072,447710.5597006665
40,-0.9750000000000072,288133.9368372114
41,-0.9250000000000074,185434.90600895626
42,-0.8750000000000075,119340.69531690655
43,-0.8250000000000077,76804.31837377392
44,-0.7750000000000079,49429.10132369868
45,-0.7250000000000081,31811.180795567772
46,-0.6750000000000083,20472.782156836874
47,-0.6250000000000084,13175.707369520087
48,-0.5750000000000086,8479.51506333264
49,-0.5250000000000088,5457.17764464164
50,-0.475000000000009,3512.086201008759
51,-0.4250000000000092,2260.279999392643
52,-0.3750000000000093,1454.652700206221
53,-0.3250000000000095,936.1736062726044
54,-0.2750000000000097,602.4950291964577
55,-0.22500000000000986,387.7488724038417
56,-0.17500000000001004,249.5442796448795
57,-0.1250000000000102,160.5996868989602
58,-0.07500000000001039,103.35744609633365
