,abundance,fit_val
0,-2.975,3.4169976149333063e-06
1,-2.9250000000000003,2.419817818975737e-05
2,-2.8750000000000004,0.00016036235598500522
3,-2.8250000000000006,0.0009944980792693928
4,-2.7750000000000012,0.005771480493103009
5,-2.725000000000001,0.031343845539153044
6,-2.6750000000000007,0.15929387889343088
7,-2.6250000000000013,0.7575785329409535
8,-2.575000000000001,3.371615136036115
9,-2.5250000000000017,14.042036342975589
10,-2.475000000000002,54.72729130245417
11,-2.425000000000002,199.5995588919879
12,-2.375000000000002,681.2350172627888
13,-2.3250000000000024,2175.785675391011
14,-2.2750000000000026,6503.0489869223275
15,-2.2250000000000028,18188.6179504084
16,-2.1750000000000034,47606.2681885984
17,-2.125000000000003,116603.16529018011
18,-2.0750000000000037,267262.6706099085
19,-2.0250000000000035,573255.2364777734
20,-1.975000000000004,1150640.1398022766
21,-1.925000000000004,2161288.6499759257
22,-1.8750000000000042,3798986.8320429367
23,-1.825000000000004,6248914.270127145
24,-1.7750000000000044,9618849.015313609
25,-1.7250000000000043,13855538.578030083
26,-1.6750000000000047,18676929.47579126
27,-1.6250000000000049,23559675.738299258
28,-1.5750000000000048,27810890.91207735
29,-1.5250000000000052,30721488.724052172
30,-1.4750000000000054,31757870.67089864
31,-1.4250000000000056,38383019.99999999
32,-1.3750000000000058,28135432.245214604
33,-1.3250000000000057,20623769.250701502
34,-1.275000000000006,15117587.474723266
35,-1.2250000000000063,11081458.887450285
36,-1.1750000000000065,8122905.277020641
37,-1.1250000000000069,5954233.175396588
38,-1.0750000000000068,4364558.184285123
39,-1.0250000000000072,3199298.3114473824
40,-0.9750000000000072,2345142.223669665
41,-0.9250000000000074,1719030.710440444
42,-0.8750000000000075,1260079.9020254333
43,-0.8250000000000077,923660.8455247462
44,-0.7750000000000079,677059.729453783
45,-0.7250000000000081,496296.75163679797
46,-0.6750000000000083,363794.2931326725
47,-0.6250000000000084,266667.64849743585
48,-0.5750000000000086,195472.10084798723
49,-0.5250000000000088,143284.50573295957
50,-0.475000000000009,105030.07587310087
51,-0.4250000000000092,76988.90247399446
52,-0.3750000000000093,56434.22662392138
53,-0.3250000000000095,41367.285833382215
54,-0.2750000000000097,30322.951860837202
55,-0.22500000000000986,22227.25980278491
56,-0.17500000000001004,16292.974398002998
57,-0.1250000000000102,11943.038282241208
58,-0.07500000000001039,8754.458205529472
