,abundance,fit_val
0,-2.975,2.7902163044482856e-22
1,-2.9250000000000003,2.0696021053631363e-20
2,-2.8750000000000004,1.326592605437178e-18
3,-2.8250000000000006,7.348353090942055e-17
4,-2.7750000000000012,3.5175816691400686e-15
5,-2.725000000000001,1.4551242956006457e-13
6,-2.6750000000000007,5.2018487919047224e-12
7,-2.6250000000000013,1.6070044712294942e-10
8,-2.575000000000001,4.290206293611149e-09
9,-2.5250000000000017,9.897852907967482e-08
10,-2.475000000000002,1.973356473102536e-06
11,-2.425000000000002,3.399944463190362e-05
12,-2.375000000000002,0.0005062206193316653
13,-2.3250000000000024,0.0065134272668905075
14,-2.2750000000000026,0.07242375434548316
15,-2.2250000000000028,0.6959118471778843
16,-2.1750000000000034,5.7786867769514485
17,-2.125000000000003,41.467304830118465
18,-2.0750000000000037,257.14861698445833
19,-2.0250000000000035,1378.0478753437726
20,-1.975000000000004,6381.84347307775
21,-1.925000000000004,25540.519086691747
22,-1.8750000000000042,88331.38102401988
23,-1.825000000000004,263998.8594967268
24,-1.7750000000000044,681853.0855983499
25,-1.7250000000000043,1521883.1160616775
26,-1.6750000000000047,2935442.089738163
27,-1.6250000000000049,4892912.670511516
28,-1.5750000000000048,7047955.303151327
29,-1.5250000000000052,8773250.851798903
30,-1.4750000000000054,9437559.062749086
31,-1.4250000000000056,8773250.851798903
32,-1.3750000000000058,6026680.130635098
33,-1.3250000000000057,3405207.1260316595
34,-1.275000000000006,1924017.0906423877
35,-1.2250000000000063,1087112.0692731657
36,-1.1750000000000065,614242.2834533136
37,-1.1250000000000069,347060.4305167886
38,-1.0750000000000068,196096.79384707005
39,-1.0250000000000072,110799.01128411798
40,-0.9750000000000072,62603.883830513056
41,-0.9250000000000074,35372.57440514876
42,-0.8750000000000075,19986.284292444238
43,-0.8250000000000077,11292.69120316726
44,-0.7750000000000079,6380.619466035604
45,-0.7250000000000081,3605.1906527767183
46,-0.6750000000000083,2037.0121916930634
47,-0.6250000000000084,1150.9567922324159
48,-0.5750000000000086,650.3159593192745
49,-0.5250000000000088,367.44285258968085
50,-0.475000000000009,207.613311628658
51,-0.4250000000000092,117.30609770099727
52,-0.3750000000000093,66.28053109835591
53,-0.3250000000000095,37.44996115954487
54,-0.2750000000000097,21.160053602621268
55,-0.22500000000000986,11.955896738004725
56,-0.17500000000001004,6.755345212931049
57,-0.1250000000000102,3.816918960232359
58,-0.07500000000001039,2.1566433527473343
