,abundance,fit_val
0,-2.975,2.18052559536454e-20
1,-2.9250000000000003,1.0823570732845247e-18
2,-2.8750000000000004,4.746185544922355e-17
3,-2.8250000000000006,1.8385847214779687e-15
4,-2.7750000000000012,6.291980431330336e-14
5,-2.725000000000001,1.9021986168742192e-12
6,-2.6750000000000007,5.0802974603485804e-11
7,-2.6250000000000013,1.198635686954385e-09
8,-2.575000000000001,2.4983314077456164e-08
9,-2.5250000000000017,4.6002101677365453e-07
10,-2.475000000000002,7.482902409018506e-06
11,-2.425000000000002,0.00010752941196552507
12,-2.375000000000002,0.0013650521467118214
13,-2.3250000000000024,0.015308618335138862
14,-2.2750000000000026,0.15166575481098069
15,-2.2250000000000028,1.3274062188005311
16,-2.1750000000000034,10.263250922150624
17,-2.125000000000003,70.10206767925833
18,-2.0750000000000037,423.001093944313
19,-2.0250000000000035,2254.846254827346
20,-1.975000000000004,10618.353062922504
21,-1.925000000000004,44173.53650888822
22,-1.8750000000000042,162342.39932157053
23,-1.825000000000004,527067.8578008327
24,-1.7750000000000044,1511700.951551294
25,-1.7250000000000043,3830275.5862506228
26,-1.6750000000000047,8573515.554822134
27,-1.6250000000000049,16953237.251712516
28,-1.5750000000000048,29614958.018051613
29,-1.5250000000000052,45701913.57954113
30,-1.4750000000000054,62304932.52803195
31,-1.4250000000000056,75036964.53189048
32,-1.3750000000000058,79834914.82525037
33,-1.3250000000000057,49380269.642392494
34,-1.275000000000006,27969622.13853081
35,-1.2250000000000063,15842355.018260125
36,-1.1750000000000065,8973314.379490385
37,-1.1250000000000069,5082601.09436761
38,-1.0750000000000068,2878850.867357419
39,-1.0250000000000072,1630618.2922104367
40,-0.9750000000000072,923603.249143629
41,-0.9250000000000074,523140.8024205968
42,-0.8750000000000075,296313.7033255568
43,-0.8250000000000077,167835.90645624112
44,-0.7750000000000079,95064.42388538212
45,-0.7250000000000081,53845.71680444223
46,-0.6750000000000083,30498.909052243464
47,-0.6250000000000084,17274.975774865692
48,-0.5750000000000086,9784.769268664868
49,-0.5250000000000088,5542.219618062118
50,-0.475000000000009,3139.1847320507986
51,-0.4250000000000092,1778.074753628501
52,-0.3750000000000093,1007.1244922963291
53,-0.3250000000000095,570.4483126557352
54,-0.2750000000000097,323.1092877801136
55,-0.22500000000000986,183.0132713755213
56,-0.17500000000001004,103.66107928894881
57,-0.1250000000000102,58.714973392836804
58,-0.07500000000001039,33.25691883751264
