,abundance,fit_val
0,-1.975,49.77030376423307
1,-1.925,267.6640736000051
2,-1.875,1291.4366711784053
3,-1.825,5590.09752458065
4,-1.775,21708.453928078037
5,-1.7249999999999996,75631.31350999963
6,-1.6749999999999998,236394.64318338194
7,-1.6249999999999996,662882.9646181146
8,-1.5749999999999995,1667628.5617592058
9,-1.5249999999999997,3763786.935875592
10,-1.4749999999999996,7621035.3386976095
11,-1.4249999999999994,13844145.647786817
12,-1.3749999999999996,22562207.19192202
13,-1.3249999999999993,32988323.57201198
14,-1.2749999999999997,43271519.674911425
15,-1.2249999999999992,50922215.30668202
16,-1.1749999999999994,53762031.27889552
17,-1.1249999999999991,64846080.4157686
18,-1.0749999999999993,29414023.035996605
19,-1.024999999999999,13342128.708703669
20,-0.9749999999999992,6051956.859548451
21,-0.9249999999999989,2745152.788545835
22,-0.874999999999999,1245194.5721607928
23,-0.824999999999999,564817.2039852231
24,-0.7749999999999989,256199.69846486798
25,-0.7249999999999989,116211.5548718422
26,-0.6749999999999988,52713.27627102225
27,-0.6249999999999988,23910.61283268649
28,-0.5749999999999987,10845.795338069664
29,-0.5249999999999987,4919.626165101399
30,-0.4749999999999986,2231.530362683191
31,-0.4249999999999986,1012.2166994927252
32,-0.37499999999999856,459.1390123412825
33,-0.3249999999999985,208.26432992004143
34,-0.2749999999999985,94.46818926552814
35,-0.2249999999999984,42.85053895947457
36,-0.17499999999999838,19.43689937738103
37,-0.12499999999999832,8.816529886910567
38,-0.07499999999999829,3.999156333403907
39,-0.024999999999998246,1.8140075045567265
40,0.025000000000001688,0.8228293550573262
41,0.07500000000000172,0.37323337739415524
42,0.125000000000002,0.16929774459899127
43,0.17500000000000204,0.0767930417328054
44,0.22500000000000187,0.03483313538845321
45,0.2750000000000019,0.01580022478093832
46,0.3250000000000022,0.007166943209221748
47,0.3750000000000022,0.003250907862157623
48,0.4250000000000021,0.0014746038331432322
49,0.4750000000000021,0.0006688766821208922
50,0.5250000000000024,0.00030340082253237506
51,0.5750000000000024,0.0001376218689840424
52,0.6250000000000022,6.24249422416774e-05
53,0.6750000000000023,2.8315800698278557e-05
54,0.7250000000000025,1.284397774979964e-05
55,0.7750000000000026,5.825996806347677e-06
56,0.8250000000000024,2.642657862600475e-06
57,0.8750000000000024,1.1987031251296099e-06
58,0.9250000000000028,5.437287976361512e-07
