,abundance,fit_val
0,-1.975,0.004061159521280364
1,-1.925,0.09839131220585093
2,-1.875,1.905898321042295
3,-1.825,29.51745931797711
4,-1.775,365.5059829166428
5,-1.7249999999999996,3618.647487954666
6,-1.6749999999999998,28644.04432845484
7,-1.6249999999999996,181283.66267506327
8,-1.5749999999999995,917316.6326816969
9,-1.5249999999999997,3711215.216660708
10,-1.4749999999999996,12004643.938457899
11,-1.4249999999999994,31046932.493961327
12,-1.3749999999999996,64198426.327336006
13,-1.3249999999999993,106136885.30103248
14,-1.2749999999999997,140295766.3947068
15,-1.2249999999999992,148271972.1282872
16,-1.1749999999999994,125288102.90935107
17,-1.1249999999999991,84644135.459331
18,-1.0749999999999993,45721469.97839238
19,-1.024999999999999,19746028.847388837
20,-0.9749999999999992,6818292.378656628
21,-0.9249999999999989,1882381.928729253
22,-0.874999999999999,415504.8909444134
23,-0.824999999999999,73329.85170067188
24,-0.7749999999999989,10347.173805290042
25,-0.7249999999999989,1167.3442612692338
26,-0.6749999999999988,105.29613545637203
27,-0.6249999999999988,7.593852943508305
28,-0.5749999999999987,0.4378730378851946
29,-0.5249999999999987,0.020186940215587052
30,-0.4749999999999986,0.0007440961551199236
31,-0.4249999999999986,2.1929255879617224e-05
32,-0.37499999999999856,5.167196778683146e-07
33,-0.3249999999999985,2.583598389341575e-07
34,-0.2749999999999985,1.291799194670788e-07
35,-0.2249999999999984,6.458995973353934e-08
36,-0.17499999999999838,3.229497986676968e-08
37,-0.12499999999999832,1.6147489933384835e-08
38,-0.07499999999999829,8.073744966692418e-09
39,-0.024999999999998246,4.03687248334621e-09
40,0.025000000000001688,2.018436241673108e-09
41,0.07500000000000172,1.0092181208365543e-09
42,0.125000000000002,5.046090604182755e-10
43,0.17500000000000204,2.5230453020913774e-10
44,0.22500000000000187,1.2615226510456926e-10
45,0.2750000000000019,6.307613255228462e-11
46,0.3250000000000022,3.153806627614221e-11
47,0.3750000000000022,1.5769033138071102e-11
48,0.4250000000000021,7.884516569035572e-12
49,0.4750000000000021,3.942258284517789e-12
50,0.5250000000000024,1.971129142258889e-12
51,0.5750000000000024,9.855645711294445e-13
52,0.6250000000000022,4.927822855647235e-13
53,0.6750000000000023,2.4639114278236173e-13
54,0.7250000000000025,1.2319557139118064e-13
55,0.7750000000000026,6.159778569559031e-14
56,0.8250000000000024,3.079889284779521e-14
57,0.8750000000000024,1.5399446423897602e-14
58,0.9250000000000028,7.699723211948773e-15
