,abundance,fit_val
0,-1.975,5856.744291308082
1,-1.925,22126.379089138947
2,-1.875,75753.87846647545
3,-1.825,235038.94818889044
4,-1.775,660868.7788132655
5,-1.7249999999999996,1683957.2940503217
6,-1.6749999999999998,3888546.9747516103
7,-1.6249999999999996,8137370.01221056
8,-1.5749999999999995,15431964.537209239
9,-1.5249999999999997,26521544.21248499
10,-1.4749999999999996,41306351.44804776
11,-1.4249999999999994,58300905.83725624
12,-1.3749999999999996,74571728.09444799
13,-1.3249999999999993,86439759.5733413
14,-1.2749999999999997,90801564.45489258
15,-1.2249999999999992,86439759.57334115
16,-1.1749999999999994,74571728.09444785
17,-1.1249999999999991,39926734.680331126
18,-1.0749999999999993,14026230.084724484
19,-1.024999999999999,4927403.454471445
20,-0.9749999999999992,1730992.9080358623
21,-0.9249999999999989,608096.42956096
22,-0.874999999999999,213623.79125191006
23,-0.824999999999999,75045.86767889388
24,-0.7749999999999989,26363.553528720953
25,-0.7249999999999989,9261.495351558302
26,-0.6749999999999988,3253.5559386366795
27,-0.6249999999999988,1142.9716092290548
28,-0.5749999999999987,401.52501574971
29,-0.5249999999999987,141.0554181494944
30,-0.4749999999999986,49.5526560211412
31,-0.4249999999999986,17.407808583057616
32,-0.37499999999999856,6.11534928693001
33,-0.3249999999999985,2.1483173325764278
34,-0.2749999999999985,0.7547021674317533
35,-0.2249999999999984,0.26512627016936346
36,-0.17499999999999838,0.09313864749205812
37,-0.12499999999999832,0.03271953266309069
38,-0.07499999999999829,0.01149434575783744
39,-0.024999999999998246,0.004037954507515157
40,0.025000000000001688,0.0014185302015683908
41,0.07500000000000172,0.000498328529708949
42,0.125000000000002,0.00017506241548281157
43,0.17500000000000204,6.149928709194351e-05
44,0.22500000000000187,2.1604650560694757e-05
45,0.2750000000000019,7.5896965301711805e-06
46,0.3250000000000022,2.666254344557196e-06
47,0.3750000000000022,9.366530271151417e-07
48,0.4250000000000021,3.2904546222114723e-07
49,0.4750000000000021,1.1559340873727624e-07
50,0.5250000000000024,4.06078723994762e-08
51,0.5750000000000024,1.4265513222817313e-08
52,0.6250000000000022,5.01146343025354e-09
53,0.6750000000000023,1.760523110559948e-09
54,0.7250000000000025,6.184703661818135e-10
55,0.7750000000000026,2.172681469221996e-10
56,0.8250000000000024,7.632612692251404e-11
57,0.8750000000000024,2.6813307581059123e-11
58,0.9250000000000028,9.419493591838692e-12
