,abundance,fit_val
0,-1.975,412.9838449217703
1,-1.925,2462.3407925020624
2,-1.875,12862.491513682311
3,-1.825,58865.91340859922
4,-1.775,236028.53890278068
5,-1.7249999999999996,829138.3316898552
6,-1.6749999999999998,2551827.5007847347
7,-1.6249999999999996,6880776.925478391
8,-1.5749999999999995,16254944.378334042
9,-1.5249999999999997,33643048.52079907
10,-1.4749999999999996,61005226.06468182
11,-1.4249999999999994,96917138.80528599
12,-1.3749999999999996,134895037.32799575
13,-1.3249999999999993,164495190.88197318
14,-1.2749999999999997,175740672.21355873
15,-1.2249999999999992,164495190.8819728
16,-1.1749999999999994,134895037.32799545
17,-1.1249999999999991,151003487.5206072
18,-1.0749999999999993,90231392.53793077
19,-1.024999999999999,53917325.57317941
20,-0.9749999999999992,32218033.16115491
21,-0.9249999999999989,19251727.52428981
22,-0.874999999999999,11503775.255789489
23,-0.824999999999999,6874024.420340752
24,-0.7749999999999989,4107539.540783402
25,-0.7249999999999989,2454440.0844975114
26,-0.6749999999999988,1466638.6211437876
27,-0.6249999999999988,876382.7068408242
28,-0.5749999999999987,523678.18341690296
29,-0.5249999999999987,312921.3272308862
30,-0.4749999999999986,186984.60263712166
31,-0.4249999999999986,111731.73120784134
32,-0.37499999999999856,66764.74737831102
33,-0.3249999999999985,39894.94697972475
34,-0.2749999999999985,23839.02968278279
35,-0.2249999999999984,14244.895136855692
36,-0.17499999999999838,8511.967146320878
37,-0.12499999999999832,5086.284174362758
38,-0.07499999999999829,3039.2841346380064
