,abundance,fit_val
0,-1.975,71339.4997445985
1,-1.925,172395.56618618296
2,-1.875,394909.9921950866
3,-1.825,857523.738205791
4,-1.775,1765103.5065476627
5,-1.7249999999999996,3444055.9833385698
6,-1.6749999999999998,6370099.631386036
7,-1.6249999999999996,11168587.361256583
8,-1.5749999999999995,18562063.939854655
9,-1.5249999999999997,29243562.706811257
10,-1.4749999999999996,43672725.488417126
11,-1.4249999999999994,61825310.85099077
12,-1.3749999999999996,82965649.88614877
13,-1.3249999999999993,105537384.82080507
14,-1.2749999999999997,127259535.93402915
15,-1.2249999999999992,145462263.1287264
16,-1.1749999999999994,157610934.14828452
17,-1.1249999999999991,161881919.01608878
18,-1.0749999999999993,157610934.14828458
19,-1.024999999999999,102180354.80729605
20,-0.9749999999999992,43060266.02323307
21,-0.9249999999999989,18146213.266615022
22,-0.874999999999999,7647074.352485701
23,-0.824999999999999,3222586.7343921545
24,-0.7749999999999989,1358044.2378338582
25,-0.7249999999999989,572299.3060919474
26,-0.6749999999999988,241175.130108975
27,-0.6249999999999988,101634.65648818377
28,-0.5749999999999987,42830.300930297766
29,-0.5249999999999987,18049.302680460576
30,-0.4749999999999986,7606.234842502096
31,-0.4249999999999986,3205.3763795497935
32,-0.37499999999999856,1350.791547634613
33,-0.3249999999999985,569.2429184922705
34,-0.2749999999999985,239.88712456857183
35,-0.2249999999999984,101.09187249302373
36,-0.17499999999999838,42.601563975245845
37,-0.12499999999999832,17.952909649212437
38,-0.07499999999999829,7.565613437573972
