,abundance,fit_val
0,-2.975,8.652323815355252e-10
1,-2.9250000000000003,6.821530624981869e-09
2,-2.8750000000000004,5.089997784394508e-08
3,-2.8250000000000006,3.594512886147152e-07
4,-2.7750000000000012,2.4024214010752696e-06
5,-2.725000000000001,1.5196550672191186e-05
6,-2.6750000000000007,9.097614886322858e-05
7,-2.6250000000000013,0.0005154621326350603
8,-2.575000000000001,0.0027640931542145973
9,-2.5250000000000017,0.014027984455107015
10,-2.475000000000002,0.0673790010736031
11,-2.425000000000002,0.3062954544062728
12,-2.375000000000002,1.3177809553515147
13,-2.3250000000000024,5.365776677106419
14,-2.2750000000000026,20.678005741026535
15,-2.2250000000000028,75.41737309974694
16,-2.1750000000000034,260.3279763096254
17,-2.125000000000003,850.4660371261249
18,-2.0750000000000037,2629.540106265284
19,-2.0250000000000035,7694.657876687646
20,-1.975000000000004,21310.101681527067
21,-1.925000000000004,55855.81854751527
22,-1.8750000000000042,138560.04343067063
23,-1.825000000000004,325307.66207266273
24,-1.7750000000000044,722831.8252201232
25,-1.7250000000000043,1520081.698933577
26,-1.6750000000000047,3025403.3714515315
27,-1.6250000000000049,5698838.297868505
28,-1.5750000000000048,10159587.461697118
29,-1.5250000000000052,17141645.29292416
30,-1.4750000000000054,27372573.23168626
31,-1.4250000000000056,41368087.18445596
32,-1.3750000000000058,59170051.22708766
33,-1.3250000000000057,80098639.95630316
34,-1.275000000000006,102620713.57965936
35,-1.2250000000000063,124431864.86409552
36,-1.1750000000000065,142795618.27599403
37,-1.1250000000000069,155090374.2356306
38,-1.0750000000000068,205470799.99999997
39,-1.0250000000000072,108093697.67796686
40,-0.9750000000000072,56865732.15121388
41,-0.9250000000000074,29915818.984447118
42,-0.8750000000000075,15738058.610243404
43,-0.8250000000000077,8279448.70732858
44,-0.7750000000000079,4355637.032172974
45,-0.7250000000000081,2291405.4578590295
46,-0.6750000000000083,1205458.3367537216
47,-0.6250000000000084,634165.287799732
48,-0.5750000000000086,333620.4993472791
49,-0.5250000000000088,175510.45401885337
50,-0.475000000000009,92332.21438781859
51,-0.4250000000000092,48573.96023169255
52,-0.3750000000000093,25553.69897964162
53,-0.3250000000000095,13443.242602156342
54,-0.2750000000000097,7072.196154631457
55,-0.22500000000000986,3720.5278465748393
56,-0.17500000000001004,1957.288394507233
57,-0.1250000000000102,1029.6866512636225
58,-0.07500000000001039,541.6956452436447
