,abundance,fit_val
0,-2.975,0.0005521020051303292
1,-2.9250000000000003,0.0021426078728554007
2,-2.8750000000000004,0.00801976135372903
3,-2.8250000000000006,0.02895180003367664
4,-2.7750000000000012,0.10080569604228204
5,-2.725000000000001,0.33852438020145176
6,-2.6750000000000007,1.0964534724675965
7,-2.6250000000000013,3.425199245924393
8,-2.575000000000001,10.31993231526103
9,-2.5250000000000017,29.989086359569235
10,-2.475000000000002,84.0514088783498
11,-2.425000000000002,227.20722473338975
12,-2.375000000000002,592.3721784722712
13,-2.3250000000000024,1489.575587356072
14,-2.2750000000000026,3612.649395560105
15,-2.2250000000000028,8450.540006644049
16,-2.1750000000000034,19065.073560951427
17,-2.125000000000003,41484.69344841107
18,-2.0750000000000037,87062.80633895978
19,-2.0250000000000035,176227.1490071316
20,-1.975000000000004,344039.52980414056
21,-1.925000000000004,647797.4772087613
22,-1.8750000000000042,1176428.4969872283
23,-1.825000000000004,2060569.164021417
24,-1.7750000000000044,3481001.68546821
25,-1.7250000000000043,5671744.354913218
26,-1.6750000000000047,8913010.909798894
27,-1.6250000000000049,13509136.984471686
28,-1.5750000000000048,19748137.829284105
29,-1.5250000000000052,27843259.21140406
30,-1.4750000000000054,37862507.135471664
31,-1.4250000000000056,49658550.95036581
32,-1.3750000000000058,62816551.91558231
33,-1.3250000000000057,76638945.69132993
34,-1.275000000000006,90182096.27617307
35,-1.2250000000000063,102349684.34793939
36,-1.1750000000000065,112033541.76829292
37,-1.1250000000000069,118278280.05994888
38,-1.0750000000000068,120436274.33076738
39,-1.0250000000000072,153445175.0726096
40,-0.9750000000000072,65059412.77422013
41,-0.9250000000000074,27584622.25041267
42,-0.8750000000000075,11695638.68242404
43,-0.8250000000000077,4958848.555113608
44,-0.7750000000000079,2102508.4358587377
45,-0.7250000000000081,891445.1961430953
46,-0.6750000000000083,377964.969925093
47,-0.6250000000000084,160253.8429827881
48,-0.5750000000000086,67946.22844503759
49,-0.5250000000000088,28808.60685756585
50,-0.475000000000009,12214.5974554737
51,-0.4250000000000092,5178.882538017685
52,-0.3750000000000093,2195.800921017286
53,-0.3250000000000095,931.0003942637976
54,-0.2750000000000097,394.73602812671515
55,-0.22500000000000986,167.36462504343925
56,-0.17500000000001004,70.96113787449676
57,-0.1250000000000102,30.08690209855509
58,-0.07500000000001039,12.756583462472532
