,abundance,fit_val
0,-2.975,10.744469155139184
1,-2.9250000000000003,24.98459504744714
2,-2.8750000000000004,56.80501384298276
3,-2.8250000000000006,126.278097217069
4,-2.7750000000000012,274.47095437783355
5,-2.725000000000001,583.2997087515578
6,-2.6750000000000007,1212.0321241994309
7,-2.6250000000000013,2462.4278013193907
8,-2.575000000000001,4891.47552513322
9,-2.5250000000000017,9500.430119788525
10,-2.475000000000002,18041.54204803158
11,-2.425000000000002,33498.938521134965
12,-2.375000000000002,60815.66230145349
13,-2.3250000000000024,107951.04221307386
14,-2.2750000000000026,187354.98045626184
15,-2.2250000000000028,317929.3698388002
16,-2.1750000000000034,527500.7239684844
17,-2.125000000000003,855741.264997027
18,-2.0750000000000037,1357340.7681770236
19,-2.0250000000000035,2105049.516781482
20,-1.975000000000004,3191998.971748123
21,-1.925000000000004,4732495.104483806
22,-1.8750000000000042,6860323.697664366
23,-1.825000000000004,9723576.749304049
24,-1.7750000000000044,13475177.326315656
25,-1.7250000000000043,18258703.466676027
26,-1.6750000000000047,24189806.02830437
27,-1.6250000000000049,31334432.984016195
28,-1.5750000000000048,39686088.693479784
29,-1.5250000000000052,49145274.026432745
30,-1.4750000000000054,59504831.16073271
31,-1.4250000000000056,70444922.79942231
32,-1.3750000000000058,81540650.49642083
33,-1.3250000000000057,92283838.38296917
34,-1.275000000000006,102118430.67795981
35,-1.2250000000000063,110486602.27917656
36,-1.1750000000000065,116880512.78634784
37,-1.1250000000000069,120893124.5611899
38,-1.0750000000000068,122261044.11551672
39,-1.0250000000000072,120893124.56118992
40,-0.9750000000000072,59005062.09684201
41,-0.9250000000000074,19847470.740616385
42,-0.8750000000000075,6676072.879189571
43,-0.8250000000000077,2245623.6197915846
44,-0.7750000000000079,755358.0575019162
45,-0.7250000000000081,254078.99614362893
46,-0.6750000000000083,85464.28497082717
47,-0.6250000000000084,28747.53173790791
48,-0.5750000000000086,9669.777045512254
49,-0.5250000000000088,3252.6127447183912
50,-0.475000000000009,1094.0779314053004
51,-0.4250000000000092,368.0138442339337
52,-0.3750000000000093,123.78843011107817
53,-0.3250000000000095,41.63858417137322
54,-0.2750000000000097,14.0059268078671
55,-0.22500000000000986,4.7111588842685785
56,-0.17500000000001004,1.584687563864459
57,-0.1250000000000102,0.5330396908183542
58,-0.07500000000001039,0.17929800073324093
