abundance,num_val
-2.975,0.0
-2.9250000000000003,0.0
-2.8750000000000004,0.0
-2.8250000000000006,0.0
-2.775000000000001,0.0
-2.725000000000001,0.0
-2.675000000000001,0.0
-2.6250000000000013,0.0
-2.5750000000000015,0.0
-2.5250000000000017,0.0
-2.475000000000002,0.0
-2.425000000000002,0.0
-2.375000000000002,0.0
-2.3250000000000024,0.0
-2.2750000000000026,41881.074
-2.2250000000000028,0.0
-2.175000000000003,0.0
-2.125000000000003,0.0
-2.0750000000000033,167530.61
-2.0250000000000035,251355.08
-1.9750000000000036,335159.72
-1.9250000000000038,921890.06
-1.875000000000004,1256663.4
-1.8250000000000042,2094685.0
-1.7750000000000044,4818656.0
-1.7250000000000045,9805170.0
-1.6750000000000047,18526878.0
-1.6250000000000049,37532650.0
-1.575000000000005,76522740.0
-1.5250000000000052,109298696.0
-1.4750000000000054,121873680.0
-1.4250000000000056,154486190.0
-1.3750000000000058,162998240.0
-1.325000000000006,143937520.0
-1.2750000000000061,136532560.0
-1.2250000000000063,96386240.0
-1.1750000000000065,37126720.0
-1.1250000000000067,12239200.0
-1.0750000000000068,4275280.0
-1.025000000000007,2301840.0
-0.9750000000000072,749920.0
-0.9250000000000074,464480.0
-0.8750000000000075,588480.0
-0.8250000000000077,90240.0
-0.7750000000000079,342320.0
-0.7250000000000081,387040.0
-0.6750000000000083,95200.0
-0.6250000000000084,269920.0
-0.5750000000000086,100240.0
-0.5250000000000088,158480.0
-0.47500000000000897,0.0
-0.42500000000000915,134080.0
-0.3750000000000093,58400.0
-0.3250000000000095,0.0
-0.2750000000000097,102880.0
-0.22500000000000986,0.0
-0.17500000000001004,0.0
-0.12500000000001021,0.0
-0.07500000000001039,0.0
-0.02500000000001057,0.0
0.024999999999989253,0.0
0.07499999999998908,0.0
0.1249999999999889,76320.0
0.17499999999998872,0.0
0.22499999999998854,0.0
0.27499999999998836,0.0
0.3249999999999882,0.0
0.374999999999988,0.0
0.42499999999998783,0.0
0.47499999999998765,0.0
0.5249999999999875,0.0
0.5749999999999873,0.0
0.6249999999999871,0.0
0.6749999999999869,0.0
0.7249999999999868,0.0
0.7749999999999866,0.0
0.8249999999999864,0.0
0.8749999999999862,0.0
0.9249999999999861,0.0
