,abundance,fit_val
0,-1.975,9.376794358261647e-61
1,-1.925,5.260198556434226e-52
2,-1.875,7.264116937817449e-44
3,-1.825,2.4694285160470245e-36
4,-1.775,2.066536279102687e-29
5,-1.7249999999999996,4.2571852812474253e-23
6,-1.6749999999999998,2.15891236109028e-17
7,-1.6249999999999996,2.6951343353777907e-12
8,-1.5749999999999995,8.282448875415108e-08
9,-1.5249999999999997,0.0006265706587146445
10,-1.4749999999999996,1.1668480011621747
11,-1.4249999999999994,534.9232350646589
12,-1.3749999999999996,60367.276273057025
13,-1.3249999999999993,1677044.7176833719
14,-1.2749999999999997,11468870.469380973
15,-1.2249999999999992,19307657.913487364
16,-1.1749999999999994,8001501.412486608
17,-1.1249999999999991,816293.4654426767
18,-1.0749999999999993,20500.01111693142
19,-1.024999999999999,126.73448845122671
20,-0.9749999999999992,0.19287168683412165
21,-0.9249999999999989,7.225619440151059e-05
22,-0.874999999999999,6.663687663822653e-09
23,-0.824999999999999,1.5128195367576848e-13
24,-0.7749999999999989,7.564097683788424e-14
25,-0.7249999999999989,3.782048841894212e-14
26,-0.6749999999999988,1.8910244209471056e-14
27,-0.6249999999999988,9.455122104735528e-15
28,-0.5749999999999987,4.727561052367763e-15
29,-0.5249999999999987,2.3637805261838813e-15
30,-0.4749999999999986,1.1818902630919394e-15
31,-0.4249999999999986,5.909451315459702e-16
32,-0.37499999999999856,2.954725657729851e-16
33,-0.3249999999999985,1.4773628288649265e-16
34,-0.2749999999999985,7.386814144324636e-17
35,-0.2249999999999984,3.6934070721623145e-17
36,-0.17499999999999838,1.846703536081158e-17
37,-0.12499999999999832,9.233517680405786e-18
38,-0.07499999999999829,4.616758840202894e-18
