,abundance,fit_val
0,-1.975,0.0
1,-1.925,0.0
2,-1.875,0.0
3,-1.825,0.0
4,-1.775,0.0
5,-1.7249999999999996,0.0
6,-1.6749999999999998,0.0
7,-1.6249999999999996,0.0
8,-1.5749999999999995,0.0
9,-1.5249999999999997,0.0
10,-1.4749999999999996,0.0
11,-1.4249999999999994,0.0
12,-1.3749999999999996,0.0
13,-1.3249999999999993,0.0
14,-1.2749999999999997,0.0
15,-1.2249999999999992,0.0
16,-1.1749999999999994,9345650.000557983
17,-1.1249999999999991,5136474.717283237
18,-1.0749999999999993,1379765.682170537
19,-1.024999999999999,370634.2272628629
20,-0.9749999999999992,99560.18778684373
21,-0.9249999999999989,26743.97090995447
22,-0.874999999999999,7183.9958916491
23,-0.824999999999999,1929.7731494323857
24,-0.7749999999999989,518.3778588458148
25,-0.7249999999999989,139.2472501861735
26,-0.6749999999999988,37.40475476244839
27,-0.6249999999999988,10.04770777856144
28,-0.5749999999999987,2.6990266944542793
29,-0.5249999999999987,0.7250156212663832
30,-0.4749999999999986,0.19475452101319782
31,-0.4249999999999986,0.052315181000968373
32,-0.37499999999999856,0.014052963437899368
33,-0.3249999999999985,0.0037749230263253966
34,-0.2749999999999985,0.0010140241179487357
35,-0.2249999999999984,0.00027238831218834764
36,-0.17499999999999838,7.31692583080832e-05
37,-0.12499999999999832,1.965480940919744e-05
38,-0.07499999999999829,5.279697264188407e-06
