,abundance,fit_val
0,-1.975,0.0
1,-1.925,0.0
2,-1.875,0.0
3,-1.825,0.0
4,-1.775,0.0
5,-1.7249999999999996,0.0
6,-1.6749999999999998,0.0
7,-1.6249999999999996,0.0
8,-1.5749999999999995,0.0
9,-1.5249999999999997,0.0
10,-1.4749999999999996,0.0
11,-1.4249999999999994,0.0
12,-1.3749999999999996,0.0
13,-1.3249999999999993,0.0
14,-1.2749999999999997,0.0
15,-1.2249999999999992,0.0
16,-1.1749999999999994,8425201.000503028
17,-1.1249999999999991,4837754.500731034
18,-1.0749999999999993,1287538.03188901
19,-1.024999999999999,342670.1754522892
20,-0.9749999999999992,91199.51895496811
21,-0.9249999999999989,24272.180228814606
22,-0.874999999999999,6459.888602602885
23,-0.824999999999999,1719.258853743132
24,-0.7749999999999989,457.5699656776037
25,-0.7249999999999989,121.77937780245685
26,-0.6749999999999988,32.410817952161274
27,-0.6249999999999988,8.62593601054635
28,-0.5749999999999987,2.2957387921485193
29,-0.5249999999999987,0.6109964872602522
30,-0.4749999999999986,0.16261288467186202
31,-0.4249999999999986,0.043278399815155036
32,-0.37499999999999856,0.011518274793168953
33,-0.3249999999999985,0.0030655166267144138
34,-0.2749999999999985,0.0008158680320976352
35,-0.2249999999999984,0.00021713816196530938
36,-0.17499999999999838,5.7789960541107176e-05
37,-0.12499999999999832,1.5380435705614273e-05
38,-0.07499999999999829,4.0934065411979215e-06
