,abundance,fit_val
0,-1.975,0.0
1,-1.925,0.0
2,-1.875,0.0
3,-1.825,0.0
4,-1.775,0.0
5,-1.7249999999999996,0.0
6,-1.6749999999999998,0.0
7,-1.6249999999999996,0.0
8,-1.5749999999999995,0.0
9,-1.5249999999999997,0.0
10,-1.4749999999999996,0.0
11,-1.4249999999999994,0.0
12,-1.3749999999999996,0.0
13,-1.3249999999999993,0.0
14,-1.2749999999999997,0.0
15,-1.2249999999999992,0.0
16,-1.1749999999999994,8843312.000527991
17,-1.1249999999999991,4528844.143752837
18,-1.0749999999999993,1147277.3199757803
19,-1.024999999999999,290636.02260334865
20,-0.9749999999999992,73625.87594469178
21,-0.9249999999999989,18651.403085092377
22,-0.874999999999999,4724.899127908816
23,-0.824999999999999,1196.9432898459522
24,-0.7749999999999989,303.2177408073758
25,-0.7249999999999989,76.8131615927784
26,-0.6749999999999988,19.458827765709547
27,-0.6249999999999988,4.929441389522853
28,-0.5749999999999987,1.2487593140405666
29,-0.5249999999999987,0.31634412526284433
30,-0.4749999999999986,0.08013842576637857
31,-0.4249999999999986,0.020301206096295793
32,-0.37499999999999856,0.005142838345312063
33,-0.3249999999999985,0.0013028184690385479
34,-0.2749999999999985,0.00033003875473067374
35,-0.2249999999999984,8.360764159611413e-05
36,-0.17499999999999838,2.1180051230555236e-05
37,-0.12499999999999832,5.365473317570401e-06
38,-0.07499999999999829,1.359217860626754e-06
