,abundance,fit_val
0,-2.975,10.753487292079743
1,-2.9250000000000003,37.18817111512526
2,-2.8750000000000004,121.05275592107908
3,-2.8250000000000006,370.9017716821256
4,-2.7750000000000012,1069.6889280595467
5,-2.725000000000001,2903.8251311478416
6,-2.6750000000000007,7419.8954272789115
7,-2.6250000000000013,17845.94194071734
8,-2.575000000000001,40401.31798422314
9,-2.5250000000000017,86092.6263105269
10,-2.475000000000002,172683.46163594344
11,-2.425000000000002,326024.2478651253
12,-2.375000000000002,579379.8986650888
13,-2.3250000000000024,969150.6946819763
14,-2.2750000000000026,1525926.3249767993
15,-2.2250000000000028,2261466.639936824
16,-2.1750000000000034,3154722.5630131946
17,-2.125000000000003,4142347.456830919
18,-2.0750000000000037,5119720.389896487
19,-2.0250000000000035,5956077.328342354
20,-1.975000000000004,6522119.89968513
21,-1.925000000000004,6722512.142721306
22,-1.8750000000000042,5573194.407983432
23,-1.825000000000004,4146621.4007451166
24,-1.7750000000000044,3085208.9093620908
25,-1.7250000000000043,2295486.637072
26,-1.6750000000000047,1707909.919806898
27,-1.6250000000000049,1270735.4715405854
28,-1.5750000000000048,945464.7577748379
29,-1.5250000000000052,703453.7307048684
30,-1.4750000000000054,523390.37195550854
31,-1.4250000000000056,389417.90980515105
32,-1.3750000000000058,289738.43731673324
33,-1.3250000000000057,215573.9629457381
34,-1.275000000000006,160393.40147792894
35,-1.2250000000000063,119337.43243443366
36,-1.1750000000000065,88790.57772213094
37,-1.1250000000000069,66062.81475480279
38,-1.0750000000000068,49152.687202750145
39,-1.0250000000000072,36571.05238731537
40,-0.9750000000000072,27209.94413182219
41,-0.9250000000000074,20245.00284584879
42,-0.8750000000000075,15062.880623451636
43,-0.8250000000000077,11207.228490110007
44,-0.7750000000000079,8338.509317665423
45,-0.7250000000000081,6204.097444979505
46,-0.6750000000000083,4616.031911753952
47,-0.6250000000000084,3434.4642068079625
48,-0.5750000000000086,2555.3429034599326
49,-0.5250000000000088,1901.2506641703792
50,-0.475000000000009,1414.5867011092482
51,-0.4250000000000092,1052.4943252699986
52,-0.3750000000000093,783.0868930528712
53,-0.3250000000000095,582.6397989498774
54,-0.2750000000000097,433.5012350889059
55,-0.22500000000000986,322.53773456998823
56,-0.17500000000001004,239.97760975284126
57,-0.1250000000000102,178.55043615118637
58,-0.07500000000001039,132.84680301055198
