,abundance,fit_val
0,-2.975,0.36643219320932263
1,-2.9250000000000003,1.7387931254084619
2,-2.8750000000000004,7.647406796681229
3,-2.8250000000000006,31.17399465802725
4,-2.7750000000000012,117.78302562466828
5,-2.725000000000001,412.4629482548991
6,-2.6750000000000007,1338.7490106986268
7,-2.6250000000000013,4027.4056017243497
8,-2.575000000000001,11229.581266628653
9,-2.5250000000000017,29021.091385085092
10,-2.475000000000002,69514.58027083677
11,-2.425000000000002,154329.89284589153
12,-2.375000000000002,317567.60241179646
13,-2.3250000000000024,605667.5576499562
14,-2.2750000000000026,1070642.3506699465
15,-2.2250000000000028,1754149.1252487036
16,-2.1750000000000034,2663793.713707904
17,-2.125000000000003,3749269.456628631
18,-2.0750000000000037,4891079.296143337
19,-2.0250000000000035,5913910.388272461
20,-1.975000000000004,6627607.197445199
21,-1.925000000000004,6884157.027855227
22,-1.8750000000000042,6440577.514353116
23,-1.825000000000004,4797260.98809061
24,-1.7750000000000044,3573237.483217784
25,-1.7250000000000043,2661524.1787281665
26,-1.6750000000000047,1982434.9731089275
27,-1.6250000000000049,1476615.7129120645
28,-1.5750000000000048,1099856.4861875027
29,-1.5250000000000052,819227.5618028474
30,-1.4750000000000054,610201.2457496411
31,-1.4250000000000056,454508.09723125666
32,-1.3750000000000058,338540.1322722538
33,-1.3250000000000057,252161.45071360716
34,-1.275000000000006,187822.33231614524
35,-1.2250000000000063,139899.37167970501
36,-1.1750000000000065,104203.97806280368
37,-1.1250000000000069,77616.28171549899
38,-1.0750000000000068,57812.44919180396
39,-1.0250000000000072,43061.57429450152
40,-0.9750000000000072,32074.392395466144
41,-0.9250000000000074,23890.595371700078
42,-0.8750000000000075,17794.898190962373
43,-0.8250000000000077,13254.521149431788
44,-0.7750000000000079,9872.623547234429
45,-0.7250000000000081,7353.618784605146
46,-0.6750000000000083,5477.339328353672
47,-0.6250000000000084,4079.793499866711
48,-0.5750000000000086,3038.832178133028
49,-0.5250000000000088,2263.4726505541053
50,-0.475000000000009,1685.9464884809947
51,-0.4250000000000092,1255.7764112261582
52,-0.3750000000000093,935.3644411412344
53,-0.3250000000000095,696.7057431005417
54,-0.2750000000000097,518.9409294595856
55,-0.22500000000000986,386.5328956094402
56,-0.17500000000001004,287.9088368377653
57,-0.1250000000000102,214.44875525686183
58,-0.07500000000001039,159.73204968742098
