,abundance,fit_val
0,-1.975,0.0
1,-1.925,0.0
2,-1.875,0.0
3,-1.825,0.0
4,-1.775,0.0
5,-1.7249999999999996,0.0
6,-1.6749999999999998,0.0
7,-1.6249999999999996,0.0
8,-1.5749999999999995,0.0
9,-1.5249999999999997,0.0
10,-1.4749999999999996,0.0
11,-1.4249999999999994,0.0
12,-1.3749999999999996,0.0
13,-1.3249999999999993,22926874.00136885
14,-1.2749999999999997,8603325.628731916
15,-1.2249999999999992,2997922.41778138
16,-1.1749999999999994,1044658.683267926
17,-1.1249999999999991,364022.6838607431
18,-1.0749999999999993,126847.66468474761
19,-1.024999999999999,44201.44883643946
20,-0.9749999999999992,15402.475749916728
21,-0.9249999999999989,5367.160250891916
22,-0.874999999999999,1870.2453830456525
23,-0.824999999999999,651.70735161528
24,-0.7749999999999989,227.09451711504897
25,-0.7249999999999989,79.13355523133876
26,-0.6749999999999988,27.574948277500074
27,-0.6249999999999988,9.608790737177419
28,-0.5749999999999987,3.3482876740770826
29,-0.5249999999999987,1.1667472687275693
30,-0.4749999999999986,0.40656577976337316
31,-0.4249999999999986,0.14167226931233223
32,-0.37499999999999856,0.04936724360763351
33,-0.3249999999999985,0.017202553140745706
34,-0.2749999999999985,0.005994416802205715
35,-0.2249999999999984,0.0020888197527758534
36,-0.17499999999999838,0.0007278719687928852
37,-0.12499999999999832,0.0002536349066262763
38,-0.07499999999999829,8.838184271061794e-05
39,-0.024999999999998246,3.0797614669159575e-05
40,0.025000000000001688,1.0731763903312395e-05
41,0.07500000000000172,3.7395998915386417e-06
42,0.125000000000002,1.303104268300142e-06
43,0.17500000000000204,4.540808598011251e-07
44,0.22500000000000187,1.582294159059862e-07
45,0.2750000000000019,5.513676147661187e-08
46,0.3250000000000022,1.9213004413383405e-08
47,0.3750000000000022,6.694980421461156e-09
48,0.4250000000000021,2.332938767896491e-09
49,0.4750000000000021,8.129378955773747e-10
50,0.5250000000000024,2.832770543144801e-10
51,0.5750000000000024,9.87109715731676e-11
52,0.6250000000000022,3.439691200015666e-11
53,0.6750000000000023,1.1985978217928075e-11
54,0.7250000000000025,4.1766445150656275e-12
55,0.7750000000000026,1.4553972223255688e-12
56,0.8250000000000024,5.071489965479486e-13
57,0.8750000000000024,1.7672158552605523e-13
58,0.9250000000000028,6.158055917180441e-14
