,abundance,fit_val
0,-1.975,1.250244530351158e-25
1,-1.925,2.904430739585522e-21
2,-1.875,3.226212348473697e-17
3,-1.825,1.713526151932099e-13
4,-1.775,4.3516543099116154e-10
5,-1.7249999999999996,5.284256651411002e-07
6,-1.6749999999999998,0.00030681690205195815
7,-1.6249999999999996,0.08518056602076954
8,-1.5749999999999995,11.30752680674813
9,-1.5249999999999997,717.7291641633419
10,-1.4749999999999996,21783.086932316055
11,-1.4249999999999994,316114.28294898244
12,-1.3749999999999996,2193485.0387596125
13,-1.3249999999999993,7277648.859514683
14,-1.2749999999999997,11545516.906952638
15,-1.2249999999999992,4244167.607961075
16,-1.1749999999999994,1560169.096770279
17,-1.1249999999999991,573522.9697222873
18,-1.0749999999999993,210828.81174867015
19,-1.024999999999999,77501.32115001224
20,-0.9749999999999992,28489.724578810114
21,-0.9249999999999989,10472.910584393536
22,-0.874999999999999,3849.8742171162194
23,-0.824999999999999,1415.2256307528098
24,-0.7749999999999989,520.2413047769547
25,-0.7249999999999989,191.24230745599073
26,-0.6749999999999988,70.3012617899921
27,-0.6249999999999988,25.8429605614455
28,-0.5749999999999987,9.499951972064046
29,-0.5249999999999987,3.492211631749506
30,-0.4749999999999986,1.28374776175598
31,-0.4249999999999986,0.4719096348086687
32,-0.37499999999999856,0.17347543657691042
33,-0.3249999999999985,0.0637701052824466
34,-0.2749999999999985,0.023442087294770323
35,-0.2249999999999984,0.008617383557729433
36,-0.17499999999999838,0.003167776761824117
37,-0.12499999999999832,0.0011644845033910636
38,-0.07499999999999829,0.0004280680933643464
39,-0.024999999999998246,0.00015735915078558097
40,0.025000000000001688,5.784570894164584e-05
41,0.07500000000000172,2.1264260935934144e-05
42,0.125000000000002,7.816807874334044e-06
43,0.17500000000000204,2.8734826725623404e-06
44,0.22500000000000187,1.0563010889172578e-06
45,0.2750000000000019,3.882995366917677e-07
46,0.3250000000000022,1.4274010675269837e-07
47,0.3750000000000022,5.247170328700463e-08
48,0.4250000000000021,1.9288759890095948e-08
49,0.4750000000000021,7.09060759973306e-09
50,0.5250000000000024,2.606529212860763e-09
51,0.5750000000000024,9.581681741565184e-10
52,0.6250000000000022,3.5222557469778276e-10
53,0.6750000000000023,1.2947920711350716e-10
54,0.7250000000000025,4.759695569842428e-11
55,0.7750000000000026,1.749678764847366e-11
56,0.8250000000000024,6.431873079351511e-12
57,0.8750000000000024,2.3643763723962996e-12
58,0.9250000000000028,8.691520434836505e-13
