,abundance,fit_val
0,-1.975,0.0
1,-1.925,0.0
2,-1.875,0.0
3,-1.825,0.0
4,-1.775,0.0
5,-1.7249999999999996,0.0
6,-1.6749999999999998,0.0
7,-1.6249999999999996,0.0
8,-1.5749999999999995,0.0
9,-1.5249999999999997,0.0
10,-1.4749999999999996,0.0
11,-1.4249999999999994,0.0
12,-1.3749999999999996,0.0
13,-1.3249999999999993,0.0
14,-1.2749999999999997,21399870.00127768
15,-1.2249999999999992,7376357.843945075
16,-1.1749999999999994,3254922.507463459
17,-1.1249999999999991,1436280.7165447786
18,-1.0749999999999993,633779.2349858445
19,-1.024999999999999,279664.0754639809
20,-0.9749999999999992,123405.73939263033
21,-0.9249999999999989,54454.53260228658
22,-0.874999999999999,24028.83476512434
23,-0.824999999999999,10603.064108301645
24,-0.7749999999999989,4678.752406584823
25,-0.7249999999999989,2064.565851769584
26,-0.6749999999999988,911.0189610149417
27,-0.6249999999999988,402.0000362872277
28,-0.5749999999999987,177.38821702996606
29,-0.5249999999999987,78.27506641961476
30,-0.4749999999999986,34.53998312616256
31,-0.4249999999999986,15.241257387890832
32,-0.37499999999999856,6.7254209683727995
33,-0.3249999999999985,2.9676873797672862
34,-0.2749999999999985,1.3095341429847962
35,-0.2249999999999984,0.5778505119287146
36,-0.17499999999999838,0.25498473325422577
37,-0.12499999999999832,0.11251562964912482
38,-0.07499999999999829,0.049649117238391584
39,-0.024999999999998246,0.021908377087153652
40,0.025000000000001688,0.009667382086337942
41,0.07500000000000172,0.004265869444891406
42,0.125000000000002,0.0018823753895664376
43,0.17500000000000204,0.0008306248358089692
44,0.22500000000000187,0.0003665249884198648
45,0.2750000000000019,0.00016173434906427273
46,0.3250000000000022,7.136757518229313e-05
47,0.3750000000000022,3.1491954658167426e-05
48,0.4250000000000021,1.3896271600357471e-05
49,0.4750000000000021,6.131926915524697e-06
50,0.5250000000000024,2.7057997122313715e-06
51,0.5750000000000024,1.1939724956889668e-06
52,0.6250000000000022,5.268572962062059e-07
53,0.6750000000000023,2.3248325364943985e-07
54,0.7250000000000025,1.0258653266571723e-07
55,0.7750000000000026,4.526776238362276e-08
56,0.8250000000000024,1.9975042122706806e-08
57,0.8750000000000024,8.814270615422877e-09
58,0.9250000000000028,3.889421909833631e-09
