,abundance,fit_val
0,-1.975,1.504747373384341e-06
1,-1.925,6.119387729598936e-05
2,-1.875,0.0019787151911018473
3,-1.825,0.050873257113836855
4,-1.775,1.0399841942242538
5,-1.7249999999999996,16.904209762486158
6,-1.6749999999999998,218.4710755228111
7,-1.6249999999999996,2245.039359832686
8,-1.5749999999999995,18343.61435008414
9,-1.5249999999999997,119172.70647524646
10,-1.4749999999999996,615601.4482721494
11,-1.4249999999999994,2528444.3677176824
12,-1.3749999999999996,8257300.9095273325
13,-1.3249999999999993,21441430.63112941
14,-1.2749999999999997,44269064.708311126
15,-1.2249999999999992,72673800.60833798
16,-1.1749999999999994,94860702.96798277
17,-1.1249999999999991,98452272.156942
18,-1.0749999999999993,81244896.11138687
19,-1.024999999999999,53308611.51954974
20,-0.9749999999999992,27811831.75789683
21,-0.9249999999999989,11536996.351895178
22,-0.874999999999999,3805282.083172479
23,-0.824999999999999,997957.1555016547
24,-0.7749999999999989,208097.98542768057
25,-0.7249999999999989,34502.83605020883
26,-0.6749999999999988,4548.54664101003
27,-0.6249999999999988,476.7837546967607
28,-0.5749999999999987,39.737558994723315
29,-0.5249999999999987,2.633369863608715
30,-0.4749999999999986,0.13875654448629077
31,-0.4249999999999986,0.005813344094539397
32,-0.37499999999999856,0.00019365536046643067
33,-0.3249999999999985,5.1293691482781e-06
34,-0.2749999999999985,1.0802625660212432e-07
35,-0.2249999999999984,1.8089461459150995e-09
36,-0.17499999999999838,1.5211363294870303e-09
37,-0.12499999999999832,1.279118086577837e-09
38,-0.07499999999999829,1.0756058136894935e-09
39,-0.024999999999998246,9.0447307295755e-10
40,0.025000000000001688,7.605681647435154e-10
41,0.07500000000000172,6.395590432889187e-10
42,0.125000000000002,5.378029068447466e-10
43,0.17500000000000204,4.522365364787747e-10
44,0.22500000000000187,3.802840823717577e-10
45,0.2750000000000019,3.1977952164445934e-10
46,0.3250000000000022,2.689014534223733e-10
47,0.3750000000000022,2.2611826823938736e-10
48,0.4250000000000021,1.901420411858788e-10
49,0.4750000000000021,1.5988976082222967e-10
50,0.5250000000000024,1.3445072671118663e-10
51,0.5750000000000024,1.1305913411969368e-10
52,0.6250000000000022,9.507102059293942e-11
53,0.6750000000000023,7.994488041111484e-11
54,0.7250000000000025,6.722536335559332e-11
55,0.7750000000000026,5.652956705984684e-11
56,0.8250000000000024,4.753551029646971e-11
57,0.8750000000000024,3.997244020555742e-11
58,0.9250000000000028,3.361268167779664e-11
