,abundance,fit_val
0,-1.975,277.3059355768043
1,-1.925,1091.0510536709003
2,-1.875,3969.5154823624894
3,-1.825,13354.771045115982
4,-1.775,41547.2145899662
5,-1.7249999999999996,119523.66426147835
6,-1.6749999999999998,317959.938508294
7,-1.6249999999999996,782163.2906040258
8,-1.5749999999999995,1779217.222482926
9,-1.5249999999999997,3742545.059855574
10,-1.4749999999999996,7279668.812107561
11,-1.4249999999999994,13093710.207624838
12,-1.3749999999999996,21778118.050334375
13,-1.3249999999999993,33495347.670615625
14,-1.2749999999999997,47638178.9980032
15,-1.2249999999999992,62651624.08080255
16,-1.1749999999999994,76193168.56789578
17,-1.1249999999999991,85685286.88851525
18,-1.0749999999999993,89105188.93031783
19,-1.024999999999999,51870043.857628144
20,-0.9749999999999992,18799709.99919304
21,-0.9249999999999989,6813741.993815171
22,-0.874999999999999,2469563.6241342817
23,-0.824999999999999,895065.369246892
24,-0.7749999999999989,324406.3070073443
25,-0.7249999999999989,117577.39226878123
26,-0.6749999999999988,42614.59433467143
27,-0.6249999999999988,15445.177131988405
28,-0.5749999999999987,5597.929544161108
29,-0.5249999999999987,2028.9061701008445
30,-0.4749999999999986,735.3540652127216
31,-0.4249999999999986,266.520753494481
32,-0.37499999999999856,96.59742891707195
33,-0.3249999999999985,35.0106442032927
34,-0.2749999999999985,12.68921151702545
35,-0.2249999999999984,4.5990610166683945
36,-0.17499999999999838,1.6668775838955472
37,-0.12499999999999832,0.6041409038982951
38,-0.07499999999999829,0.21896402908608664
39,-0.024999999999998246,0.07936103270650857
40,0.025000000000001688,0.02876350758857938
41,0.07500000000000172,0.010425007596081996
42,0.125000000000002,0.003778425946268059
43,0.17500000000000204,0.0013694476958268334
44,0.22500000000000187,0.0004963408091821264
45,0.2750000000000019,0.0001798931055273538
46,0.3250000000000022,6.520021891732205e-05
47,0.3750000000000022,2.3631080993375456e-05
48,0.4250000000000021,8.56481769829016e-06
49,0.4750000000000021,3.104221183343598e-06
50,0.5250000000000024,1.1250898144677125e-06
51,0.5750000000000024,4.077760622893363e-07
52,0.6250000000000022,1.4779381595847675e-07
53,0.6750000000000023,5.3566194918203164e-08
54,0.7250000000000025,1.9414460743209077e-08
55,0.7750000000000026,7.03655143930191e-09
56,0.8250000000000024,2.5503183844681924e-09
57,0.8750000000000024,9.24334017630897e-10
58,0.9250000000000028,3.3501439716431037e-10
