,abundance,fit_val
0,-1.975,1.458872999694072e-09
1,-1.925,2.1712877924726544e-07
2,-1.875,2.288631768188972e-05
3,-1.825,0.001708413838745661
4,-1.775,0.09031686757023664
5,-1.7249999999999996,3.381452412802464
6,-1.6749999999999998,89.65950163991553
7,-1.6249999999999996,1683.635166825911
8,-1.5749999999999995,22390.216020982913
9,-1.5249999999999997,210876.02481579382
10,-1.4749999999999996,1406548.6427957336
11,-1.4249999999999994,6644173.016926019
12,-1.3749999999999996,22227250.169966325
13,-1.3249999999999993,52661008.179971404
14,-1.2749999999999997,88359088.75093083
15,-1.2249999999999992,104995797.03565307
16,-1.1749999999999994,112863959.99999999
17,-1.1249999999999991,75473398.22186197
18,-1.0749999999999993,50469909.4303955
19,-1.024999999999999,33749795.52960526
20,-0.9749999999999992,22568867.492442448
21,-0.9249999999999989,15092055.282071836
22,-0.874999999999999,10092226.945520667
23,-0.824999999999999,6748785.557450654
24,-0.7749999999999989,4512988.733440019
25,-0.7249999999999989,3017886.275208629
26,-0.6749999999999988,2018094.4620152714
27,-0.6249999999999988,1349522.4426026982
28,-0.5749999999999987,902440.8209661747
29,-0.5249999999999987,603472.3170482788
30,-0.4749999999999986,403548.7191877243
31,-0.4249999999999986,269857.5629029635
32,-0.37499999999999856,180456.78450549298
33,-0.3249999999999985,120673.47945987215
34,-0.2749999999999985,80695.71163454332
35,-0.2249999999999984,53962.12908877582
36,-0.17499999999999838,36085.08205468526
37,-0.12499999999999832,24130.49983167193
38,-0.07499999999999829,16136.336374236345
39,-0.024999999999998246,10790.549445674746
40,0.025000000000001688,7215.761659843453
41,0.07500000000000172,4825.260900179375
42,0.125000000000002,3226.706181881429
43,0.17500000000000204,2157.7346799641036
44,0.22500000000000187,1442.9014253801952
45,0.2750000000000019,964.8843959808956
46,0.3250000000000022,645.2290372934542
47,0.3750000000000022,431.47190720543216
48,0.4250000000000021,288.5301124828687
49,0.4750000000000021,192.94332821937334
50,0.5250000000000024,129.02337154351298
51,0.5750000000000024,86.27937829251086
52,0.6250000000000022,57.69598972254181
53,0.6750000000000023,38.58195661514857
54,0.7250000000000025,25.800187905809008
55,0.7750000000000026,17.252875550476826
56,0.8250000000000024,11.537191738561795
57,0.8750000000000024,7.715049750570985
58,0.9250000000000028,5.159140456584361
