,abundance,fit_val
0,-1.975,0.08005537868231036
1,-1.925,1.22022966016075
2,-1.875,15.41355831511237
3,-1.825,161.35205989221575
4,-1.775,1399.7690611311154
5,-1.7249999999999996,10063.488108958856
6,-1.6749999999999998,59958.527282443865
7,-1.6249999999999996,296049.03376456036
8,-1.5749999999999995,1211397.325701571
9,-1.5249999999999997,4107899.8291889713
10,-1.4749999999999996,11544186.936191715
11,-1.4249999999999994,26885438.75265252
12,-1.3749999999999996,51889702.108620495
13,-1.3249999999999993,82995682.06350072
14,-1.2749999999999997,110012007.77833909
15,-1.2249999999999992,120846744.39574838
16,-1.1749999999999994,110012007.77833937
17,-1.1249999999999991,72036191.1484521
18,-1.0749999999999993,37458253.95385787
19,-1.024999999999999,19477998.029909037
20,-0.9749999999999992,10128406.084290225
21,-0.9249999999999989,5266691.66157451
22,-0.874999999999999,2738638.3234694735
23,-0.824999999999999,1424070.431443002
24,-0.7749999999999989,740505.4462033142
25,-0.7249999999999989,385057.0194770014
26,-0.6749999999999988,200226.62764833032
27,-0.6249999999999988,104116.27471140712
28,-0.5749999999999987,54139.64559609158
29,-0.5249999999999987,28152.190744385756
30,-0.4749999999999986,14638.918208313726
31,-0.4249999999999986,7612.122561098959
32,-0.37499999999999856,3958.2439809168277
33,-0.3249999999999985,2058.2558001013567
34,-0.2749999999999985,1070.2768599093822
35,-0.2249999999999984,556.5355660851653
36,-0.17499999999999838,289.3941258750202
37,-0.12499999999999832,150.48267387488167
38,-0.07499999999999829,78.24980921110264
39,-0.024999999999998246,40.68928657305024
40,0.025000000000001688,21.158109630111458
41,0.07500000000000172,11.00205092847013
42,0.125000000000002,5.720980122930403
43,0.17500000000000204,2.9748647574671767
44,0.22500000000000187,1.5469063228779787
45,0.2750000000000019,0.8043791455572655
46,0.3250000000000022,0.41827084176865825
47,0.3750000000000022,0.21749755453028144
48,0.4250000000000021,0.1130970211230191
49,0.4750000000000021,0.05880956323635257
50,0.5250000000000024,0.030580511261110412
51,0.5750000000000024,0.015901625816068674
52,0.6250000000000022,0.008268720605591341
53,0.6750000000000023,0.004299669810129767
54,0.7250000000000025,0.0022357945512925244
55,0.7750000000000026,0.0011625956169500548
56,0.8250000000000024,0.000604540595096316
57,0.8750000000000024,0.0003143563641485055
58,0.9250000000000028,0.00016346284183764805
