,abundance,fit_val
0,-1.975,0.04460711645365697
1,-1.925,0.7058079178197689
2,-1.875,9.231234270968054
3,-1.825,99.7984715457098
4,-1.775,891.8234297526274
5,-1.7249999999999996,6587.562313495246
6,-1.6749999999999998,40221.796600918104
7,-1.6249999999999996,202996.74081824924
8,-1.5749999999999995,846852.0352078862
9,-1.5249999999999997,2920228.7785314214
10,-1.4749999999999996,8323712.822998737
11,-1.4249999999999994,19611380.700681824
12,-1.3749999999999996,38193558.472278625
13,-1.3249999999999993,61484117.90028083
14,-1.2749999999999997,81813814.31379113
15,-1.2249999999999992,89987296.70778795
16,-1.1749999999999994,81813814.31379133
17,-1.1249999999999991,57160466.163172066
18,-1.0749999999999993,30057567.430212364
19,-1.024999999999999,15805633.166859068
20,-0.9749999999999992,8311319.283749232
21,-0.9249999999999989,4370468.902268519
22,-0.874999999999999,2298190.9097203906
23,-0.824999999999999,1208493.0874991326
24,-0.7749999999999989,635480.5148502104
25,-0.7249999999999989,334164.4970348896
26,-0.6749999999999988,175718.85914535314
27,-0.6249999999999988,92400.95142758585
28,-0.5749999999999987,48588.61402953095
29,-0.5249999999999987,25550.098530759402
30,-0.4749999999999986,13435.401440649282
31,-0.4249999999999986,7064.943865249214
32,-0.37499999999999856,3715.06813842626
33,-0.3249999999999985,1953.5514416522685
34,-0.2749999999999985,1027.2660131607477
35,-0.2249999999999984,540.1830938747352
36,-0.17499999999999838,284.0527878560523
37,-0.12499999999999832,149.36784805691406
38,-0.07499999999999829,78.54439381337714
39,-0.024999999999998246,41.302207133359566
40,0.025000000000001688,21.718575079211032
41,0.07500000000000172,11.420612509841833
42,0.125000000000002,6.00547640092663
43,0.17500000000000204,3.1579520600148925
44,0.22500000000000187,1.6605945219955538
45,0.2750000000000019,0.8732159684744004
46,0.3250000000000022,0.4591765885644202
47,0.3750000000000022,0.24145589075062904
48,0.4250000000000021,0.1269684662287624
49,0.4750000000000021,0.06676578221540996
50,0.5250000000000024,0.03510847856352016
51,0.5750000000000024,0.01846163148464792
52,0.6250000000000022,0.009707963746087523
53,0.6750000000000023,0.005104887949568271
54,0.7250000000000025,0.002684381777604993
55,0.7750000000000026,0.0014115697737395359
56,0.8250000000000024,0.0007422674534442788
57,0.8750000000000024,0.0003903179160482083
58,0.9250000000000028,0.00020524687547768275
