,abundance,fit_val
0,-1.975,3.0935625322943944e-07
1,-1.925,1.8231496925431846e-05
2,-1.875,0.0008259785372903815
3,-1.825,0.028767240292543673
4,-1.775,0.770212644463615
5,-1.7249999999999996,15.852804057122302
6,-1.6749999999999998,250.83292577446025
7,-1.6249999999999996,3051.026646557403
8,-1.5749999999999995,28529.2570417137
9,-1.5249999999999997,205077.4590270801
10,-1.4749999999999996,1133256.9682409086
11,-1.4249999999999994,4814174.998325941
12,-1.3749999999999996,15721658.288326606
13,-1.3249999999999993,39469155.7307679
14,-1.2749999999999997,76172871.10022867
15,-1.2249999999999992,113012327.26628405
16,-1.1749999999999994,128894479.22928828
17,-1.1249999999999991,90304261.9772855
18,-1.0749999999999993,42448181.52426365
19,-1.024999999999999,19953079.458974484
20,-0.9749999999999992,9379091.532309366
21,-0.9249999999999989,4408710.853495388
22,-0.874999999999999,2072346.9136399732
23,-0.824999999999999,974121.8857816865
24,-0.7749999999999989,457893.1462262516
25,-0.7249999999999989,215236.0360867247
26,-0.6749999999999988,101173.27942584065
27,-0.6249999999999988,47557.24299649727
28,-0.5749999999999987,22354.631324229194
29,-0.5249999999999987,10507.958623232536
30,-0.4749999999999986,4939.343119825498
31,-0.4249999999999986,2321.7745073174174
32,-0.37499999999999856,1091.367157951052
33,-0.3249999999999985,513.0051474423038
34,-0.2749999999999985,241.14183699314123
35,-0.2249999999999984,113.35049139047182
36,-0.17499999999999838,53.28123090820982
37,-0.12499999999999832,25.04523387829436
38,-0.07499999999999829,11.7726961131789
39,-0.024999999999998246,5.533842265029593
40,0.025000000000001688,2.6012231964389922
41,0.07500000000000172,1.222724066504642
42,0.125000000000002,0.5747504269746395
43,0.17500000000000204,0.27016565908599266
44,0.22500000000000187,0.12699335211209756
45,0.2750000000000019,0.05969415778166658
46,0.3250000000000022,0.0280596772507987
47,0.3750000000000022,0.013189657358074064
48,0.4250000000000021,0.006199895304157338
49,0.4750000000000021,0.0029143063188811274
50,0.5250000000000024,0.001369891087447128
51,0.5750000000000024,0.0006439273659426258
52,0.6250000000000022,0.00030268278727363775
53,0.6750000000000023,0.0001422782670179311
54,0.7250000000000025,6.687894428342548e-05
55,0.7750000000000026,3.1436938910015425e-05
56,0.8250000000000024,1.477716400312512e-05
57,0.8750000000000024,6.946114461089839e-06
58,0.9250000000000028,3.265072113726093e-06
