,abundance,fit_val
0,-1.975,0.0328023644191923
1,-1.925,0.5240261066375344
2,-1.875,7.000981121399673
3,-1.825,78.2209520182194
4,-1.775,730.8790212763411
5,-1.7249999999999996,5711.183356654147
6,-1.6749999999999998,37322.00085157273
7,-1.6249999999999996,203967.9549971311
8,-1.5749999999999995,932217.3314308014
9,-1.5249999999999997,3563121.340188914
10,-1.4749999999999996,11389437.079919558
11,-1.4249999999999994,30446131.249946617
12,-1.3749999999999996,68064424.82075599
13,-1.3249999999999993,127252537.30791463
14,-1.2749999999999997,198962363.04752553
15,-1.2249999999999992,260155863.240914
16,-1.1749999999999994,284481817.66477156
17,-1.1249999999999991,212196193.04975018
18,-1.0749999999999993,89456351.64457959
19,-1.024999999999999,37712452.492879614
20,-0.9749999999999992,15898581.228512349
21,-0.9249999999999989,6702425.018031567
22,-0.874999999999999,2825566.663883956
23,-0.824999999999999,1191184.8249810128
24,-0.7749999999999989,502172.29181017814
25,-0.7249999999999989,211702.6723085617
26,-0.6749999999999988,89248.29623918704
27,-0.6249999999999988,37624.74178874857
28,-0.5749999999999987,15861.604695243852
29,-0.5249999999999987,6686.836681053802
30,-0.4749999999999986,2818.995029708066
31,-0.4249999999999986,1188.4143963071122
32,-0.37499999999999856,501.0043517161702
33,-0.3249999999999985,211.210299385901
34,-0.2749999999999985,89.04072472399288
35,-0.2249999999999984,37.53723508003835
36,-0.17499999999999838,15.824714161096493
37,-0.12499999999999832,6.67128459905075
38,-0.07499999999999829,2.8124386796790057
39,-0.024999999999998246,1.1856504110287907
40,0.025000000000001688,0.4998391279888066
41,0.07500000000000172,0.21071907161220044
42,0.125000000000002,0.08883363597357606
43,0.17500000000000204,0.03744993189230138
44,0.22500000000000187,0.015787909426055582
45,0.2750000000000019,0.0066557686877015375
46,0.3250000000000022,0.002805897578249255
47,0.3750000000000022,0.0011828928541601591
48,0.4250000000000021,0.0004986766143104279
49,0.4750000000000021,0.00021022898632409962
50,0.5250000000000024,8.862702886513514e-05
51,0.5750000000000024,3.736283175219351e-05
52,0.6250000000000022,1.5751190290571646e-05
53,0.6750000000000023,6.640288862881279e-06
54,0.7250000000000025,2.799371689954016e-06
55,0.7750000000000026,1.1801417107501727e-06
56,0.8250000000000024,4.975168043780682e-07
57,0.8750000000000024,2.0974004086443453e-07
58,0.9250000000000028,8.842090227847783e-08
