,abundance,fit_val
0,-1.975,0.0009159971117255228
1,-1.925,0.022708236030929665
2,-1.875,0.4576342781782489
3,-1.825,7.497207762413064
4,-1.775,99.84501746595579
5,-1.7249999999999996,1080.9338079557313
6,-1.6749999999999998,9513.003472109698
7,-1.6249999999999996,68058.45126838642
8,-1.5749999999999995,395815.0660306162
9,-1.5249999999999997,1871321.6043695079
10,-1.4749999999999996,7192011.847131357
11,-1.4249999999999994,22469748.35263181
12,-1.3749999999999996,57067897.826671265
13,-1.3249999999999993,117823357.25008382
14,-1.2749999999999997,197750123.57164857
15,-1.2249999999999992,269803752.5199764
16,-1.1749999999999994,299243730.17535955
17,-1.1249999999999991,239920436.10079244
18,-1.0749999999999993,89716764.03647919
19,-1.024999999999999,33549029.3365244
20,-0.9749999999999992,12545452.140531251
21,-0.9249999999999989,4691294.279534104
22,-0.874999999999999,1754280.497080403
23,-0.824999999999999,656002.3479793906
24,-0.7749999999999989,245308.02301608777
25,-0.7249999999999989,91731.4188606411
26,-0.6749999999999988,34302.39705463904
27,-0.6249999999999988,12827.16934185537
28,-0.5749999999999987,4796.640685563483
29,-0.5249999999999987,1793.6741344271477
30,-0.4749999999999986,670.7333551575014
31,-0.4249999999999986,250.81659209214234
32,-0.37499999999999856,93.79131421598045
33,-0.3249999999999985,35.07268218973772
34,-0.2749999999999985,13.115212706687464
35,-0.2249999999999984,4.904352721332097
36,-0.17499999999999838,1.8339523843919991
37,-0.12499999999999832,0.6857951577560102
38,-0.07499999999999829,0.2564488600708775
39,-0.024999999999998246,0.09589746601134475
40,0.025000000000001688,0.035860264634654394
41,0.07500000000000172,0.013409724293604482
42,0.125000000000002,0.0050144835087667225
43,0.17500000000000204,0.0018751351115910754
44,0.22500000000000187,0.0007011951840253347
45,0.2750000000000019,0.00026220760470061665
46,0.3250000000000022,9.80509129685505e-05
47,0.3750000000000022,3.6665532812991124e-05
48,0.4250000000000021,1.3710849351211424e-05
49,0.4750000000000021,5.127087362685411e-06
50,0.5250000000000024,1.9172426267148546e-06
51,0.5750000000000024,7.169410290226082e-07
52,0.6250000000000022,2.6809566610603336e-07
53,0.6750000000000023,1.0025271713466222e-07
54,0.7250000000000025,3.74888838706834e-08
55,0.7750000000000026,1.4018736389775773e-08
56,0.8250000000000024,5.242219817584618e-09
57,0.8750000000000024,1.960295696545047e-09
58,0.9250000000000028,7.33040458357496e-10
