,abundance,fit_val
0,-1.975,532876.165230573
1,-1.925,900778.6584339195
2,-1.875,1482238.1746338948
3,-1.825,2374247.631506219
4,-1.775,3702048.8560020123
5,-1.7249999999999996,5619095.217749641
6,-1.6749999999999998,8302306.267699395
7,-1.6249999999999996,11940959.413450433
8,-1.5749999999999995,16718134.210940165
9,-1.5249999999999997,22784762.48421164
10,-1.4749999999999996,30227993.297570422
11,-1.4249999999999994,39037521.99844671
12,-1.3749999999999996,49075335.79113264
13,-1.3249999999999993,60055450.75482023
14,-1.2749999999999997,71540125.1017741
15,-1.2249999999999992,82957388.64019722
16,-1.1749999999999994,93641543.45708352
17,-1.1249999999999991,102894027.60254584
18,-1.0749999999999993,110057561.03612898
19,-1.024999999999999,114592901.11894394
20,-0.9749999999999992,116145839.63108753
21,-0.9249999999999989,70282907.87521556
22,-0.874999999999999,23477308.72001696
23,-0.824999999999999,7842362.266990828
24,-0.7749999999999989,2619663.380508509
25,-0.7249999999999989,875072.5857262025
26,-0.6749999999999988,292309.32339898584
27,-0.6249999999999988,97643.03206352222
28,-0.5749999999999987,32616.68700708677
29,-0.5249999999999987,10895.280992771413
30,-0.4749999999999986,3639.4606198248666
31,-0.4249999999999986,1215.7257451225034
32,-0.37499999999999856,406.10113468538714
33,-0.3249999999999985,135.6540587006662
34,-0.2749999999999985,45.313893683700634
35,-0.2249999999999984,15.136657026301192
36,-0.17499999999999838,5.056250242611293
37,-0.12499999999999832,1.6889902751634194
38,-0.07499999999999829,0.5641904598699898
39,-0.024999999999998246,0.188462230771288
40,0.025000000000001688,0.06295394012063761
41,0.07500000000000172,0.02102913968752937
42,0.125000000000002,0.007024575668340905
43,0.17500000000000204,0.0023464898732642615
44,0.22500000000000187,0.0007838216833718306
45,0.2750000000000019,0.00026182786396140346
46,0.3250000000000022,8.746100267561782e-05
47,0.3750000000000022,2.9215481016000933e-05
48,0.4250000000000021,9.759141844760292e-06
49,0.4750000000000021,3.2599445990291638e-06
50,0.5250000000000024,1.0889521802006732e-06
51,0.5750000000000024,3.6375368192359617e-07
52,0.6250000000000022,1.215083118604815e-07
53,0.6750000000000023,4.058864716669712e-08
54,0.7250000000000025,1.3558235264713867e-08
55,0.7750000000000026,4.528994098728192e-09
56,0.8250000000000024,1.5128655865485649e-09
57,0.8750000000000024,5.053577534149696e-10
58,0.9250000000000028,1.688097483394129e-10
