,abundance,fit_val
0,-1.975,697009.1458104784
1,-1.925,1207572.6213524388
2,-1.875,2030891.395681015
3,-1.825,3315574.5835173293
4,-1.775,5254477.835099877
5,-1.7249999999999996,8083491.528346499
6,-1.6749999999999998,12071662.115522536
7,-1.6249999999999996,17499829.40905025
8,-1.5749999999999995,24626303.05551024
9,-1.5249999999999997,33640565.26556668
10,-1.4749999999999996,44609361.80731064
11,-1.4249999999999994,57423200.730738364
12,-1.3749999999999996,71754219.12823474
13,-1.3249999999999993,87037448.1491548
14,-1.2749999999999997,102485757.82920088
15,-1.2249999999999992,117143863.87556256
16,-1.1749999999999994,129979311.75772895
17,-1.1249999999999991,139999853.7041015
18,-1.0749999999999993,146379274.77204812
19,-1.024999999999999,148569704.9590273
20,-0.9749999999999992,84587562.47305577
21,-0.9249999999999989,24772115.803854883
22,-0.874999999999999,7254703.924055906
23,-0.824999999999999,2124595.631735338
24,-0.7749999999999989,622204.1100011258
25,-0.7249999999999989,182217.24111617645
26,-0.6749999999999988,53363.715260464414
27,-0.6249999999999988,15627.97290177563
28,-0.5749999999999987,4576.7716101952
29,-0.5249999999999987,1340.3426345529926
30,-0.4749999999999986,392.52961060991913
31,-0.4249999999999986,114.95530413905053
32,-0.37499999999999856,33.665541636892826
33,-0.3249999999999985,9.859211823183347
34,-0.2749999999999985,2.8873457264646025
35,-0.2249999999999984,0.845581319647676
36,-0.17499999999999838,0.24763496853998096
37,-0.12499999999999832,0.07252179798549513
38,-0.07499999999999829,0.021238564222402327
