,abundance,fit_val
0,-1.975,943527.4289972286
1,-1.925,1621416.4918624803
2,-1.875,2705978.6693805265
3,-1.825,4385750.063402841
4,-1.775,6903242.258172887
5,-1.7249999999999996,10552420.219824089
6,-1.6749999999999998,15665373.97038207
7,-1.6249999999999996,22584952.592790406
8,-1.5749999999999995,31621853.788503643
9,-1.5249999999999997,42997697.09883498
10,-1.4749999999999996,56779660.61597246
11,-1.4249999999999994,72816552.83392327
12,-1.3749999999999996,90689532.92529236
13,-1.3249999999999993,109691744.05382386
14,-1.2749999999999997,128848819.7567622
15,-1.2249999999999992,146986238.02091134
16,-1.1749999999999994,162840576.50001663
17,-1.1249999999999991,175201699.44805196
18,-1.0749999999999993,183064327.46088704
19,-1.024999999999999,236432959.93838605
20,-0.9749999999999992,80883947.85731949
21,-0.9249999999999989,27670478.019183137
22,-0.874999999999999,9466097.712746786
23,-0.824999999999999,3238361.3266510195
24,-0.7749999999999989,1107846.591085517
25,-0.7249999999999989,378995.4071150703
26,-0.6749999999999988,129654.70108417759
27,-0.6249999999999988,44355.0006085522
28,-0.5749999999999987,15173.889280785646
29,-0.5249999999999987,5191.002429186003
30,-0.4749999999999986,1775.8470304601924
31,-0.4249999999999986,607.5190136423843
32,-0.37499999999999856,207.8328513697325
33,-0.3249999999999985,71.09982262036617
34,-0.2749999999999985,24.323319164083628
35,-0.2249999999999984,8.321031380300607
36,-0.17499999999999838,2.8466330094532553
37,-0.12499999999999832,0.9738359489537439
38,-0.07499999999999829,0.3331502347950316
