,abundance,fit_val
0,-2.975,0.2811624923692166
1,-2.9250000000000003,0.7844002628029318
2,-2.8750000000000004,2.1308091892912695
3,-2.8250000000000006,5.636089436543901
4,-2.7750000000000012,14.515689697572316
5,-2.725000000000001,36.40189224909647
6,-2.6750000000000007,88.88668884663682
7,-2.6250000000000013,211.337215763836
8,-2.575000000000001,489.26226242128854
9,-2.5250000000000017,1102.8944249577612
10,-2.475000000000002,2420.7650920301053
11,-2.425000000000002,5173.659460906831
12,-2.375000000000002,10766.375310960491
13,-2.3250000000000024,21815.62578459042
14,-2.2750000000000026,43041.987801620926
15,-2.2250000000000028,82688.18310912847
16,-2.1750000000000034,154675.334244558
17,-2.125000000000003,281724.8533592028
18,-2.0750000000000037,499638.32569670805
19,-2.0250000000000035,862805.3149351255
20,-1.975000000000004,1450762.6416436876
21,-1.925000000000004,2375233.992998393
22,-1.8750000000000042,3786543.2431812403
23,-1.825000000000004,5877679.842924011
24,-1.7750000000000044,8883731.342071366
25,-1.7250000000000043,13074087.608319307
26,-1.6750000000000047,18735006.573351562
27,-1.6250000000000049,26141035.887756508
28,-1.5750000000000048,35515523.564281255
29,-1.5250000000000052,46982933.96856721
30,-1.4750000000000054,60518552.37258379
31,-1.4250000000000056,75903781.4541974
32,-1.3750000000000058,92696807.81689283
33,-1.3250000000000057,110228178.11222652
34,-1.275000000000006,127628294.10887085
35,-1.2250000000000063,143889062.8781
36,-1.1750000000000065,157955622.09534606
37,-1.1250000000000069,168837486.05831107
38,-1.0750000000000068,175723218.9625838
39,-1.0250000000000072,219889758.9830006
40,-0.9750000000000072,76879351.91791673
41,-0.9250000000000074,26879081.49363083
42,-0.8750000000000075,9397647.143444149
43,-0.8250000000000077,3285669.2611914943
44,-0.7750000000000079,1148758.016677583
45,-0.7250000000000081,401636.5848102637
46,-0.6750000000000083,140422.91232456043
47,-0.6250000000000084,49095.612928355134
48,-0.5750000000000086,17165.1418483598
49,-0.5250000000000088,6001.393548223585
50,-0.475000000000009,2098.2479981137594
51,-0.4250000000000092,733.6037249034589
52,-0.3750000000000093,256.48751990995623
53,-0.3250000000000095,89.674909813493
54,-0.2750000000000097,31.352751404361598
55,-0.22500000000000986,10.961762020928097
56,-0.17500000000001004,3.8325257344637786
57,-0.1250000000000102,1.3399536933281802
58,-0.07500000000001039,0.4684837166566437
