,abundance,fit_val
0,-2.975,0.02372088188047424
1,-2.9250000000000003,0.12228875320110158
2,-2.8750000000000004,0.5879405993578394
3,-2.8250000000000006,2.6361591857565916
4,-2.7750000000000012,11.023031797766887
5,-2.725000000000001,42.985475579615176
6,-2.6750000000000007,156.3268796302689
7,-2.6250000000000013,530.1964674372912
8,-2.575000000000001,1676.9929922767765
9,-2.5250000000000017,4946.715268168026
10,-2.475000000000002,13607.985127984644
11,-2.425000000000002,34910.97565153081
12,-2.375000000000002,83525.94419822792
13,-2.3250000000000024,186368.30212787396
14,-2.2750000000000026,387805.4883220373
15,-2.2250000000000028,752570.344683821
16,-2.1750000000000034,1361982.4075861867
17,-2.125000000000003,2298725.653214443
18,-2.0750000000000037,3618212.206192917
19,-2.0250000000000035,5311194.106599751
20,-1.975000000000004,7270789.317477637
21,-1.925000000000004,9282440.93776286
22,-1.8750000000000042,11051826.950002482
23,-1.825000000000004,12271487.377597207
24,-1.7750000000000044,12707250.206980547
25,-1.7250000000000043,12271487.3775972
26,-1.6750000000000047,10033678.00562612
27,-1.6250000000000049,6783360.034762091
28,-1.5750000000000048,4585952.761829347
29,-1.5250000000000052,3100375.422497812
30,-1.4750000000000054,2096037.2379836922
31,-1.4250000000000056,1417045.1975376557
32,-1.3750000000000058,958006.4015447405
33,-1.3250000000000057,647669.0136598925
34,-1.275000000000006,437862.57647004724
35,-1.2250000000000063,296021.0104688863
36,-1.1750000000000065,200127.71894200626
37,-1.1250000000000069,135298.17976599457
38,-1.0750000000000068,91469.5752530711
39,-1.0250000000000072,61838.84521911454
40,-0.9750000000000072,41806.71843564941
41,-0.9250000000000074,28263.815408658742
42,-0.8750000000000075,19108.011615031366
43,-0.8250000000000077,12918.146492292719
44,-0.7750000000000079,8733.431408690329
45,-0.7250000000000081,5904.3163983165105
46,-0.6750000000000083,3991.6672496838205
47,-0.6250000000000084,2698.6032518076886
48,-0.5750000000000086,1824.4154773281482
49,-0.5250000000000088,1233.4128151979596
50,-0.475000000000009,833.8600453677943
51,-0.4250000000000092,563.738731017792
52,-0.3750000000000093,381.12073916358105
53,-0.3250000000000095,257.660170977342
54,-0.2750000000000097,174.19352159573336
55,-0.22500000000000986,117.76512780701191
56,-0.17500000000001004,79.61619468023642
57,-0.1250000000000102,53.82525857526287
58,-0.07500000000001039,36.389059692312664
