,abundance,fit_val
0,-2.975,3.259709554382374
1,-2.9250000000000003,12.800332402304232
2,-2.8750000000000004,47.388824265480956
3,-2.8250000000000006,165.40284064578063
4,-2.7750000000000012,544.2799520961763
5,-2.725000000000001,1688.550507991297
6,-2.6750000000000007,4938.762224058211
7,-2.6250000000000013,13618.664573110209
8,-2.575000000000001,35404.89192502986
9,-2.5250000000000017,86776.94698980128
10,-2.475000000000002,200520.04993143352
11,-2.425000000000002,436841.194016763
12,-2.375000000000002,897225.712098588
13,-2.3250000000000024,1737369.4478565066
14,-2.2750000000000026,3171721.1134402566
15,-2.2250000000000028,5458962.9942122055
16,-2.1750000000000034,8858040.289171938
17,-2.125000000000003,13551191.923277423
18,-2.0750000000000037,19544730.43747451
19,-2.0250000000000035,26576281.651478916
20,-1.975000000000004,34069918.476128325
21,-1.925000000000004,41177532.14954643
22,-1.8750000000000042,46920418.75232245
23,-1.825000000000004,50405251.70920654
24,-1.7750000000000044,51050739.81289009
25,-1.7250000000000043,48746185.44861808
26,-1.6750000000000047,43882521.72643354
27,-1.6250000000000049,37243875.018358484
28,-1.5750000000000048,29800976.058635227
29,-1.5250000000000052,22481146.744928148
30,-1.4750000000000054,15988906.994370097
31,-1.4250000000000056,10720904.712433824
32,-1.3750000000000058,6777295.776718118
33,-1.3250000000000057,4039185.3937615044
34,-1.275000000000006,2269569.4593224246
35,-1.2250000000000063,1202279.6994793992
36,-1.1750000000000065,600454.208953504
37,-1.1250000000000069,282726.56493640656
38,-1.0750000000000068,125506.34545051113
39,-1.0250000000000072,52526.334476505006
40,-0.9750000000000072,20725.301150600782
41,-0.9250000000000074,7709.690584333221
42,-0.8750000000000075,2703.8674118642493
43,-0.8250000000000077,894.0178257496731
44,-0.7750000000000079,278.68866738159744
45,-0.7250000000000081,81.90393799852791
46,-0.6750000000000083,22.693558523394096
47,-0.6250000000000084,5.928062370523574
48,-0.5750000000000086,1.4599408838276087
49,-0.5250000000000088,0.33897691339443325
50,-0.475000000000009,0.07420229110655409
51,-0.4250000000000092,0.01531358427882431
52,-0.3750000000000093,0.0029795366715419866
53,-0.3250000000000095,0.0005465538537907077
54,-0.2750000000000097,9.452126618224774e-05
55,-0.22500000000000986,1.541127054004941e-05
56,-0.17500000000001004,2.368970769571453e-06
57,-0.1250000000000102,3.433154147976164e-07
58,-0.07500000000001039,4.690717185329293e-08
