,abundance,fit_val
0,-2.975,8698.549911001977
1,-2.9250000000000003,16844.43206376952
2,-2.8750000000000004,31714.12362670909
3,-2.8250000000000006,58054.499625086435
4,-2.7750000000000012,103325.11250593391
5,-2.725000000000001,178798.02476571756
6,-2.6750000000000007,300819.7706543964
7,-2.6250000000000013,492081.30318093277
8,-2.575000000000001,782625.8378697793
9,-2.5250000000000017,1210203.2880886756
10,-2.475000000000002,1819488.45655706
11,-2.425000000000002,2659666.051580953
12,-2.375000000000002,3779999.5179139934
13,-2.3250000000000024,5223278.808083583
14,-2.2750000000000026,7017485.132997219
15,-2.2250000000000028,9166565.023374733
16,-2.1750000000000034,11641758.206220668
17,-2.125000000000003,14375314.526695706
18,-2.0750000000000037,17258496.77109962
19,-2.0250000000000035,20145377.26201644
20,-1.975000000000004,22863076.697632834
21,-1.925000000000004,25227880.83540321
22,-1.8750000000000042,27065353.129539166
23,-1.825000000000004,28231467.511567153
24,-1.7750000000000044,28631232.215545647
25,-1.7250000000000043,28231467.51156715
26,-1.6750000000000047,29822915.62682627
27,-1.6250000000000049,20691638.96022232
28,-1.5750000000000048,14356206.087209862
29,-1.5250000000000052,9960576.521495024
30,-1.4750000000000054,6910815.018805563
31,-1.4250000000000056,4794839.34700801
32,-1.3750000000000058,3326739.943270801
33,-1.3250000000000057,2308147.9585044584
34,-1.275000000000006,1601431.758777737
35,-1.2250000000000063,1111100.208534143
36,-1.1750000000000065,770899.9566405854
37,-1.1250000000000069,534863.3170832457
38,-1.0750000000000068,371097.1384769053
39,-1.0250000000000072,257473.4175765401
40,-0.9750000000000072,178639.37466785067
41,-0.9250000000000074,123942.99373539863
42,-0.8750000000000075,85993.72744477988
43,-0.8250000000000077,59663.8901238277
44,-0.7750000000000079,41395.80746740002
45,-0.7250000000000081,28721.10538420449
46,-0.6750000000000083,19927.1845377145
47,-0.6250000000000084,13825.814789792654
48,-0.5750000000000086,9592.582145253378
49,-0.5250000000000088,6655.494349697838
50,-0.475000000000009,4617.693585327113
51,-0.4250000000000092,3203.833243272036
52,-0.3750000000000093,2222.873229031696
53,-0.3250000000000095,1542.2667215037193
54,-0.2750000000000097,1070.0505135391682
55,-0.22500000000000986,742.4189898936842
56,-0.17500000000001004,515.1027447589593
57,-0.1250000000000102,357.38692203469753
58,-0.07500000000001039,247.96103950330127
