,abundance,fit_val
0,-2.975,4.4570384392539775e-17
1,-2.9250000000000003,6.148077411249014e-15
2,-2.8750000000000004,6.668943052170927e-13
3,-2.8250000000000006,5.688521775741986e-11
4,-2.7750000000000012,3.815632815716815e-09
5,-2.725000000000001,2.012604594435956e-07
6,-2.6750000000000007,8.347858493167136e-06
7,-2.6250000000000013,0.00027228043245819015
8,-2.575000000000001,0.006983650858816124
9,-2.5250000000000017,0.1408553479315994
10,-2.475000000000002,2.2340294641644127
11,-2.425000000000002,27.86308416566612
12,-2.375000000000002,273.2714185788962
13,-2.3250000000000024,2107.579521137782
14,-2.2750000000000026,12781.989691708939
15,-2.2250000000000028,60958.97981590081
16,-2.1750000000000034,228613.38373314292
17,-2.125000000000003,674202.482838557
18,-2.0750000000000037,1563521.211937352
19,-2.0250000000000035,2851293.6174442265
20,-1.975000000000004,4088884.475929388
21,-1.925000000000004,4610971.876823171
22,-1.8750000000000042,4088884.4759293916
23,-1.825000000000004,5081091.999999999
24,-1.7750000000000044,3692414.572102535
25,-1.7250000000000043,2683266.7805021266
26,-1.6750000000000047,1949922.0563541674
27,-1.6250000000000049,1417002.607972117
28,-1.5750000000000048,1029731.6164288163
29,-1.5250000000000052,748302.9289484348
30,-1.4750000000000054,543789.5316983446
31,-1.4250000000000056,395170.2490330383
32,-1.3750000000000058,287169.0546030216
33,-1.3250000000000057,208684.90510959123
34,-1.275000000000006,151650.70512489998
35,-1.2250000000000063,110204.12019164489
36,-1.1750000000000065,80085.00914790924
37,-1.1250000000000069,58197.53997461668
38,-1.0750000000000068,42291.98067320839
