,abundance,fit_val
0,-2.975,4.001670251280776e-06
1,-2.9250000000000003,3.9197669227060315e-05
2,-2.8750000000000004,0.00035227534385272216
3,-2.8250000000000006,0.002904740298538609
4,-2.7750000000000012,0.021975331287788048
5,-2.725000000000001,0.15253398297797563
6,-2.6750000000000007,0.9714061511136437
7,-2.6250000000000013,5.6759445792256615
8,-2.575000000000001,30.428356938301473
9,-2.5250000000000017,149.66557431706292
10,-2.475000000000002,675.4114047505535
11,-2.425000000000002,2796.5199477452097
12,-2.375000000000002,10623.570688967315
13,-2.3250000000000024,37027.650959306826
14,-2.2750000000000026,118409.04244557448
15,-2.2250000000000028,347413.45606953395
16,-2.1750000000000034,935214.9933398004
17,-2.125000000000003,2309826.420833897
18,-2.0750000000000037,5234199.688403456
19,-2.0250000000000035,10882390.063449375
20,-1.975000000000004,20758757.157877713
21,-1.925000000000004,36331344.256817766
22,-1.8750000000000042,58339760.82226522
23,-1.825000000000004,85950989.38822977
24,-1.7750000000000044,116182354.88225132
25,-1.7250000000000043,144089564.3162941
26,-1.6750000000000047,163956236.24834916
27,-1.6250000000000049,171169511.3390449
28,-1.5750000000000048,163956236.2483491
29,-1.5250000000000052,134480719.08181968
30,-1.4750000000000054,93552033.39950252
31,-1.4250000000000056,65079834.58845743
32,-1.3750000000000058,45273039.143620595
33,-1.3250000000000057,31494365.132626288
34,-1.275000000000006,21909177.158630304
35,-1.2250000000000063,15241203.997821964
36,-1.1750000000000065,10602602.627261166
37,-1.1250000000000069,7375741.6072686985
38,-1.0750000000000068,5130963.233246
39,-1.0250000000000072,3569374.4578819885
40,-0.9750000000000072,2483049.1744764107
41,-0.9250000000000074,1727342.7811007882
42,-0.8750000000000075,1201632.6998639368
43,-0.8250000000000077,835920.4445003793
44,-0.7750000000000079,581511.2967655043
45,-0.7250000000000081,404530.5871996114
46,-0.6750000000000083,281413.27071424463
47,-0.6250000000000084,195766.2323690039
48,-0.5750000000000086,136185.53822527657
49,-0.5250000000000088,94737.99744355072
50,-0.475000000000009,65904.85507181683
51,-0.4250000000000092,45846.96784017641
52,-0.3750000000000093,31893.62085460428
53,-0.3250000000000095,22186.920948910745
54,-0.2750000000000097,15434.417541906378
55,-0.22500000000000986,10737.012377988513
56,-0.17500000000001004,7469.24427125736
57,-0.1250000000000102,5196.00872381249
58,-0.07500000000001039,3614.6236054736246
