,abundance,fit_val
0,-2.975,8.29219362702801e-12
1,-2.9250000000000003,2.271515868683186e-10
2,-2.8750000000000004,5.464920239801886e-09
3,-2.8250000000000006,1.154711770171854e-07
4,-2.7750000000000012,2.142816933247228e-06
5,-2.725000000000001,3.492353996361826e-05
6,-2.6750000000000007,0.0004998885162842158
7,-2.6250000000000013,0.006284196744522518
8,-2.575000000000001,0.06938220517543019
9,-2.5250000000000017,0.6727723535626978
10,-2.475000000000002,5.729409797007634
11,-2.425000000000002,42.85222220878873
12,-2.375000000000002,281.4871165520687
13,-2.3250000000000024,1623.9229089066325
14,-2.2750000000000026,8227.994767316
15,-2.2250000000000028,36613.75889010159
16,-2.1750000000000034,143092.32487239112
17,-2.125000000000003,491145.3929199623
18,-2.0750000000000037,1480558.3278379098
19,-2.0250000000000035,3919788.9153838637
20,-1.975000000000004,9114262.899378303
21,-1.925000000000004,18612389.604455438
22,-1.8750000000000042,33381391.038252976
23,-1.825000000000004,52580951.1333728
24,-1.7750000000000044,72740144.1607326
25,-1.7250000000000043,88377474.97791426
26,-1.6750000000000047,94304134.40981366
27,-1.6250000000000049,107256199.99999999
28,-1.5750000000000048,64162023.72248729
29,-1.5250000000000052,38382539.08086471
30,-1.4750000000000054,22960923.312924974
31,-1.4250000000000056,13735516.51367573
32,-1.3750000000000058,8216760.768991262
33,-1.3250000000000057,4915370.853918192
34,-1.275000000000006,2940437.395077603
35,-1.2250000000000063,1759007.068099175
36,-1.1750000000000065,1052260.412278287
37,-1.1250000000000069,629475.5691030824
38,-1.0750000000000068,376560.2957919278
39,-1.0250000000000072,225263.1608387078
40,-0.9750000000000072,134755.28938686673
41,-0.9250000000000074,80612.32893176151
42,-0.8750000000000075,48223.320994447364
43,-0.8250000000000077,28847.80428192363
44,-0.7750000000000079,17257.123622489526
45,-0.7250000000000081,10323.43095548855
46,-0.6750000000000083,6175.607767788875
47,-0.6250000000000084,3694.327154026043
48,-0.5750000000000086,2209.9935154820732
49,-0.5250000000000088,1322.0462441043423
50,-0.475000000000009,790.8648868452206
51,-0.4250000000000092,473.1054394155803
52,-0.3750000000000093,283.0176943339434
53,-0.3250000000000095,169.30478627564838
54,-0.2750000000000097,101.2802776282286
55,-0.22500000000000986,60.58715091344383
56,-0.17500000000001004,36.24400467466044
57,-0.1250000000000102,21.681624817339305
58,-0.07500000000001039,12.970223873978346
