,abundance,fit_val
0,-2.975,4.411416722866315e-25
1,-2.9250000000000003,9.60622149400438e-23
2,-2.8750000000000004,1.707267817271275e-20
3,-2.8250000000000006,2.4764254478786234e-18
4,-2.7750000000000012,2.9317262079937224e-16
5,-2.725000000000001,2.832670810346499e-14
6,-2.6750000000000007,2.2337951930218317e-12
7,-2.6250000000000013,1.4376896408917047e-10
8,-2.575000000000001,7.551991312736293e-09
9,-2.5250000000000017,3.237668401221354e-07
10,-2.475000000000002,1.1328640583174154e-05
11,-2.425000000000002,0.00032351749927353
12,-2.375000000000002,0.007540363841301503
13,-2.3250000000000024,0.14343705972655463
14,-2.2750000000000026,2.226921934386952
15,-2.2250000000000028,28.217800486201916
16,-2.1750000000000034,291.8205493949659
17,-2.125000000000003,2463.106156771763
18,-2.0750000000000037,16967.77652259747
19,-2.0250000000000035,95398.44333179267
20,-1.975000000000004,437756.0807445225
21,-1.925000000000004,1639447.9518923014
22,-1.8750000000000042,5011152.57979734
23,-1.825000000000004,12501213.318091828
24,-1.7750000000000044,25453133.320738625
25,-1.7250000000000043,42296544.220111325
26,-1.6750000000000047,57364480.54656444
27,-1.6250000000000049,63497377.93640487
28,-1.5750000000000048,57364480.546564385
29,-1.5250000000000052,32794809.491284132
30,-1.4750000000000054,16061162.101693943
31,-1.4250000000000056,7865907.198681792
32,-1.3750000000000058,3852305.061521572
33,-1.3250000000000057,1886655.1450685412
34,-1.275000000000006,923983.8433272206
35,-1.2250000000000063,452518.3868187682
36,-1.1750000000000065,221619.55740663433
37,-1.1250000000000069,108537.53053084906
38,-1.0750000000000068,53155.938363868765
39,-1.0250000000000072,26032.965459264226
40,-0.9750000000000072,12749.568749291391
41,-0.9250000000000074,6244.064032861138
42,-0.8750000000000075,3058.012111087054
43,-0.8250000000000077,1497.6524940071943
44,-0.7750000000000079,733.470931875625
45,-0.7250000000000081,359.21524523159064
46,-0.6750000000000083,175.92461650364692
47,-0.6250000000000084,86.15856677241442
48,-0.5750000000000086,42.19590626831187
49,-0.5250000000000088,20.665321772439526
50,-0.475000000000009,10.120780941234857
51,-0.4250000000000092,4.956622886804966
52,-0.3750000000000093,2.4274915725032127
53,-0.3250000000000095,1.1888569030057035
54,-0.2750000000000097,0.5822391936738379
55,-0.22500000000000986,0.28514994343969075
56,-0.17500000000001004,0.13965135141556184
57,-0.1250000000000102,0.06839384120838027
58,-0.07500000000001039,0.03349568384281215
