,abundance,fit_val
0,-2.975,2.4259426314060484e-28
1,-2.9250000000000003,9.267721709767805e-26
2,-2.8750000000000004,2.828967713818054e-23
3,-2.8250000000000006,6.899943688623084e-21
4,-2.7750000000000012,1.3447007607723493e-18
5,-2.725000000000001,2.0939596249814696e-16
6,-2.6750000000000007,2.6053945790421998e-14
7,-2.6250000000000013,2.590247454777413e-12
8,-2.575000000000001,2.0576502382762585e-10
9,-2.5250000000000017,1.3060638314338222e-08
10,-2.475000000000002,6.623992003706927e-07
11,-2.425000000000002,2.6843413723195206e-05
12,-2.375000000000002,0.0008691970410751729
13,-2.3250000000000024,0.02248854109339622
14,-2.2750000000000026,0.4649078442593597
15,-2.2250000000000028,7.6795365989707784
16,-2.1750000000000034,101.35979038888641
17,-2.125000000000003,1068.953815529343
18,-2.0750000000000037,9007.716902693574
19,-2.0250000000000035,60650.31546405
20,-1.975000000000004,326297.65182827105
21,-1.925000000000004,1402676.0494036758
22,-1.8750000000000042,4817961.922362012
23,-1.825000000000004,13223057.727170935
24,-1.7750000000000044,28997661.325126816
25,-1.7250000000000043,50810866.52038478
26,-1.6750000000000047,71139822.65967062
27,-1.6250000000000049,79585051.90242757
28,-1.5750000000000048,83827107.17974591
29,-1.5250000000000052,52405284.980328806
30,-1.4750000000000054,32761644.607163873
31,-1.4250000000000056,20481242.64125269
32,-1.3750000000000058,12804036.706940562
33,-1.3250000000000057,8004560.995848527
34,-1.275000000000006,5004124.730564718
35,-1.2250000000000063,3128374.477005899
36,-1.1750000000000065,1955732.0001648883
37,-1.1250000000000069,1222643.7993860885
38,-1.0750000000000068,764346.9862185679
39,-1.0250000000000072,477838.5296148894
40,-0.9750000000000072,298725.1398924555
41,-0.9250000000000074,186750.76134125676
42,-0.8750000000000075,116748.9514745722
43,-0.8250000000000077,72986.67792579866
44,-0.7750000000000079,45628.29119544164
45,-0.7250000000000081,28524.944778725356
46,-0.6750000000000083,17832.63088122437
47,-0.6250000000000084,11148.23277004804
48,-0.5750000000000086,6969.4199763888055
49,-0.5250000000000088,4356.996827137295
50,-0.475000000000009,2723.816532221766
51,-0.4250000000000092,1702.818890065451
52,-0.3750000000000093,1064.5328486932217
53,-0.3250000000000095,665.5024750772808
54,-0.2750000000000097,416.0449767967848
55,-0.22500000000000986,260.0943335300698
56,-0.17500000000001004,162.6003583922467
57,-0.1250000000000102,101.65110554486762
58,-0.07500000000001039,63.548121053751046
