,abundance,fit_val
0,-2.975,4.331944408879977e-22
1,-2.9250000000000003,4.0969898620584936e-20
2,-2.8750000000000004,3.3030961754090372e-18
3,-2.8250000000000006,2.270135939342776e-16
4,-2.7750000000000012,1.3300158746235608e-14
5,-2.725000000000001,6.642569395947193e-13
6,-2.6750000000000007,2.8280669806269134e-11
7,-2.6250000000000013,1.0264022547334782e-09
8,-2.575000000000001,3.1755563150970864e-08
9,-2.5250000000000017,8.375222541208707e-07
10,-2.475000000000002,1.882986505844665e-05
11,-2.425000000000002,0.00036088794483371393
12,-2.375000000000002,0.0058961952648721
13,-2.3250000000000024,0.08211937881972509
14,-2.2750000000000026,0.9749756486215432
15,-2.2250000000000028,9.867705900041003
16,-2.1750000000000034,85.13594105695553
17,-2.125000000000003,626.1580955433612
18,-2.0750000000000037,3925.810879174584
19,-2.0250000000000035,20982.10537399792
20,-1.975000000000004,95596.73696456042
21,-1.925000000000004,371288.40664176014
22,-1.8750000000000042,1229289.0811869826
23,-1.825000000000004,3469532.6184898666
24,-1.7750000000000044,8347611.7326203985
25,-1.7250000000000043,17120948.54428743
26,-1.6750000000000047,29934204.31203927
27,-1.6250000000000049,44615106.123473264
28,-1.5750000000000048,56685301.04513494
29,-1.5250000000000052,61395041.858245395
30,-1.4750000000000054,56685301.045134895
31,-1.4250000000000056,44615106.123473264
32,-1.3750000000000058,29934204.31203927
33,-1.3250000000000057,25778564.47103373
34,-1.275000000000006,16474992.880229997
35,-1.2250000000000063,10529111.918106176
36,-1.1750000000000065,6729119.617225448
37,-1.1250000000000069,4300557.461552082
38,-1.0750000000000068,2748471.647430304
39,-1.0250000000000072,1756538.882287598
40,-0.9750000000000072,1122598.0256601465
41,-0.9250000000000074,717448.5802300193
42,-0.8750000000000075,458518.94757375936
43,-0.8250000000000077,293037.89996593684
44,-0.7750000000000079,187279.52524280973
45,-0.7250000000000081,119689.707642763
46,-0.6750000000000083,76493.2850883553
47,-0.6250000000000084,48886.59834538574
48,-0.5750000000000086,31243.258738627366
49,-0.5250000000000088,19967.46040115819
50,-0.475000000000009,12761.13603280734
51,-0.4250000000000092,8155.598637790117
52,-0.3750000000000093,5212.2153521226555
53,-0.3250000000000095,3331.109104734519
54,-0.2750000000000097,2128.9004996937215
55,-0.22500000000000986,1360.5730689380657
56,-0.17500000000001004,869.5376210329543
57,-0.1250000000000102,555.718536294259
58,-0.07500000000001039,355.1578265402385
