,abundance,fit_val
0,-2.975,4.8881865628185e-05
1,-2.9250000000000003,0.00032758476233153846
2,-2.8750000000000004,0.002053576958939927
3,-2.8250000000000006,0.012042305617682263
4,-2.7750000000000012,0.06605712651861012
5,-2.725000000000001,0.3389542489643505
6,-2.6750000000000007,1.6269486955112196
7,-2.6250000000000013,7.30496273728069
8,-2.575000000000001,30.68128346078142
9,-2.5250000000000017,120.54256055594777
10,-2.475000000000002,443.01524678003256
11,-2.425000000000002,1523.0294636314916
12,-2.375000000000002,4897.89316835468
13,-2.3250000000000024,14734.034504491507
14,-2.2750000000000026,41461.5399244008
15,-2.2250000000000028,109139.14447532875
16,-2.1750000000000034,268736.7330242353
17,-2.125000000000003,618991.7954605134
18,-2.0750000000000037,1333687.6305119684
19,-2.0250000000000035,2688033.7987956074
20,-1.975000000000004,5067884.38073649
21,-1.925000000000004,8937787.865728807
22,-1.8750000000000042,14744999.36894305
23,-1.825000000000004,22754685.910052594
24,-1.7750000000000044,32847952.447182897
25,-1.7250000000000043,44356485.94264743
26,-1.6750000000000047,56029575.656445585
27,-1.6250000000000049,66204712.692254074
28,-1.5750000000000048,73176536.1919938
29,-1.5250000000000052,75659969.64266697
30,-1.4750000000000054,62919371.90318054
31,-1.4250000000000056,32107013.924236193
32,-1.3750000000000058,16383830.797252236
33,-1.3250000000000057,8360475.758549566
34,-1.275000000000006,4266252.244317478
35,-1.2250000000000063,2177018.238888069
36,-1.1750000000000065,1110906.7493053298
37,-1.1250000000000069,566882.6211958943
38,-1.0750000000000068,289273.5204056286
39,-1.0250000000000072,147612.86813015497
40,-0.9750000000000072,75325.10686445261
41,-0.9250000000000074,38437.5142629055
42,-0.8750000000000075,19614.210509780227
43,-0.8250000000000077,10008.900453098455
44,-0.7750000000000079,5107.423937868031
45,-0.7250000000000081,2606.2582401878185
46,-0.6750000000000083,1329.9428630125228
47,-0.6250000000000084,678.6541684950155
48,-0.5750000000000086,346.3092236702528
49,-0.5250000000000088,176.71751529214131
50,-0.475000000000009,90.17686528835794
51,-0.4250000000000092,46.016191546103535
52,-0.3750000000000093,23.48152020628133
53,-0.3250000000000095,11.982343011710805
54,-0.2750000000000097,6.114448416840059
55,-0.22500000000000986,3.1201309631729504
56,-0.17500000000001004,1.5921660571276377
57,-0.1250000000000102,0.8124635739300704
58,-0.07500000000001039,0.41459058620686523
