,abundance,fit_val
0,-2.975,2.646529690172219e-08
1,-2.9250000000000003,3.2488661316880365e-07
2,-2.8750000000000004,3.6378447687295104e-06
3,-2.8250000000000006,3.71547043560237e-05
4,-2.7750000000000012,0.0003461312069989208
5,-2.725000000000001,0.0029412030245241257
6,-2.6750000000000007,0.022796414824144653
7,-2.6250000000000013,0.16116302064452284
8,-2.575000000000001,1.0392536210415333
9,-2.5250000000000017,6.112726916252215
10,-2.475000000000002,32.79485706500636
11,-2.425000000000002,160.48475763357473
12,-2.375000000000002,716.3398954735668
13,-2.3250000000000024,2916.4987049933684
14,-2.2750000000000026,10830.829940591004
15,-2.2250000000000028,36687.573272969545
16,-2.1750000000000034,113353.13484813631
17,-2.125000000000003,319451.83329017233
18,-2.0750000000000037,821172.7601444722
19,-2.0250000000000035,1925400.0754879795
20,-1.975000000000004,4117795.1205408126
21,-1.925000000000004,8032778.3766037235
22,-1.8750000000000042,14293024.414454984
23,-1.825000000000004,23197425.3754036
24,-1.7750000000000044,34340984.163184
25,-1.7250000000000043,46370629.15416894
26,-1.6750000000000047,57112416.982859164
27,-1.6250000000000049,64161630.42308984
28,-1.5750000000000048,65747242.54452947
29,-1.5250000000000052,61452137.7094499
30,-1.4750000000000054,52390645.24700874
31,-1.4250000000000056,40740635.54982886
32,-1.3750000000000058,28897425.466510423
33,-1.3250000000000057,18695961.49957787
34,-1.275000000000006,11033003.553137792
35,-1.2250000000000063,5938776.908877806
36,-1.1750000000000065,2915798.878918194
37,-1.1250000000000069,1305796.2535805027
38,-1.0750000000000068,533397.0040697759
39,-1.0250000000000072,198738.9660606981
40,-0.9750000000000072,67541.82329986266
41,-0.9250000000000074,20937.259447574383
42,-0.8750000000000075,5920.033841364515
43,-0.8250000000000077,1526.8129827266016
44,-0.7750000000000079,359.1739238390752
45,-0.7250000000000081,77.06923611706627
46,-0.6750000000000083,15.083933527618749
47,-0.6250000000000084,2.692808475256734
48,-0.5750000000000086,0.4384838692522153
49,-0.5250000000000088,0.0651267006878903
50,-0.475000000000009,0.008823112843199372
51,-0.4250000000000092,0.001090289651843851
52,-0.3750000000000093,0.00012289076473353034
53,-0.3250000000000095,1.2634379091594214e-05
54,-0.2750000000000097,1.1848022239923906e-06
55,-0.22500000000000986,1.0134331774988738e-07
56,-0.17500000000001004,1.359791510890456e-07
57,-0.1250000000000102,1.8245238010197313e-07
58,-0.07500000000001039,2.448086396941523e-07
