,abundance,fit_val
0,-2.975,1.9558675021836e-44
1,-2.9250000000000003,8.163340334389619e-41
2,-2.8750000000000004,2.5161747173133328e-37
3,-2.8250000000000006,5.727407775386308e-34
4,-2.7750000000000012,9.627639820126554e-31
5,-2.725000000000001,1.1951598179124095e-27
6,-2.6750000000000007,1.0956618788019968e-24
7,-2.6250000000000013,7.417738840889733e-22
8,-2.575000000000001,3.7086081246669066e-19
9,-2.5250000000000017,1.3692879021561685e-16
10,-2.475000000000002,3.7335589769774467e-14
11,-2.425000000000002,7.517885035337585e-12
12,-2.375000000000002,1.1179252447908808e-09
13,-2.3250000000000024,1.2276491456167774e-07
14,-2.2750000000000026,9.955892247482834e-06
15,-2.2250000000000028,0.0005962529331425357
16,-2.1750000000000034,0.02637092044297054
17,-2.125000000000003,0.8613198732425227
18,-2.0750000000000037,20.77533647384508
19,-2.0250000000000035,370.0633567894931
20,-1.975000000000004,4867.977035297116
21,-1.925000000000004,47289.57128367529
22,-1.8750000000000042,339255.30853601435
23,-1.825000000000004,1797348.7190711473
24,-1.7750000000000044,7032058.259053309
25,-1.7250000000000043,20317814.593656372
26,-1.6750000000000047,43352679.48592238
27,-1.6250000000000049,68312364.23286852
28,-1.5750000000000048,79492674.07221507
29,-1.5250000000000052,68312364.2328687
30,-1.4750000000000054,43352679.48592262
31,-1.4250000000000056,80006369.99999999
32,-1.3750000000000058,60964846.71381792
33,-1.3250000000000057,46455207.689579114
34,-1.275000000000006,35398864.063621014
35,-1.2250000000000063,26973931.21925087
36,-1.1750000000000065,20554133.152781427
37,-1.1250000000000069,15662247.60596843
38,-1.0750000000000068,11934631.261132406
39,-1.0250000000000072,9094187.943046005
40,-0.9750000000000072,6929770.391213228
41,-0.9250000000000074,5280484.412207035
42,-0.8750000000000075,4023728.6451679636
43,-0.8250000000000077,3066080.864194479
44,-0.7750000000000079,2336353.341587512
45,-0.7250000000000081,1780301.035270053
46,-0.6750000000000083,1356589.2280788412
47,-0.6250000000000084,1033720.8692688236
48,-0.5750000000000086,787695.209017088
49,-0.5250000000000088,600223.6781263235
50,-0.475000000000009,457370.3885200052
51,-0.4250000000000092,348516.1947425122
52,-0.3750000000000093,265569.3089157822
53,-0.3250000000000095,202363.78940758365
54,-0.2750000000000097,154201.18925106435
55,-0.22500000000000986,117501.29228184662
56,-0.17500000000001004,89535.97410604049
57,-0.1250000000000102,68226.40418190618
58,-0.07500000000001039,51988.51382439792
