,abundance,fit_val
0,-2.975,8.599211461465734
1,-2.9250000000000003,22.663275160747396
2,-2.8750000000000004,57.97450534616362
3,-2.8250000000000006,143.94671856095877
4,-2.7750000000000012,346.91000358612024
5,-2.725000000000001,811.48821107503
6,-2.6750000000000007,1842.4594722112417
7,-2.6250000000000013,4060.355032841844
8,-2.575000000000001,8685.211773260147
9,-2.5250000000000017,18032.135098392762
10,-2.475000000000002,36338.26851334409
11,-2.425000000000002,71077.41817917867
12,-2.375000000000002,134942.70003062283
13,-2.3250000000000024,248666.6159783544
14,-2.2750000000000026,444770.4340915979
15,-2.2250000000000028,772155.3287739047
16,-2.1750000000000034,1301139.2351856818
17,-2.125000000000003,2128105.774691058
18,-2.0750000000000037,3378414.9056125637
19,-2.0250000000000035,5205747.4614586495
20,-1.975000000000004,7785805.399272475
21,-1.925000000000004,11302495.177177977
22,-1.8750000000000042,15925587.159845954
23,-1.825000000000004,21780453.258439973
24,-1.7750000000000044,28912704.03005086
25,-1.7250000000000043,37252965.03724069
26,-1.6750000000000047,46588992.227791734
27,-1.6250000000000049,56553062.07779549
28,-1.5750000000000048,66631450.971508525
29,-1.5250000000000052,76199610.86090153
30,-1.4750000000000054,84581731.88972144
31,-1.4250000000000056,91127767.46380317
32,-1.3750000000000058,95296121.38551678
33,-1.3250000000000057,96727520.74232627
34,-1.275000000000006,95296121.38551678
35,-1.2250000000000063,68724299.89319973
36,-1.1750000000000065,20759526.59052282
37,-1.1250000000000069,6270823.346798032
38,-1.0750000000000068,1894225.5390688316
39,-1.0250000000000072,572188.0835142286
40,-0.9750000000000072,172840.6655717597
41,-0.9250000000000074,52209.922813861165
42,-0.8750000000000075,15771.034155718506
43,-0.8250000000000077,4763.951083160885
44,-0.7750000000000079,1439.0451316422104
45,-0.7250000000000081,434.691888047082
46,-0.6750000000000083,131.30723517913768
47,-0.6250000000000084,39.66393320070863
48,-0.5750000000000086,11.981271213303533
49,-0.5250000000000088,3.619178641723073
50,-0.475000000000009,1.0932440980186233
51,-0.4250000000000092,0.3302358839307066
52,-0.3750000000000093,0.09975424448496495
53,-0.3250000000000095,0.030132731713838203
54,-0.2750000000000097,0.009102184325349677
55,-0.22500000000000986,0.0027494938155438993
56,-0.17500000000001004,0.0008305386895605115
57,-0.1250000000000102,0.00025088054788747924
58,-0.07500000000001039,7.578340431272133e-05
