,abundance,fit_val
0,-2.975,6.824696821804951e-16
1,-2.9250000000000003,1.6691731731536895e-14
2,-2.8750000000000004,3.6999757208337853e-13
3,-2.8250000000000006,7.43319964508721e-12
4,-2.7750000000000012,1.3534186784738803e-10
5,-2.725000000000001,2.2334075472206426e-09
6,-2.6750000000000007,3.340282806123358e-08
7,-2.6250000000000013,4.527703112530875e-07
8,-2.575000000000001,5.562270314026115e-06
9,-2.5250000000000017,6.193065665260001e-05
10,-2.475000000000002,0.0006249405770564912
11,-2.425000000000002,0.005715460247267321
12,-2.375000000000002,0.047374336219569185
13,-2.3250000000000024,0.3558889572009856
14,-2.2750000000000026,2.423066494649517
15,-2.2250000000000028,14.951872922787025
16,-2.1750000000000034,83.61906504435835
17,-2.125000000000003,423.83270166769535
18,-2.0750000000000037,1946.9870498456505
19,-2.0250000000000035,8106.084158720535
20,-1.975000000000004,30587.120847933144
21,-1.925000000000004,104603.3358760576
22,-1.8750000000000042,324214.1129277161
23,-1.825000000000004,910746.9838431235
24,-1.7750000000000044,2318691.728841945
25,-1.7250000000000043,5350171.814864361
26,-1.6750000000000047,11188500.62805381
27,-1.6250000000000049,21205840.82455215
28,-1.5750000000000048,36426592.62927005
29,-1.5250000000000052,56710182.61544912
30,-1.4750000000000054,80017133.21528089
31,-1.4250000000000056,102325617.6889067
32,-1.3750000000000058,118594679.90302056
33,-1.3250000000000057,124573447.84307499
34,-1.275000000000006,154397904.0795226
35,-1.2250000000000063,69961593.7283055
36,-1.1750000000000065,31701366.842929963
37,-1.1250000000000069,14364690.770379392
38,-1.0750000000000068,6509004.547059154
39,-1.0250000000000072,2949394.5167966913
40,-0.9750000000000072,1336445.2202818964
41,-0.9250000000000074,605577.1164700552
42,-0.8750000000000075,274402.3012891121
43,-0.8250000000000077,124338.61997901955
44,-0.7750000000000079,56340.97216261384
45,-0.7250000000000081,25529.51886360045
46,-0.6750000000000083,11568.07041819944
47,-0.6250000000000084,5241.785163104643
48,-0.5750000000000086,2375.185376890249
49,-0.5250000000000088,1076.2565421990473
50,-0.475000000000009,487.6790485055993
51,-0.4250000000000092,220.97970607024774
52,-0.3750000000000093,100.13149148918671
53,-0.3250000000000095,45.372110254603115
54,-0.2750000000000097,20.559250225271782
55,-0.22500000000000986,9.315916042993738
56,-0.17500000000001004,4.2212770781606075
57,-0.1250000000000102,1.912767363764029
58,-0.07500000000001039,0.8667232498926696
