,abundance,fit_val
0,-2.975,7304.279756726079
1,-2.9250000000000003,12958.073497079316
2,-2.8750000000000004,22586.195245389386
3,-2.8250000000000006,38679.89762729434
4,-2.7750000000000012,65082.93842787149
5,-2.725000000000001,107594.13244430645
6,-2.6750000000000007,174763.0527294545
7,-2.6250000000000013,278901.1180325432
8,-2.575000000000001,437311.0859191457
9,-2.5250000000000017,673705.8483055677
10,-2.475000000000002,1019740.6843928272
11,-2.425000000000002,1516522.2082369004
12,-2.375000000000002,2215885.937224114
13,-2.3250000000000024,3181160.833704085
14,-2.2750000000000026,4487076.264212992
15,-2.2250000000000028,6218431.777591381
16,-2.1750000000000034,8467162.520735746
17,-2.125000000000003,11327511.618897844
18,-2.0750000000000037,14889178.468092147
19,-2.0250000000000035,19228550.784829907
20,-1.975000000000004,24398435.01788205
21,-1.925000000000004,30417042.594671257
22,-1.8750000000000042,37257318.996396534
23,-1.825000000000004,44837956.70533288
24,-1.7750000000000044,53017546.395721324
25,-1.7250000000000043,61593237.97373838
26,-1.6750000000000047,70304972.87184319
27,-1.6250000000000049,78845816.16277742
28,-1.5750000000000048,86878209.1178268
29,-1.5250000000000052,94055168.43709984
30,-1.4750000000000054,100044696.22313353
31,-1.4250000000000056,104555064.1858779
32,-1.3750000000000058,107358312.09663558
33,-1.3250000000000057,108309331.5349488
34,-1.275000000000006,134409847.00613526
35,-1.2250000000000063,62118552.48725906
36,-1.1750000000000065,28708570.458652567
37,-1.1250000000000069,13267888.33253104
38,-1.0750000000000068,6131857.420697722
39,-1.0250000000000072,2833885.4296487197
40,-0.9750000000000072,1309702.114283905
41,-0.9250000000000074,605288.9824739181
42,-0.8750000000000075,279738.99431675795
43,-0.8250000000000077,129283.54423619973
44,-0.7750000000000079,59749.391932636085
45,-0.7250000000000081,27613.644547038584
46,-0.6750000000000083,12761.859836663809
47,-0.6250000000000084,5897.992429547632
48,-0.5750000000000086,2725.8029115053323
49,-0.5250000000000088,1259.750940870709
50,-0.475000000000009,582.2036605530759
51,-0.4250000000000092,269.0699338768658
52,-0.3750000000000093,124.35275526733129
53,-0.3250000000000095,57.470589596433165
54,-0.2750000000000097,26.560478386355054
55,-0.22500000000000986,12.27513093333248
56,-0.17500000000001004,5.673046894662303
57,-0.1250000000000102,2.621842589201633
58,-0.07500000000001039,1.2117048722123618
