,abundance,fit_val
0,-2.975,13.391209656060525
1,-2.9250000000000003,34.655573160758664
2,-2.8750000000000004,87.1003916250843
3,-2.8250000000000006,212.59883229329827
4,-2.7750000000000012,503.95921092404524
5,-2.725000000000001,1160.1753798830657
6,-2.6750000000000007,2593.85472170527
7,-2.6250000000000013,5631.983796555322
8,-2.575000000000001,11876.019183985129
9,-2.5250000000000017,24320.591300117194
10,-2.475000000000002,48369.44609897422
11,-2.425000000000002,93424.72839554331
12,-2.375000000000002,175245.27575014462
13,-2.3250000000000024,319245.3201621692
14,-2.2750000000000026,564802.3635897001
15,-2.2250000000000028,970425.5372282342
16,-2.1750000000000034,1619278.961057648
17,-2.125000000000003,2624066.730894627
18,-2.0750000000000037,4129731.5568364873
19,-2.0250000000000035,6311934.956324744
20,-1.975000000000004,9369080.118412605
21,-1.925000000000004,13505949.950831378
22,-1.8750000000000042,18908064.042019937
23,-1.825000000000004,25707671.309750684
24,-1.7750000000000044,33944714.304083
25,-1.7250000000000043,43528662.45381497
26,-1.6750000000000047,54209104.40774236
27,-1.6250000000000049,65563614.43201485
28,-1.5750000000000048,77010029.23182793
29,-1.5250000000000052,87846696.46732056
30,-1.4750000000000054,97318930.04549186
31,-1.4250000000000056,104703924.98388334
32,-1.3750000000000058,109401265.1026192
33,-1.3250000000000057,111013417.25887057
34,-1.275000000000006,140830159.93411538
35,-1.2250000000000063,74658754.55840963
36,-1.1750000000000065,39579090.408052415
37,-1.1250000000000069,20982193.00327638
38,-1.0750000000000068,11123358.79091269
39,-1.0250000000000072,5896862.676463557
40,-0.9750000000000072,3126123.150273352
41,-0.9250000000000074,1657261.9182198467
42,-0.8750000000000075,878569.6959320256
43,-0.8250000000000077,465759.03429870296
44,-0.7750000000000079,246914.3643757597
45,-0.7250000000000081,130897.52177729289
46,-0.6750000000000083,69393.13251683374
47,-0.6250000000000084,36787.60892579549
48,-0.5750000000000086,19502.33577002696
49,-0.5250000000000088,10338.837222447955
50,-0.475000000000009,5480.961684423281
51,-0.4250000000000092,2905.6401933566044
52,-0.3750000000000093,1540.376565164359
53,-0.3250000000000095,816.6048803745824
54,-0.2750000000000097,432.90942340481104
55,-0.22500000000000986,229.49969241761013
56,-0.17500000000001004,121.66542461822584
57,-0.1250000000000102,64.498890571922
58,-0.07500000000001039,34.193008392176964
