,abundance,fit_val
0,-2.975,0.015109545245812392
1,-2.9250000000000003,0.06786462805064102
2,-2.8750000000000004,0.28963333456253276
3,-2.8250000000000006,1.1745367421342245
4,-2.7750000000000012,4.525824000965741
5,-2.725000000000001,16.570732512619042
6,-2.6750000000000007,57.64992466775067
7,-2.6250000000000013,190.57624817336534
8,-2.575000000000001,598.6207863311004
9,-2.5250000000000017,1786.684232689152
10,-2.475000000000002,5067.068880986845
11,-2.425000000000002,13654.594354864186
12,-2.375000000000002,34963.41049032122
13,-2.3250000000000024,85067.12727123921
14,-2.2750000000000026,196663.0345612002
15,-2.2250000000000028,432012.8819074165
16,-2.1750000000000034,901744.8055192867
17,-2.125000000000003,1788477.9620747026
18,-2.0750000000000037,3370517.0500210174
19,-2.0250000000000035,6035627.869519499
20,-1.975000000000004,10269785.518304696
21,-1.925000000000004,16604021.360878408
22,-1.8750000000000042,25508104.339910444
23,-1.825000000000004,37235404.634730056
24,-1.7750000000000044,51647221.45024506
25,-1.7250000000000043,68069230.00607578
26,-1.6750000000000047,85244762.54119852
27,-1.6250000000000049,101437272.75341275
28,-1.5750000000000048,114693924.85370336
29,-1.5250000000000052,123224270.73135641
30,-1.4750000000000054,125795495.47145498
31,-1.4250000000000056,122024465.77035914
32,-1.3750000000000058,112471304.26278517
33,-1.3250000000000057,98503018.56500532
34,-1.275000000000006,81972907.40578136
35,-1.2250000000000063,64819269.132739976
36,-1.1750000000000065,48702461.57209415
37,-1.1250000000000069,34770480.02181598
38,-1.0750000000000068,23587583.569953226
39,-1.0250000000000072,15204397.280202735
40,-0.9750000000000072,9312535.845285375
41,-0.9250000000000074,5419755.533639291
42,-0.8750000000000075,2997122.051354418
43,-0.8250000000000077,1574860.723873974
44,-0.7750000000000079,786308.3121186717
45,-0.7250000000000081,373041.00522144436
46,-0.6750000000000083,168164.09341463613
47,-0.6250000000000084,72031.58304549404
48,-0.5750000000000086,29317.41266086111
49,-0.5250000000000088,11338.126865945955
50,-0.475000000000009,4166.48646912075
51,-0.4250000000000092,1454.8279326647425
52,-0.3750000000000093,482.687750484458
53,-0.3250000000000095,152.1717081660833
54,-0.2750000000000097,45.584221833605504
55,-0.22500000000000986,12.975023901751921
56,-0.17500000000001004,3.5092538030263913
57,-0.1250000000000102,491.92680588715535
58,-0.07500000000001039,68958.24466775339
