,abundance,fit_val
0,-2.975,1.8996388963282063
1,-2.9250000000000003,6.221785081660545
2,-2.8750000000000004,19.571755184359727
3,-2.8250000000000006,59.13101880543118
4,-2.7750000000000012,171.58201611504197
5,-2.725000000000001,478.1883474301038
6,-2.6750000000000007,1279.961860507755
7,-2.6250000000000013,3290.530242994471
8,-2.575000000000001,8124.666853875989
9,-2.5250000000000017,19267.08685222752
10,-2.475000000000002,43883.10669445574
11,-2.425000000000002,95995.19476565365
12,-2.375000000000002,201684.4615848155
13,-2.3250000000000024,406973.5679865716
14,-2.2750000000000026,788734.4042557549
15,-2.2250000000000028,1468135.6478525866
16,-2.1750000000000034,2624656.05889869
17,-2.125000000000003,4506604.382941295
18,-2.0750000000000037,7431856.008195411
19,-2.0250000000000035,11771070.374485577
20,-1.975000000000004,17906282.973620534
21,-1.925000000000004,26161687.16892903
22,-1.8750000000000042,36711055.4505651
23,-1.825000000000004,49476481.90120939
24,-1.7750000000000044,64042985.41625649
25,-1.7250000000000043,79618711.35809729
26,-1.6750000000000047,95066944.85182269
27,-1.6250000000000049,109022151.42391267
28,-1.5750000000000048,120080026.8907519
29,-1.5250000000000052,127027462.45838867
30,-1.4750000000000054,129061077.40850887
31,-1.4250000000000056,125940022.82673343
32,-1.3750000000000058,118032897.0374612
33,-1.3250000000000057,106246145.53756265
34,-1.275000000000006,91853163.36992897
35,-1.2250000000000063,76268616.73103987
36,-1.1750000000000065,60823084.332315005
37,-1.1250000000000069,46586686.987981774
38,-1.0750000000000068,34270941.185070254
39,-1.0250000000000072,24213694.25282315
40,-0.9750000000000072,16431109.675601335
41,-0.9250000000000074,10708867.680635324
42,-0.8750000000000075,6703336.6074506845
43,-0.8250000000000077,4030039.670437585
44,-0.7750000000000079,2327010.9777651024
45,-0.7250000000000081,1290501.0451872337
46,-0.6750000000000083,687367.6784567937
47,-0.6250000000000084,351633.8458685596
48,-0.5750000000000086,172767.89908419948
49,-0.5250000000000088,81527.8991298989
50,-0.475000000000009,36950.495623972616
51,-0.4250000000000092,16084.408797194148
52,-0.3750000000000093,16944.46677152788
53,-0.3250000000000095,17850.513363071103
54,-0.2750000000000097,18805.007653625213
55,-0.22500000000000986,19810.540215862045
56,-0.17500000000001004,20869.840144342073
57,-0.1250000000000102,21985.782462491985
58,-0.07500000000001039,23161.395925644672
