,abundance,fit_val
0,-2.975,21.915525343752655
1,-2.9250000000000003,62.83677692022087
2,-2.8750000000000004,173.662488276746
3,-2.8250000000000006,462.6240878064537
4,-2.7750000000000012,1187.9018749742513
5,-2.725000000000001,2940.10606217891
6,-2.6750000000000007,7014.157781152051
7,-2.6250000000000013,16129.398356958956
8,-2.575000000000001,35751.22348053147
9,-2.5250000000000017,76382.47969917729
10,-2.475000000000002,157299.2679404794
11,-2.425000000000002,312240.8735425408
12,-2.375000000000002,597424.3349508945
13,-2.3250000000000024,1101808.625667864
14,-2.2750000000000026,1958662.1497589573
15,-2.2250000000000028,3356162.630739148
16,-2.1750000000000034,5543149.192361215
17,-2.125000000000003,8824705.919860957
18,-2.0750000000000037,13541725.908385107
19,-2.0250000000000035,20029859.387503352
20,-1.975000000000004,28556954.22995313
21,-1.925000000000004,39244244.62014555
22,-1.8750000000000042,51984056.55299289
23,-1.825000000000004,66373460.734024905
24,-1.7750000000000044,81686231.75351515
25,-1.7250000000000043,96902139.4218209
26,-1.6750000000000047,110802095.18505655
27,-1.6250000000000049,122121655.60682288
28,-1.5750000000000048,129738089.36510949
29,-1.5250000000000052,132853321.24814153
30,-1.4750000000000054,131131623.39775454
31,-1.4250000000000056,124759194.83216606
32,-1.3750000000000058,114411002.8686894
33,-1.3250000000000057,101133054.717251
34,-1.275000000000006,86168505.7318804
35,-1.2250000000000063,70767540.4844563
36,-1.1750000000000065,56020856.691131994
37,-1.1250000000000069,42746001.18966099
38,-1.0750000000000068,31439189.741974853
39,-1.0250000000000072,22288318.21936799
40,-0.9750000000000072,15230471.852871804
41,-0.9250000000000074,10031815.14032783
42,-0.8750000000000075,6369066.54762899
43,-0.8250000000000077,3897643.8833839125
44,-0.7750000000000079,2299104.06711154
45,-0.7250000000000081,1307209.5342117033
46,-0.6750000000000083,716410.4093765602
47,-0.6250000000000084,378450.14144707273
48,-0.5750000000000086,192701.70621220823
49,-0.5250000000000088,94578.5282826068
50,-0.475000000000009,44743.46847752047
51,-0.4250000000000092,20403.132332667326
52,-0.3750000000000093,8967.97004997332
53,-0.3250000000000095,3799.457191700011
54,-0.2750000000000097,1551.597481118885
55,-0.22500000000000986,610.754505980594
56,-0.17500000000001004,231.73113955918288
57,-0.1250000000000102,84.74853871220644
58,-0.07500000000001039,0.0005459802975284076
