,params,fit_val
0,A,39192502.26186066
1,mu,-1.764486800166652
2,sigma,0.21916149781634875
3,alpha,0.0
4,z_T,-0.07500000000001394
