,abundance,fit_val
0,-1.975,0.0
1,-1.925,0.0
2,-1.875,0.0
3,-1.825,0.0
4,-1.775,0.0
5,-1.7249999999999996,0.0
6,-1.6749999999999998,0.0
7,-1.6249999999999996,0.0
8,-1.5749999999999995,0.0
9,-1.5249999999999997,0.0
10,-1.4749999999999996,0.0
11,-1.4249999999999994,0.0
12,-1.3749999999999996,0.0
13,-1.3249999999999993,0.0
14,-1.2749999999999997,16793564.001002662
15,-1.2249999999999992,16327250.537251405
16,-1.1749999999999994,5425368.863351995
17,-1.1249999999999991,1802791.42751393
18,-1.0749999999999993,599048.1040048106
19,-1.024999999999999,199057.20952235974
20,-0.9749999999999992,66144.5590060842
21,-0.9249999999999989,21979.12196502415
22,-0.874999999999999,7303.424644632895
23,-0.824999999999999,2426.849062701968
24,-0.7749999999999989,806.4157103976601
25,-0.7249999999999989,267.9632235768856
26,-0.6749999999999988,89.04128263362803
27,-0.6249999999999988,29.587455723254422
28,-0.5749999999999987,9.831591709853962
29,-0.5249999999999987,3.266931650135046
30,-0.4749999999999986,1.0855660732897323
31,-0.4249999999999986,0.360721871677047
32,-0.37499999999999856,0.119863978718376
33,-0.3249999999999985,0.039829504452844354
34,-0.2749999999999985,0.013234913790793008
35,-0.2249999999999984,0.004397818789262193
36,-0.17499999999999838,0.0014613476452443837
37,-0.12499999999999832,0.0004855900260091367
38,-0.07499999999999829,0.00016135631663478757
39,-0.024999999999998246,5.361695982910496e-05
40,0.025000000000001688,1.7816336176182012e-05
41,0.07500000000000172,5.920175924827901e-06
42,0.125000000000002,1.9672104654023514e-06
43,0.17500000000000204,6.536827729998662e-07
44,0.22500000000000187,2.1721171945341431e-07
45,0.2750000000000019,7.217710641415091e-08
46,0.3250000000000022,2.3983672259621987e-08
47,0.3750000000000022,7.969515039247754e-09
48,0.4250000000000021,2.6481837006973044e-09
49,0.4750000000000021,8.79962818076408e-10
50,0.5250000000000024,2.9240213244763965e-10
51,0.5750000000000024,9.716206787785325e-11
52,0.6250000000000022,3.2285904877903715e-11
53,0.6750000000000023,1.0728257194931813e-11
54,0.7250000000000025,3.564883898278994e-12
55,0.7750000000000026,1.1845723846192345e-12
56,0.8250000000000024,3.936205987185005e-13
57,0.8750000000000024,1.3079587009392613e-13
58,0.9250000000000028,4.346205378814889e-14
