,abundance,fit_val
0,-1.975,0.0
1,-1.925,0.0
2,-1.875,0.0
3,-1.825,0.0
4,-1.775,0.0
5,-1.7249999999999996,0.0
6,-1.6749999999999998,0.0
7,-1.6249999999999996,0.0
8,-1.5749999999999995,0.0
9,-1.5249999999999997,0.0
10,-1.4749999999999996,0.0
11,-1.4249999999999994,0.0
12,-1.3749999999999996,0.0
13,-1.3249999999999993,0.0
14,-1.2749999999999997,0.0
15,-1.2249999999999992,0.0
16,-1.1749999999999994,10547505.00062974
17,-1.1249999999999991,4199799.094308373
18,-1.0749999999999993,681100.2141956117
19,-1.024999999999999,110457.06981697792
20,-0.9749999999999992,17913.317333136056
21,-0.9249999999999989,2905.0828381498973
22,-0.874999999999999,471.1302847799032
23,-0.824999999999999,76.40530669967029
24,-0.7749999999999989,12.390990518892048
25,-0.7249999999999989,2.009502384995137
26,-0.6749999999999988,0.32588999476227676
27,-0.6249999999999988,0.052851038883645715
28,-0.5749999999999987,0.0085710894963749
29,-0.5249999999999987,0.0013900119412335913
30,-0.4749999999999986,0.0002254244571345517
31,-0.4249999999999986,3.655809304005687e-05
32,-0.37499999999999856,5.9287895542217785e-06
33,-0.3249999999999985,9.614983347116817e-07
34,-0.2749999999999985,1.5593048786746633e-07
35,-0.2249999999999984,2.5287945042439196e-08
36,-0.17499999999999838,4.101059216931088e-09
37,-0.12499999999999832,6.650871263975508e-10
38,-0.07499999999999829,1.0786015570649926e-10
39,-0.024999999999998246,1.749216415004863e-11
40,0.025000000000001688,2.8367825416908227e-12
41,0.07500000000000172,4.600537200435208e-13
42,0.125000000000002,7.460897062618354e-14
43,0.17500000000000204,1.2099670658835597e-14
44,0.22500000000000187,1.9622577395660954e-15
45,0.2750000000000019,3.1822811918234147e-16
46,0.3250000000000022,5.1608478232182826e-17
47,0.3750000000000022,8.369577874781092e-18
48,0.4250000000000021,1.3573318997486525e-18
49,0.4750000000000021,2.201245885562012e-19
50,0.5250000000000024,3.569858963456858e-20
51,0.5750000000000024,5.789400040477373e-21
52,0.6250000000000022,9.388929134674679e-22
53,0.6750000000000023,1.5226446553980586e-22
54,0.7250000000000025,2.4693409795265454e-23
55,0.7750000000000026,4.004640775214252e-24
56,0.8250000000000024,6.494505162095295e-25
57,0.8750000000000024,1.05324296654864e-25
58,0.9250000000000028,1.7080912539089228e-26
