,abundance,fit_val
0,-2.975,2.892424789245112e-11
1,-2.9250000000000003,4.5591678891000615e-10
2,-2.8750000000000004,6.545030704275538e-09
3,-2.8250000000000006,8.557371458040154e-08
4,-2.7750000000000012,1.0189941085377608e-06
5,-2.725000000000001,1.1051101170212585e-05
6,-2.6750000000000007,0.00010915459670369872
7,-2.6250000000000013,0.0009819312842711046
8,-2.575000000000001,0.008044939032057493
9,-2.5250000000000017,0.060029815752352264
10,-2.475000000000002,0.4079564993522606
11,-2.425000000000002,2.5250111221415077
12,-2.375000000000002,14.23361869346129
13,-2.3250000000000024,73.0751897896641
14,-2.2750000000000026,341.68598809207
15,-2.2250000000000028,1455.0803638850348
16,-2.1750000000000034,5643.511096851556
17,-2.125000000000003,19934.91460126732
18,-2.0750000000000037,64133.06097153778
19,-2.0250000000000035,187910.97699720485
20,-1.975000000000004,501446.8706581481
21,-1.925000000000004,1218709.7709604632
22,-1.8750000000000042,2697604.352446608
23,-1.825000000000004,5438245.474335142
24,-1.7750000000000044,9984859.391079957
25,-1.7250000000000043,16696586.532829149
26,-1.6750000000000047,25428223.77518138
27,-1.6250000000000049,35270121.00284246
28,-1.5750000000000048,44555412.362550564
29,-1.5250000000000052,51262121.793487705
30,-1.4750000000000054,53714963.0958752
31,-1.4250000000000056,51262121.793487705
32,-1.3750000000000058,35085301.92547806
33,-1.3250000000000057,16863126.794832014
34,-1.275000000000006,8104962.183383222
35,-1.2250000000000063,3895506.0228927573
36,-1.1750000000000065,1872305.7345665835
37,-1.1250000000000069,899890.4745853171
38,-1.0750000000000068,432516.3627386107
39,-1.0250000000000072,207881.30258056542
40,-0.9750000000000072,99914.45338383384
41,-0.9250000000000074,48022.10622632316
42,-0.8750000000000075,23080.971854522442
43,-0.8250000000000077,11093.458900751906
44,-0.7750000000000079,5331.873855153905
45,-0.7250000000000081,2562.670404390008
46,-0.6750000000000083,1231.7019831945897
47,-0.6250000000000084,591.9956670224228
48,-0.5750000000000086,284.53219573809554
49,-0.5250000000000088,136.75534285367573
50,-0.475000000000009,65.72902497206721
51,-0.4250000000000092,31.591487642287067
52,-0.3750000000000093,15.183887055633436
53,-0.3250000000000095,7.2978654480844165
54,-0.2750000000000097,3.5075893217069662
55,-0.22500000000000986,1.6858604666357744
56,-0.17500000000001004,0.8102788702704432
57,-0.1250000000000102,0.3894461378034048
58,-0.07500000000001039,0.1871803644581851
