,abundance,fit_val
0,-1.975,48828.06040695357
1,-1.925,155759.72147801684
2,-1.875,422862.82895743736
3,-1.825,977017.8990512238
4,-1.775,1921162.892221669
5,-1.7249999999999996,3215026.220348227
6,-1.6749999999999998,4578924.778261486
7,-1.6249999999999996,5550104.485778792
8,-1.5749999999999995,5725289.734750794
9,-1.5249999999999997,5026346.684720015
10,-1.4749999999999996,3755485.3391308836
11,-1.4249999999999994,2388022.211395793
12,-1.3749999999999996,1292317.761215284
13,-1.3249999999999993,595194.5209336212
14,-1.2749999999999997,233295.94829443665
15,-1.2249999999999992,77824.10382307098
16,-1.1749999999999994,22094.273231785806
17,-1.1249999999999991,5338.312247477029
18,-1.0749999999999993,1097.7081419525648
19,-1.024999999999999,192.10048366999757
20,-0.9749999999999992,28.610713693503598
21,-0.9249999999999989,3.626499189279753
22,-0.874999999999999,0.39120566780758276
23,-0.824999999999999,0.03591545328623922
24,-0.7749999999999989,0.002806184529226326
25,-0.7249999999999989,0.00018659919257843475
26,-0.6749999999999988,1.0559952255868373e-05
27,-0.6249999999999988,5.085958467092018e-07
28,-0.5749999999999987,2.0846940373133106e-08
29,-0.5249999999999987,1.0423470186566552e-08
30,-0.4749999999999986,5.211735093283272e-09
31,-0.4249999999999986,2.605867546641638e-09
32,-0.37499999999999856,1.302933773320819e-09
33,-0.3249999999999985,6.514668866604099e-10
34,-0.2749999999999985,3.2573344333020505e-10
35,-0.2249999999999984,1.6286672166510237e-10
36,-0.17499999999999838,8.143336083255121e-11
37,-0.12499999999999832,4.071668041627559e-11
38,-0.07499999999999829,2.03583402081378e-11
