,abundance,fit_val
0,-2.975,1.4411168708756937e-41
1,-2.9250000000000003,2.8760437344909557e-38
2,-2.8750000000000004,4.3964173919520633e-35
3,-2.8250000000000006,5.147655760241323e-32
4,-2.7750000000000012,4.616652902493206e-29
5,-2.725000000000001,3.1714078665550987e-26
6,-2.6750000000000007,1.6687225021487495e-23
7,-2.6250000000000013,6.725480122260869e-21
8,-2.575000000000001,2.076202035659254e-18
9,-2.5250000000000017,4.909339649883871e-16
10,-2.475000000000002,8.89167733693482e-14
11,-2.425000000000002,1.233534945805401e-11
12,-2.375000000000002,1.3107696238519867e-09
13,-2.3250000000000024,1.066862443899914e-07
14,-2.2750000000000026,6.651163654939553e-06
15,-2.2250000000000028,0.00031760986903072737
16,-2.1750000000000034,0.0116170936768909
17,-2.125000000000003,0.32546788521960607
18,-2.0750000000000037,6.984349131350532
19,-2.0250000000000035,114.80237881210519
20,-1.975000000000004,1445.3831304694422
21,-1.925000000000004,13938.698494669834
22,-1.8750000000000042,102960.01909249774
23,-1.825000000000004,582535.1728946588
24,-1.7750000000000044,2524543.3877111343
25,-1.7250000000000043,8380128.40656196
26,-1.6750000000000047,21307164.334199425
27,-1.6250000000000049,41496148.15540589
28,-1.5750000000000048,61900914.28314782
29,-1.5250000000000052,70728343.97280659
30,-1.4750000000000054,51498712.14817433
31,-1.4250000000000056,36450399.22435355
32,-1.3750000000000058,25799317.074026193
33,-1.3250000000000057,18260561.630321696
34,-1.275000000000006,12924687.50618523
35,-1.2250000000000063,9147996.13036863
36,-1.1750000000000065,6474882.51930197
37,-1.1250000000000069,4582872.909137634
38,-1.0750000000000068,3243722.8071238874
39,-1.0250000000000072,2295882.486393364
40,-0.9750000000000072,1625008.2712836573
41,-0.9250000000000074,1150168.5723856643
42,-0.8750000000000075,814080.6224073404
43,-0.8250000000000077,576200.1116101644
44,-0.7750000000000079,407830.08400050114
45,-0.7250000000000081,288659.05102147115
46,-0.6750000000000083,204310.69458945052
47,-0.6250000000000084,144609.56542297633
48,-0.5750000000000086,102353.55742803027
49,-0.5250000000000088,72445.07434574286
50,-0.475000000000009,51276.07607239775
51,-0.4250000000000092,36292.81909263199
52,-0.3750000000000093,25687.78304780529
53,-0.3250000000000095,18181.618689551593
54,-0.2750000000000097,12868.812289369394
55,-0.22500000000000986,9108.448074218708
56,-0.17500000000001004,6446.890704068524
57,-0.1250000000000102,4563.060513881264
58,-0.07500000000001039,3229.699743506152
