,abundance,fit_val
0,-1.975,0.00011696671585204857
1,-1.925,0.007873433715791764
2,-1.875,0.3675366684430931
3,-1.825,11.897940484724007
4,-1.775,267.1022394228813
5,-1.7249999999999996,4158.3197930251135
6,-1.6749999999999998,44894.47123326384
7,-1.6249999999999996,336126.2693909458
8,-1.5749999999999995,1745205.8861460602
9,-1.5249999999999997,6283845.549449272
10,-1.4749999999999996,15690578.429633675
11,-1.4249999999999994,27169836.520072583
12,-1.3749999999999996,32626442.02252588
13,-1.3249999999999993,25370183.55972287
14,-1.2749999999999997,11739512.696529778
15,-1.2249999999999992,5432209.744464592
16,-1.1749999999999994,2513639.4900428248
17,-1.1249999999999991,1163133.196824943
18,-1.0749999999999993,538215.141397692
19,-1.024999999999999,249047.60625909048
20,-0.9749999999999992,115241.4813568999
21,-0.9249999999999989,53325.54375775236
22,-0.874999999999999,24675.260883304523
23,-0.824999999999999,11417.952012362191
24,-0.7749999999999989,5283.414379007238
25,-0.7249999999999989,2444.7876002699522
26,-0.6749999999999988,1131.2734496431428
27,-0.6249999999999988,523.472721199251
28,-0.5749999999999987,242.22586495439177
29,-0.5249999999999987,112.08486569937251
30,-0.4749999999999986,51.864887018617274
31,-0.4249999999999986,23.999373052458438
32,-0.37499999999999856,11.10519929802064
33,-0.3249999999999985,5.138694714198963
34,-0.2749999999999985,2.3778216542627173
35,-0.2249999999999984,1.1002863828157992
36,-0.17499999999999838,0.5091341152687332
37,-0.12499999999999832,0.2355909801111025
38,-0.07499999999999829,0.10901471389402811
