,abundance,fit_val
0,-2.975,4.562074575185876e-25
1,-2.9250000000000003,3.372970169795443e-23
2,-2.8750000000000004,2.193188952736153e-21
3,-2.8250000000000006,1.2541602392610526e-19
4,-2.7750000000000012,6.3072992410856664e-18
5,-2.725000000000001,2.789634292007967e-16
6,-2.6750000000000007,1.0850869473641084e-14
7,-2.6250000000000013,3.711891173073991e-13
8,-2.575000000000001,1.1167073116552515e-11
9,-2.5250000000000017,2.95458789209798e-10
10,-2.475000000000002,6.874923929084613e-09
11,-2.425000000000002,1.4068646250150756e-07
12,-2.375000000000002,2.53192100337198e-06
13,-2.3250000000000024,4.007388268987375e-05
14,-2.2750000000000026,0.000557809777973099
15,-2.2250000000000028,0.00682848331255636
16,-2.1750000000000034,0.07351497455410784
17,-2.125000000000003,0.6960505794120472
18,-2.0750000000000037,5.7958777520311715
19,-2.0250000000000035,42.44348763709515
20,-1.975000000000004,273.3482759547835
21,-1.925000000000004,1548.2284516083157
22,-1.8750000000000042,7712.002798938629
23,-1.825000000000004,33784.130197739985
24,-1.7750000000000044,130158.26023594085
25,-1.7250000000000043,441005.65359096177
26,-1.6750000000000047,1314104.8205006502
27,-1.6250000000000049,3443731.5466273637
28,-1.5750000000000048,7936737.174842113
29,-1.5250000000000052,16086743.531719359
30,-1.4750000000000054,28675282.580650255
31,-1.4250000000000056,44953209.46915525
32,-1.3750000000000058,61976512.01008131
33,-1.3250000000000057,75146193.58432737
34,-1.275000000000006,80130946.44627666
35,-1.2250000000000063,67746924.59307183
36,-1.1750000000000065,32402463.526673026
37,-1.1250000000000069,15497672.387400882
38,-1.0750000000000068,7412332.992196622
39,-1.0250000000000072,3545221.4380188836
40,-0.9750000000000072,1695632.8132883753
41,-0.9250000000000074,810998.8861815473
42,-0.8750000000000075,387890.10700505535
43,-0.8250000000000077,185522.73952039922
44,-0.7750000000000079,88733.08769049209
45,-0.7250000000000081,42439.86948145954
46,-0.6750000000000083,20298.43171789362
47,-0.6250000000000084,9708.473075912476
48,-0.5750000000000086,4643.435058218293
49,-0.5250000000000088,2220.893952251524
50,-0.475000000000009,1062.2243846003
51,-0.4250000000000092,508.0479606401756
52,-0.3750000000000093,242.9926614872111
53,-0.3250000000000095,116.22019594810878
54,-0.2750000000000097,55.58659205404725
55,-0.22500000000000986,26.586336315958988
56,-0.17500000000001004,12.715895193179307
57,-0.1250000000000102,6.081845525547677
58,-0.07500000000001039,2.908866771445604
