,abundance,fit_val
0,-1.975,2.839825610820985
1,-1.925,38.7175876139837
2,-1.875,428.84376611097144
3,-1.825,3858.905169697102
4,-1.775,28210.01416985591
5,-1.7249999999999996,167539.2996700398
6,-1.6749999999999998,808359.0045740283
7,-1.6249999999999996,3168590.0815209653
8,-1.5749999999999995,10090252.395177174
9,-1.5249999999999997,26104308.56006855
10,-1.4749999999999996,54865147.633775145
11,-1.4249999999999994,93681773.39149003
12,-1.3749999999999996,129953460.21511404
13,-1.3249999999999993,146451824.1631324
14,-1.2749999999999997,134083678.65119308
15,-1.2249999999999992,99731245.05470785
16,-1.1749999999999994,60264389.09730545
17,-1.1249999999999991,29584516.04794273
18,-1.0749999999999993,11798923.179876823
19,-1.024999999999999,3822913.496077771
20,-0.9749999999999992,1006284.4503593955
21,-0.9249999999999989,215189.58393327598
22,-0.874999999999999,37384.87416694381
23,-0.824999999999999,5276.486044574605
24,-0.7749999999999989,605.0173900313015
25,-0.7249999999999989,56.35923830519959
26,-0.6749999999999988,4.265172157239887
27,-0.6249999999999988,0.26222989997507284
28,-0.5749999999999987,0.013097911340988535
29,-0.5249999999999987,0.0005314911982191721
30,-0.4749999999999986,1.7521218293099946e-05
31,-0.4249999999999986,4.6925263218928176e-07
32,-0.37499999999999856,1.020994323816379e-08
33,-0.3249999999999985,1.8047378686374383e-10
34,-0.2749999999999985,7.218951474549753e-10
35,-0.2249999999999984,2.8875805898199112e-09
36,-0.17499999999999838,1.155032235927966e-08
37,-0.12499999999999832,4.620128943711871e-08
38,-0.07499999999999829,1.8480515774847503e-07
