,abundance,fit_val
0,-2.975,2.4685995828500726e-14
1,-2.9250000000000003,5.242833549236569e-13
2,-2.8750000000000004,1.0105337906485091e-11
3,-2.8250000000000006,1.7676853488908515e-10
4,-2.7750000000000012,2.8062634271442247e-09
5,-2.725000000000001,4.043163109942098e-08
6,-2.6750000000000007,5.286685064200725e-07
7,-2.6250000000000013,6.273573188734703e-06
8,-2.575000000000001,6.756407728620579e-05
9,-2.5250000000000017,0.0006603680955099717
10,-2.475000000000002,0.0058576803342566385
11,-2.425000000000002,0.04715574430459213
12,-2.375000000000002,0.344518773476823
13,-2.3250000000000024,2.284338884538018
14,-2.2750000000000026,13.746037499728764
15,-2.2250000000000028,75.06955958985554
16,-2.1750000000000034,372.06563859716834
17,-2.125000000000003,1673.5728072292018
18,-2.0750000000000037,6831.860811675158
19,-2.0250000000000035,25310.61865467741
20,-1.975000000000004,85101.23509237802
21,-1.925000000000004,259679.88941655378
22,-1.8750000000000042,719134.499155353
23,-1.825000000000004,1807387.5306609073
24,-1.7750000000000044,4122510.6996095297
25,-1.7250000000000043,8533784.13544174
26,-1.6750000000000047,16032116.734163357
27,-1.6250000000000049,27334392.834402725
28,-1.5750000000000048,42295810.197248355
29,-1.5250000000000052,59395646.96520492
30,-1.4750000000000054,75697447.90345237
31,-1.4250000000000056,87554245.54534657
32,-1.3750000000000058,91905718.40400515
33,-1.3250000000000057,87554245.54534653
34,-1.275000000000006,68167402.74557659
35,-1.2250000000000063,32606290.240843292
36,-1.1750000000000065,15596459.897969319
37,-1.1250000000000069,7460203.523682883
38,-1.0750000000000068,3568414.690183409
39,-1.0250000000000072,1706868.098262102
40,-0.9750000000000072,816440.6207830973
41,-0.9250000000000074,390525.3651078165
42,-0.8750000000000075,186798.7173963878
43,-0.8250000000000077,89350.81799693625
44,-0.7750000000000079,42738.8837996165
45,-0.7250000000000081,20443.15015112403
46,-0.6750000000000083,9778.504980636679
47,-0.6250000000000084,4677.320224597523
48,-0.5750000000000086,2237.287246542326
49,-0.5250000000000088,1070.1542727858978
50,-0.475000000000009,511.88338436731334
51,-0.4250000000000092,244.847500827348
52,-0.3750000000000093,117.11710223901196
53,-0.3250000000000095,56.02023949811595
54,-0.2750000000000097,26.79597747408155
55,-0.22500000000000986,12.81723204370869
56,-0.17500000000001004,6.130824576978917
57,-0.1250000000000102,2.9325372175140014
58,-0.07500000000001039,1.4027109117420606
