,abundance,fit_val
0,-2.975,1.0733294941138098e-24
1,-2.9250000000000003,9.034661387067018e-23
2,-2.8750000000000004,6.635206224968024e-21
3,-2.8250000000000006,4.2516812660480377e-19
4,-2.7750000000000012,2.3770083222920592e-17
5,-2.725000000000001,1.1594831287530258e-15
6,-2.6750000000000007,4.934712937735662e-14
7,-2.6250000000000013,1.832411812972413e-12
8,-2.575000000000001,5.93673960536112e-11
9,-2.5250000000000017,1.67817268079624e-09
10,-2.475000000000002,4.138938963515908e-08
11,-2.425000000000002,8.90646008163968e-07
12,-2.375000000000002,1.672187444640608e-05
13,-2.3250000000000024,0.0002739230126832658
14,-2.2750000000000026,0.003915036447044421
15,-2.2250000000000028,0.0488210176871096
16,-2.1750000000000034,0.5311798299386056
17,-2.125000000000003,5.042432016947962
18,-2.0750000000000037,41.76401629343967
19,-2.0250000000000035,301.8062228265117
20,-1.975000000000004,1902.9082647749792
21,-1.925000000000004,10468.181486083351
22,-1.8750000000000042,50244.48083133777
23,-1.825000000000004,210411.37360315054
24,-1.7750000000000044,768800.7329193826
25,-1.7250000000000043,2450880.2636716757
26,-1.6750000000000047,6817013.109416262
27,-1.6250000000000049,16543595.1069577
28,-1.5750000000000048,35029132.69543864
29,-1.5250000000000052,64713159.69743593
30,-1.4750000000000054,104308465.09158152
31,-1.4250000000000056,146693284.60803062
32,-1.3750000000000058,179996740.17052218
33,-1.3250000000000057,192700470.7183327
34,-1.275000000000006,160339342.06012115
35,-1.2250000000000063,67769428.84190704
36,-1.1750000000000065,28643596.9272981
37,-1.1250000000000069,12106574.586123314
38,-1.0750000000000068,5116995.2077380875
39,-1.0250000000000072,2162762.0405549495
40,-0.9750000000000072,914118.4336056921
41,-0.9250000000000074,386363.59201279253
42,-0.8750000000000075,163301.4057535335
43,-0.8250000000000077,69021.38211873038
44,-0.7750000000000079,29172.75064226877
45,-0.7250000000000081,12330.22802371621
46,-0.6750000000000083,5211.525131145906
47,-0.6250000000000084,2202.7162952968283
48,-0.5750000000000086,931.0055992187739
49,-0.5250000000000088,393.501163825505
50,-0.475000000000009,166.31818977453983
51,-0.4250000000000092,70.29646362658846
52,-0.3750000000000093,29.71167979343129
53,-0.3250000000000095,12.558013171710913
54,-0.2750000000000097,5.307801373644646
55,-0.22500000000000986,2.243408653649773
56,-0.17500000000001004,0.9482047335570883
57,-0.1250000000000102,0.40077059312281216
58,-0.07500000000001039,0.16939070501100909
