,abundance,fit_val
0,-2.975,3.1032253402378225e-13
1,-2.9250000000000003,5.372168907665143e-12
2,-2.8750000000000004,8.518896624534144e-11
3,-2.8250000000000006,1.2374121631149954e-09
4,-2.7750000000000012,1.646428048858037e-08
5,-2.725000000000001,2.0066354251500988e-07
6,-2.6750000000000007,2.2402244715413363e-06
7,-2.6250000000000013,2.2909306479405948e-05
8,-2.575000000000001,0.00021459998666559962
9,-2.5250000000000017,0.0018413857683000153
10,-2.475000000000002,0.01447295517602534
11,-2.425000000000002,0.10419982631710306
12,-2.375000000000002,0.687185704460225
13,-2.3250000000000024,4.151247056719693
14,-2.2750000000000026,22.97102573128229
15,-2.2250000000000028,116.4339253435983
16,-2.1750000000000034,540.5999897245132
17,-2.125000000000003,2299.1635743349243
18,-2.0750000000000037,8956.968579114822
19,-2.0250000000000035,31963.150104813947
20,-1.975000000000004,104480.5478366169
21,-1.925000000000004,312837.3879972335
22,-1.8750000000000042,858023.5427567466
23,-1.825000000000004,2155644.303335396
24,-1.7750000000000044,4960807.104994734
25,-1.7250000000000043,10457428.963887254
26,-1.6750000000000047,20192721.20556735
27,-1.6250000000000049,35715942.766780615
28,-1.5750000000000048,57866435.442252465
29,-1.5250000000000052,85879337.67109177
30,-1.4750000000000054,116747606.36976515
31,-1.4250000000000056,145379987.49386302
32,-1.3750000000000058,165828286.1781471
33,-1.3250000000000057,173264640.0818381
34,-1.275000000000006,165828286.17814717
35,-1.2250000000000063,102120803.52718283
36,-1.1750000000000065,37846533.456356846
37,-1.1250000000000069,14026134.197836334
38,-1.0750000000000068,5198162.75280737
39,-1.0250000000000072,1926467.8081322205
40,-0.9750000000000072,713959.6030857979
41,-0.9250000000000074,264597.36969736434
42,-0.8750000000000075,98061.24568976524
43,-0.8250000000000077,36342.03891454741
44,-0.7750000000000079,13468.56021638653
45,-0.7250000000000081,4991.522757679303
46,-0.6750000000000083,1849.885885361165
47,-0.6250000000000084,685.577919802871
48,-0.5750000000000086,254.07896121628423
49,-0.5250000000000088,94.16306544894042
50,-0.475000000000009,34.89735180078005
51,-0.4250000000000092,12.933151197884168
52,-0.3750000000000093,4.793097220161955
53,-0.3250000000000095,1.7763482859214261
54,-0.2750000000000097,0.6583244795500686
55,-0.22500000000000986,0.24397868582965437
56,-0.17500000000001004,0.09041984764085931
57,-0.1250000000000102,0.03351009461992298
58,-0.07500000000001039,0.012419026029510387
