,abundance,fit_val
0,-1.975,114.00122800051105
1,-1.925,904.7371718138631
2,-1.875,6083.679214659755
3,-1.825,34661.00459608592
4,-1.775,167319.6522688384
5,-1.7249999999999996,684358.5987489902
6,-1.6749999999999998,2371654.7694257344
7,-1.6249999999999996,6963862.403162128
8,-1.5749999999999995,17325263.93469653
9,-1.5249999999999997,36520818.72805991
10,-1.4749999999999996,65227707.99055686
11,-1.4249999999999994,98708533.38582927
12,-1.3749999999999996,126563433.37844901
13,-1.3249999999999993,137496854.79822907
14,-1.2749999999999997,104610028.80766018
15,-1.2249999999999992,57319759.46918036
16,-1.1749999999999994,31407646.695573132
17,-1.1249999999999991,17209427.954496715
18,-1.0749999999999993,9429691.227479286
19,-1.024999999999999,5166881.600057211
20,-0.9749999999999992,2831128.2761001256
21,-0.9249999999999989,1551281.3987541108
22,-0.874999999999999,850005.278261511
23,-0.824999999999999,465749.7818595007
24,-0.7749999999999989,255201.77915346334
25,-0.7249999999999989,139834.6292789887
26,-0.6749999999999988,76620.6395992002
27,-0.6249999999999988,41983.32303565275
28,-0.5749999999999987,23004.237792010925
29,-0.5249999999999987,12604.884943051888
30,-0.4749999999999986,6906.689361503407
31,-0.4249999999999986,3784.434221480063
32,-0.37499999999999856,2073.633491689555
33,-0.3249999999999985,1136.2215872191662
34,-0.2749999999999985,622.5784355995164
35,-0.2249999999999984,341.1340823247137
36,-0.17499999999999838,186.9201621342108
37,-0.12499999999999832,102.42056957247144
38,-0.07499999999999829,56.120072611629645
39,-0.024999999999998246,30.750293257313416
40,0.025000000000001688,16.849239343550508
41,0.07500000000000172,9.232330374238932
42,0.125000000000002,5.058740184121169
43,0.17500000000000204,2.7718735371352055
44,0.22500000000000187,1.5188135041976296
45,0.2750000000000019,0.8322149007263873
46,0.3250000000000022,0.45600176656113744
47,0.3750000000000022,0.24986047585231086
48,0.4250000000000021,0.13690792880902805
49,0.4750000000000021,0.07501699060981945
50,0.5250000000000024,0.0411046235897964
51,0.5750000000000024,0.022522765399198584
52,0.6250000000000022,0.012341068155487552
53,0.6750000000000023,0.0067621342459042635
54,0.7250000000000025,0.0037052270503261852
55,0.7750000000000026,0.002030232910975405
56,0.8250000000000024,0.001112440780773434
57,0.8750000000000024,0.0006095480395563365
58,0.9250000000000028,0.0003339942394674217
