,abundance,fit_val
0,-1.975,314.44429167766395
1,-1.925,2138.8690170580944
2,-1.875,12540.507803692471
3,-1.825,63377.705915709295
4,-1.775,276088.5310675841
5,-1.7249999999999996,1036694.217455288
6,-1.6749999999999998,3355393.392963657
7,-1.6249999999999996,9361095.435871108
8,-1.5749999999999995,22511288.7999055
9,-1.5249999999999997,46662124.19841503
10,-1.4749999999999996,83371786.9111426
11,-1.4249999999999994,128399748.57587226
12,-1.3749999999999996,170451055.82052997
13,-1.3249999999999993,195040893.13459077
14,-1.2749999999999997,192372113.86061847
15,-1.2249999999999992,163549423.01771295
16,-1.1749999999999994,119852300.45920974
17,-1.1249999999999991,75706678.25614893
18,-1.0749999999999993,41220425.180097826
19,-1.024999999999999,19345555.368290905
20,-0.9749999999999992,7826009.9465222955
21,-0.9249999999999989,2728915.2487611813
22,-0.874999999999999,820219.6313311246
23,-0.824999999999999,212500.8785802108
24,-0.7749999999999989,47454.97612856241
25,-0.7249999999999989,9134.678095086425
26,-0.6749999999999988,1515.6369852879754
27,-0.6249999999999988,216.7642216370872
28,-0.5749999999999987,26.72209265718029
29,-0.5249999999999987,2.8395125296502606
30,-0.4749999999999986,0.26008036869160156
31,-0.4249999999999986,0.020533444741960356
32,-0.37499999999999856,0.0013973542314170146
33,-0.3249999999999985,8.196749707616848e-05
34,-0.2749999999999985,4.144453699980762e-06
35,-0.2249999999999984,1.806272914194218e-07
36,-0.17499999999999838,6.785625790408261e-09
37,-0.12499999999999832,2.1972875798620567e-10
38,-0.07499999999999829,6.133019632338659e-12
39,-0.024999999999998246,1.4755443511833691e-13
40,0.025000000000001688,3.0599944563204035e-15
41,0.07500000000000172,5.469901054837631e-17
42,0.125000000000002,8.428082150091106e-19
43,0.17500000000000204,1.1193567143517664e-20
44,0.22500000000000187,5.596783571758831e-21
45,0.2750000000000019,2.798391785879408e-21
46,0.3250000000000022,1.399195892939695e-21
47,0.3750000000000022,6.995979464698456e-22
48,0.4250000000000021,3.4979897323492253e-22
49,0.4750000000000021,1.748994866174609e-22
50,0.5250000000000024,8.74497433087299e-23
51,0.5750000000000024,4.372487165436483e-23
52,0.6250000000000022,2.1862435827182414e-23
53,0.6750000000000023,1.0931217913591167e-23
54,0.7250000000000025,5.4656089567955535e-24
55,0.7750000000000026,2.732804478397767e-24
56,0.8250000000000024,1.3664022391988834e-24
57,0.8750000000000024,6.832011195994403e-25
58,0.9250000000000028,3.4160055979971714e-25
