,abundance,fit_val
0,-2.975,0.000422416040360788
1,-2.9250000000000003,0.0018078105595736853
2,-2.8750000000000004,0.007426414207072461
3,-2.8250000000000006,0.029283241532190685
4,-2.7750000000000012,0.11083396316741012
5,-2.725000000000001,0.4026616863567163
6,-2.6750000000000007,1.404175803547648
7,-2.6250000000000013,4.700200604893481
8,-2.575000000000001,15.101672052445437
9,-2.5250000000000017,46.5744148963236
10,-2.475000000000002,137.8743608944388
11,-2.425000000000002,391.77195957763064
12,-2.375000000000002,1068.5550898387512
13,-2.3250000000000024,2797.526554997963
14,-2.2750000000000026,7030.160658129202
15,-2.2250000000000028,16957.81972604603
16,-2.1750000000000034,39263.454757419015
17,-2.125000000000003,87261.11100269528
18,-2.0750000000000037,186151.56766138654
19,-2.0250000000000035,381176.7384675496
20,-1.975000000000004,749203.5272292711
21,-1.925000000000004,1413471.2159562833
22,-1.8750000000000042,2559692.856068625
23,-1.825000000000004,4449410.5037083775
24,-1.7750000000000044,7423878.011214419
25,-1.7250000000000043,11889755.122301761
26,-1.6750000000000047,18278002.195998557
27,-1.6250000000000049,26971075.9578892
28,-1.5750000000000048,38201599.832556926
29,-1.5250000000000052,51937203.48755158
30,-1.4750000000000054,67778086.59861131
31,-1.4250000000000056,84901190.28151448
32,-1.3750000000000058,102082661.71680595
33,-1.3250000000000057,117815905.02865808
34,-1.275000000000006,130517754.69266321
35,-1.2250000000000063,138787066.44160405
36,-1.1750000000000065,141658334.09426838
37,-1.1250000000000069,138787066.44160405
38,-1.0750000000000068,76558101.27983597
39,-1.0250000000000072,16393211.79361715
40,-0.9750000000000072,3510241.0903333793
41,-0.9250000000000074,751639.9267813135
42,-0.8750000000000075,160946.94495133997
43,-0.8250000000000077,34463.202613644986
44,-0.7750000000000079,7379.527053143092
45,-0.7250000000000081,1580.161314041937
46,-0.6750000000000083,338.35634186492416
47,-0.6250000000000084,72.45147255717161
48,-0.5750000000000086,15.513868741961193
49,-0.5250000000000088,3.32194936621722
50,-0.475000000000009,0.711321448908685
51,-0.4250000000000092,0.15231364114791426
52,-0.3750000000000093,0.03261457294072654
53,-0.3250000000000095,0.0069836841932823706
54,-0.2750000000000097,0.0014954003843662032
55,-0.22500000000000986,0.0003202066771165892
56,-0.17500000000001004,6.856512619762608e-05
57,-0.1250000000000102,1.4681694250818706e-05
58,-0.07500000000001039,3.1437577384928094e-06
