,abundance,fit_val
0,-2.975,0.1302952697435224
1,-2.9250000000000003,0.3881136729785993
2,-2.8750000000000004,1.1220238931025495
3,-2.8250000000000006,3.148169710299093
4,-2.7750000000000012,8.572885744600224
5,-2.725000000000001,22.65733385184219
6,-2.6750000000000007,58.117033852700395
7,-2.6250000000000013,144.68081499346914
8,-2.575000000000001,349.56771907145026
9,-2.5250000000000017,819.7181735443196
10,-2.475000000000002,1865.5662457073925
11,-2.425000000000002,4120.687266157737
12,-2.375000000000002,8833.67677917193
13,-2.3250000000000024,18379.183852432507
14,-2.2750000000000026,37112.80745374128
15,-2.2250000000000028,72733.46260160914
16,-2.1750000000000034,138343.12671801672
17,-2.125000000000003,255384.05551682092
18,-2.0750000000000037,457554.50982363324
19,-2.0250000000000035,795618.3112391598
20,-1.975000000000004,1342701.790952741
21,-1.925000000000004,2199212.7018221635
22,-1.8750000000000042,3495970.5927457525
23,-1.825000000000004,5393630.302052979
24,-1.7750000000000044,8076207.117626241
25,-1.7250000000000043,11736715.834484244
26,-1.6750000000000047,16553834.159931466
27,-1.6250000000000049,22660186.45245476
28,-1.5750000000000048,30105179.891533427
29,-1.5250000000000052,38817882.665993884
30,-1.4750000000000054,48577518.73594707
31,-1.4250000000000056,58999955.16331712
32,-1.3750000000000058,69547400.83395837
33,-1.3250000000000057,79565169.97813322
34,-1.275000000000006,88344182.14541756
35,-1.2250000000000063,95201936.60002384
36,-1.1750000000000065,99569535.22165057
37,-1.1250000000000069,139319229.9999998
38,-1.0750000000000068,74491498.81802234
39,-1.0250000000000072,39829271.207969375
40,-0.9750000000000072,21295998.471360672
41,-0.9250000000000074,11386589.237953553
42,-0.8750000000000075,6088205.474293295
43,-0.8250000000000077,3255254.5035756943
44,-0.7750000000000079,1740526.322213177
45,-0.7250000000000081,930628.2734542841
46,-0.6750000000000083,497590.2819161306
47,-0.6250000000000084,266052.6181289905
48,-0.5750000000000086,142253.57324245563
49,-0.5250000000000088,76060.43963241746
50,-0.475000000000009,40668.15578134122
51,-0.4250000000000092,21744.53503882374
52,-0.3750000000000093,11626.413712902295
53,-0.3250000000000095,6216.435328794914
54,-0.2750000000000097,3323.8167117865996
55,-0.22500000000000986,1777.1853078528725
56,-0.17500000000001004,950.2291769724078
57,-0.1250000000000102,508.07053422051416
58,-0.07500000000001039,271.6562214660502
