,abundance,fit_val
0,-2.975,1.4611708843898255
1,-2.9250000000000003,3.8621399258950424
2,-2.8750000000000004,9.94007990695335
3,-2.8250000000000006,24.910739711266025
4,-2.7750000000000012,60.78805517144451
5,-2.725000000000001,144.4390924314426
6,-2.6750000000000007,334.18436685328754
7,-2.6250000000000013,752.8741492303583
8,-2.575000000000001,1651.5568133316515
9,-2.5250000000000017,3527.7640269545254
10,-2.475000000000002,7337.36989740025
11,-2.425000000000002,14859.909919972299
12,-2.375000000000002,29303.99400141242
13,-2.3250000000000024,56269.40638904627
14,-2.2750000000000026,105208.95993958008
15,-2.2250000000000028,191543.75539419331
16,-2.1750000000000034,339561.2669788635
17,-2.125000000000003,586142.4424231601
18,-2.0750000000000037,985196.9776202714
19,-2.0250000000000035,1612418.7840763966
20,-1.975000000000004,2569611.7161932113
21,-1.925000000000004,3987420.4836595906
22,-1.8750000000000042,6024922.212992348
23,-1.825000000000004,8864326.205850316
24,-1.7750000000000044,12699156.987672254
25,-1.7250000000000043,17714909.22317193
26,-1.6750000000000047,24062339.34738122
27,-1.6250000000000049,31825236.54071603
28,-1.5750000000000048,40986450.57202263
29,-1.5250000000000052,51397720.30174683
30,-1.4750000000000054,62759905.390086755
31,-1.4250000000000056,74620057.71516253
32,-1.3750000000000058,86390056.4656542
33,-1.3250000000000057,97388306.07283583
34,-1.275000000000006,106901732.33117323
35,-1.2250000000000063,114260876.38833347
36,-1.1750000000000065,118917353.51974852
37,-1.1250000000000069,120511307.13317357
38,-1.0750000000000068,118917353.5197485
39,-1.0250000000000072,46918260.405247845
40,-0.9750000000000072,11138843.442908222
41,-0.9250000000000074,2644467.893181789
42,-0.8750000000000075,627821.9524237681
43,-0.8250000000000077,149050.93193282967
44,-0.7750000000000079,35386.115799674226
45,-0.7250000000000081,8401.002094721905
46,-0.6750000000000083,1994.4781901203046
47,-0.6250000000000084,473.5081846205927
48,-0.5750000000000086,112.4153685978214
49,-0.5250000000000088,26.688482918431134
50,-0.475000000000009,6.3361009208237
51,-0.4250000000000092,1.5042509160810238
52,-0.3750000000000093,0.35712354440156946
53,-0.3250000000000095,0.0847845426600825
54,-0.2750000000000097,0.020128660758351718
55,-0.22500000000000986,0.00477873644432079
56,-0.17500000000001004,0.001134517704800833
57,-0.1250000000000102,0.000269345346307227
58,-0.07500000000001039,6.394515948968428e-05
