,abundance,fit_val
0,-2.975,3.6905588773049924
1,-2.9250000000000003,9.421381977177733
2,-2.8750000000000004,23.42457197719337
3,-2.8250000000000006,56.723535793285976
4,-2.7750000000000012,133.77947973235615
5,-2.725000000000001,307.2913173590319
6,-2.6750000000000007,687.457182939415
7,-2.6250000000000013,1497.875085429154
8,-2.575000000000001,3178.631027274145
9,-2.5250000000000017,6569.604387560896
10,-2.475000000000002,13224.306166017443
11,-2.425000000000002,25926.33636373109
12,-2.375000000000002,49504.420979640134
13,-2.3250000000000024,92062.21027873692
14,-2.2750000000000026,166745.21801306013
15,-2.2250000000000028,294143.9746243188
16,-2.1750000000000034,505360.2786788006
17,-2.125000000000003,845623.0810727502
18,-2.0750000000000037,1378120.3052535441
19,-2.0250000000000035,2187419.16635403
20,-1.975000000000004,3381516.2032044698
21,-1.925000000000004,5091262.749249841
22,-1.8750000000000042,7465761.75406047
23,-1.825000000000004,10662457.692690833
24,-1.7750000000000044,14831159.08748532
25,-1.7250000000000043,20092197.7589876
26,-1.6750000000000047,26510283.553011637
27,-1.6250000000000049,34067156.0621448
28,-1.5750000000000048,42637522.864296556
29,-1.5250000000000052,51973579.54850314
30,-1.4750000000000054,61703225.97587333
31,-1.4250000000000056,71345681.43756366
32,-1.3750000000000058,80345598.17574339
33,-1.3250000000000057,88123363.44813938
34,-1.275000000000006,94135756.96798025
35,-1.2250000000000063,97938342.98136035
36,-1.1750000000000065,99239704.58808163
37,-1.1250000000000069,97938342.98136036
38,-1.0750000000000068,67480692.6234377
39,-1.0250000000000072,20114670.76469875
40,-0.9750000000000072,5995788.784060206
41,-0.9250000000000074,1787227.0226840465
42,-0.8750000000000075,532737.3170822499
43,-0.8250000000000077,158798.54400688902
44,-0.7750000000000079,47334.73096425604
45,-0.7250000000000081,14109.55477879759
46,-0.6750000000000083,4205.781505470496
47,-0.6250000000000084,1253.6609658540283
48,-0.5750000000000086,373.69174201317236
49,-0.5250000000000088,111.3901779287746
50,-0.475000000000009,33.20322700244918
51,-0.4250000000000092,9.897230652428842
52,-0.3750000000000093,2.9501703126672516
53,-0.3250000000000095,0.8793878994430909
54,-0.2750000000000097,0.2621282826847274
55,-0.22500000000000986,0.07813529914018472
56,-0.17500000000001004,0.023290599965777127
57,-0.1250000000000102,0.006942470979635328
58,-0.07500000000001039,0.00206941441499575
