,abundance,fit_val
0,-2.975,5.522192085381827
1,-2.9250000000000003,13.956502823786607
2,-2.8750000000000004,34.36362947011951
3,-2.8250000000000006,82.4287603457571
4,-2.7750000000000012,192.6264099479851
5,-2.725000000000001,438.5410113942838
6,-2.6750000000000007,972.661930870699
7,-2.6250000000000013,2101.701063089362
8,-2.575000000000001,4424.225867730792
9,-2.5250000000000017,9073.209913172985
10,-2.475000000000002,18127.66837666584
11,-2.425000000000002,35284.1986082558
12,-2.375000000000002,66907.66740935644
13,-2.3250000000000024,123602.95168915445
14,-2.2750000000000026,222453.43474689202
15,-2.2250000000000028,390037.81127769797
16,-2.1750000000000034,666241.4164176945
17,-2.125000000000003,1108699.5316283016
18,-2.0750000000000037,1797435.9452327962
19,-2.0250000000000035,2838901.35490089
20,-1.975000000000004,4368219.998909655
21,-1.925000000000004,6548110.880061223
22,-1.8750000000000042,9562795.485852618
23,-1.825000000000004,13605391.150604712
24,-1.7750000000000044,18857951.634077184
25,-1.7250000000000043,25464510.025885954
26,-1.6750000000000047,33499124.114286836
27,-1.6250000000000049,42932769.10817047
28,-1.5750000000000048,53604552.01940578
29,-1.5250000000000052,65203628.1716505
30,-1.4750000000000054,77267911.65413399
31,-1.4250000000000056,89203913.55526263
32,-1.3750000000000058,100328879.72284521
33,-1.3250000000000057,109932306.19645825
34,-1.275000000000006,117349714.11702609
35,-1.2250000000000063,122038273.27870218
36,-1.1750000000000065,123642390.63577232
37,-1.1250000000000069,122038273.27870221
38,-1.0750000000000068,78557035.01090373
39,-1.0250000000000072,24381956.80946589
40,-0.9750000000000072,7567493.067630927
41,-0.9250000000000074,2348743.0388035737
42,-0.8750000000000075,728985.6512620859
43,-0.8250000000000077,226257.22395614075
44,-0.7750000000000079,70224.05901091536
45,-0.7250000000000081,21795.628788075584
46,-0.6750000000000083,6764.767530651409
47,-0.6250000000000084,2099.598969532459
48,-0.5750000000000086,651.6581409320468
49,-0.5250000000000088,202.25687800636268
50,-0.475000000000009,62.77500752522088
51,-0.4250000000000092,19.483646779456215
52,-0.3750000000000093,6.047191498529091
53,-0.3250000000000095,1.8768829795477875
54,-0.2750000000000097,0.5825331841687226
55,-0.22500000000000986,0.1808023805189553
56,-0.17500000000001004,0.05611611782763807
57,-0.1250000000000102,0.01741690939580973
58,-0.07500000000001039,0.005405732695793174
