,abundance,fit_val
0,-2.975,141.28790463928146
1,-2.9250000000000003,296.6468286849998
2,-2.8750000000000004,610.3076678015842
3,-2.8250000000000006,1230.3603699682926
4,-2.7750000000000012,2430.4698203430953
5,-2.725000000000001,4704.598031318302
6,-2.6750000000000007,8923.376212607887
7,-2.6250000000000013,16584.801401623045
8,-2.575000000000001,30204.088796238244
9,-2.5250000000000017,53900.84733883199
10,-2.475000000000002,94254.01033333731
11,-2.425000000000002,161502.2116290103
12,-2.375000000000002,271163.66889096843
13,-2.3250000000000024,446127.42311104975
14,-2.2750000000000026,719218.3002799263
15,-2.2250000000000028,1136153.2888409912
16,-2.1750000000000034,1758682.8222347484
17,-2.125000000000003,2667549.606707287
18,-2.0750000000000037,3964714.127582927
19,-2.0250000000000035,5774117.845894693
20,-1.975000000000004,8240124.990193789
21,-1.925000000000004,11522755.49255984
22,-1.8750000000000042,15788951.28106283
23,-1.825000000000004,21199450.9882774
24,-1.7750000000000044,27891401.299909834
25,-1.7250000000000043,35957579.206942536
26,-1.6750000000000047,45423955.35396595
27,-1.6250000000000049,56228156.11329955
28,-1.5750000000000048,68202002.5562699
29,-1.5250000000000052,81061531.09194225
30,-1.4750000000000054,94407580.87994903
31,-1.4250000000000056,107739096.01533863
32,-1.3750000000000058,120479782.91224079
33,-1.3250000000000057,132016865.32890019
34,-1.275000000000006,141748687.94078648
35,-1.2250000000000063,149136198.9350504
36,-1.1750000000000065,153752251.1993901
37,-1.1250000000000069,191147279.99999997
38,-1.0750000000000068,89239119.08245139
39,-1.0250000000000072,41662221.79364515
40,-0.9750000000000072,19450446.649738368
41,-0.9250000000000074,9080645.692593038
42,-0.8750000000000075,4239394.9958736645
43,-0.8250000000000077,1979206.1643478237
44,-0.7750000000000079,924013.2247184373
45,-0.7250000000000081,431385.29721379664
46,-0.6750000000000083,201396.76540770452
47,-0.6250000000000084,94024.19919885196
48,-0.5750000000000086,43896.18679867431
49,-0.5250000000000088,20493.39672001841
50,-0.475000000000009,9567.55790771204
51,-0.4250000000000092,4466.715087206928
52,-0.3750000000000093,2085.3329410423344
53,-0.3250000000000095,973.5596271745852
54,-0.2750000000000097,454.51655656988726
55,-0.22500000000000986,212.1958372449042
56,-0.17500000000001004,99.06585952307844
57,-0.1250000000000102,46.24993897368263
58,-0.07500000000001039,21.59227069110577
