,abundance,fit_val
0,-2.975,505.3586834078644
1,-2.9250000000000003,990.1607010322093
2,-2.8750000000000004,1904.6217328152875
3,-2.8250000000000006,3596.7386591090903
4,-2.7750000000000012,6668.161771882334
5,-2.725000000000001,12136.695866995487
6,-2.6750000000000007,21686.62191222621
7,-2.6250000000000013,38043.49814769905
8,-2.575000000000001,65518.82152618001
9,-2.5250000000000017,110776.79798438626
10,-2.475000000000002,183877.5189681275
11,-2.425000000000002,299643.9821307491
12,-2.375000000000002,479379.6367192734
13,-2.3250000000000024,752923.2376386992
14,-2.2750000000000026,1160964.4393205878
15,-2.2250000000000028,1757455.069686561
16,-2.1750000000000034,2611840.437547176
17,-2.125000000000003,3810712.1909464006
18,-2.0750000000000037,5458367.273056519
19,-2.0250000000000035,7675672.858053446
20,-1.975000000000004,10596617.446055388
21,-1.925000000000004,14362007.60900531
22,-1.8750000000000042,19109976.20156803
23,-1.825000000000004,24963313.862067685
24,-1.7750000000000044,32014109.437574465
25,-1.7250000000000043,40306743.39113462
26,-1.6750000000000047,49820845.42270537
27,-1.6250000000000049,60456301.147457585
28,-1.5750000000000048,72022658.72161525
29,-1.5250000000000052,84235241.11460274
30,-1.4750000000000054,96719845.58265941
31,-1.4250000000000056,109027100.58602825
32,-1.3750000000000058,120656418.09170176
33,-1.3250000000000057,131088167.07515128
34,-1.275000000000006,139821401.48172805
35,-1.2250000000000063,146413427.6653824
36,-1.1750000000000065,150516898.9778617
37,-1.1250000000000069,151910122.3789698
38,-1.0750000000000068,121467857.03361239
39,-1.0250000000000072,40084496.98486561
40,-0.9750000000000072,13227918.37914011
41,-0.9250000000000074,4365224.408610107
42,-0.8750000000000075,1440527.7982040397
43,-0.8250000000000077,475375.40872023575
44,-0.7750000000000079,156874.29253199504
45,-0.7250000000000081,51768.651061832614
46,-0.6750000000000083,17083.699244190626
47,-0.6250000000000084,5637.635400570318
48,-0.5750000000000086,1860.42451669661
49,-0.5250000000000088,613.9416859018019
50,-0.475000000000009,202.60128282829615
51,-0.4250000000000092,66.85859707242085
52,-0.3750000000000093,22.063394367945257
53,-0.3250000000000095,7.280939061706417
54,-0.2750000000000097,2.4027161340732173
55,-0.22500000000000986,0.7928983846738491
56,-0.17500000000001004,0.26165714688593483
57,-0.1250000000000102,0.0863470828543176
58,-0.07500000000001039,0.028494611388163726
