,abundance,fit_val
0,-2.975,0.01947363626150286
1,-2.9250000000000003,0.07704342440573464
2,-2.8750000000000004,0.29199999751784855
3,-2.8250000000000006,1.0602025957250036
4,-2.7750000000000012,3.6876833651992618
5,-2.725000000000001,12.287884793475058
6,-2.6750000000000007,39.224677651046356
7,-2.6250000000000013,119.95003559215324
8,-2.575000000000001,351.3986791576327
9,-2.5250000000000017,986.1855026257184
10,-2.475000000000002,2651.4036434018167
11,-2.425000000000002,6828.91692005782
12,-2.375000000000002,16849.48204806394
13,-2.3250000000000024,39827.22310528578
14,-2.2750000000000026,90184.57110680769
15,-2.2250000000000028,195633.49206822235
16,-2.1750000000000034,406549.01740003494
17,-2.125000000000003,809359.3159586765
18,-2.0750000000000037,1543577.9631678136
19,-2.0250000000000035,2820164.9790667295
20,-1.975000000000004,4936046.090347014
21,-1.925000000000004,8276422.314582394
22,-1.8750000000000042,13294280.115682378
23,-1.825000000000004,20457179.376196466
24,-1.7750000000000044,30156811.877371456
25,-1.7250000000000043,42587666.64924944
26,-1.6750000000000047,57615722.30606368
27,-1.6250000000000049,74671851.74568433
28,-1.5750000000000048,92711066.57747827
29,-1.5250000000000052,110271930.84439124
30,-1.4750000000000054,125648447.36627342
31,-1.4250000000000056,137153855.14989164
32,-1.3750000000000058,143422622.0277087
33,-1.3250000000000057,143676599.9846569
34,-1.275000000000006,137883777.1923261
35,-1.2250000000000063,126764908.54372299
36,-1.1750000000000065,111646128.6732224
37,-1.1250000000000069,94199161.11539373
38,-1.0750000000000068,76139346.95527856
39,-1.0250000000000072,58956270.87100505
40,-0.9750000000000072,43733034.13480162
41,-0.9250000000000074,31077634.759561695
42,-0.8750000000000075,21156559.960266896
43,-0.8250000000000077,13797515.595744248
44,-0.7750000000000079,8620163.033363659
45,-0.7250000000000081,5159276.593780045
46,-0.6750000000000083,2958154.7450659918
47,-0.6250000000000084,1624844.1523143754
48,-0.5750000000000086,854990.4825617285
49,-0.5250000000000088,430992.38270231546
50,-0.475000000000009,208130.9441904028
51,-0.4250000000000092,96285.84805615628
52,-0.3750000000000093,42672.39426758322
53,-0.3250000000000095,18117.16783998603
54,-0.2750000000000097,7368.725017958348
55,-0.22500000000000986,2871.1318574516235
56,-0.17500000000001004,1071.6986203872484
57,-0.1250000000000102,383.22245688739883
58,-0.07500000000001039,131.27679815552847
