,abundance,fit_val
0,-2.975,6.69645827739545e-31
1,-2.9250000000000003,3.2426653784059497e-28
2,-2.8750000000000004,1.2540667894074766e-25
3,-2.8250000000000006,3.87347505882914e-23
4,-2.7750000000000012,9.555258173592e-21
5,-2.725000000000001,1.882546240330688e-18
6,-2.6750000000000007,2.962173169607726e-16
7,-2.6250000000000013,3.722517946937145e-14
8,-2.575000000000001,3.736153589930112e-12
9,-2.5250000000000017,2.9948440153353686e-10
10,-2.475000000000002,1.917278746920661e-08
11,-2.425000000000002,9.802974518234074e-07
12,-2.375000000000002,4.0030595813170585e-05
13,-2.3250000000000024,0.0013055328360090778
14,-2.2750000000000026,0.03400518246264649
15,-2.2250000000000028,0.7073982553654729
16,-2.1750000000000034,11.75288330694465
17,-2.125000000000003,155.95037688562243
18,-2.0750000000000037,1652.684667502775
19,-2.0250000000000035,13987.98417173244
20,-1.975000000000004,94554.41917667283
21,-1.925000000000004,510469.8484764179
22,-1.8750000000000042,2200999.3976627537
23,-1.825000000000004,7579338.7391251
24,-1.7750000000000044,20845114.042845882
25,-1.7250000000000043,45786642.54124788
26,-1.6750000000000047,80322068.94343783
27,-1.6250000000000049,112536275.93061537
28,-1.5750000000000048,125924941.24645847
29,-1.5250000000000052,112536275.93061557
30,-1.4750000000000054,80322068.94343816
31,-1.4250000000000056,136165759.99999997
32,-1.3750000000000058,119367508.65369062
33,-1.3250000000000057,104641593.6149359
34,-1.275000000000006,91732358.64410289
35,-1.2250000000000063,80415686.83840498
36,-1.1750000000000065,70495109.74400452
37,-1.1250000000000069,61798396.47214055
38,-1.0750000000000068,54174563.60301177
39,-1.0250000000000072,47491253.96643344
40,-0.9750000000000072,41632438.792342946
41,-0.9250000000000074,36496403.33824922
42,-0.8750000000000075,31993981.022153057
43,-0.8250000000000077,28047005.403765738
44,-0.7750000000000079,24586953.138910357
45,-0.7250000000000081,21553754.347471554
46,-0.6750000000000083,18894749.741721656
47,-0.6250000000000084,16563776.409754395
48,-0.5750000000000086,14520366.382335426
49,-0.5250000000000088,12729044.069508977
50,-0.475000000000009,11158710.36977521
51,-0.4250000000000092,9782102.75937335
52,-0.3750000000000093,8575321.98829419
53,-0.3250000000000095,7517417.166003333
54,-0.2750000000000097,6590022.033558991
55,-0.22500000000000986,5777036.107453626
56,-0.17500000000001004,5064345.159525816
57,-0.1250000000000102,4439576.180201057
58,-0.07500000000001039,3891882.5709845754
