,abundance,fit_val
0,-3.975,0.0003179231823402265
1,-3.925,0.0015224562452266998
2,-3.875,0.0068701388317954715
3,-3.8250000000000006,0.02921354608468232
4,-3.7750000000000012,0.1170580030164029
5,-3.725000000000001,0.441993634767859
6,-3.675000000000001,1.5726388113872762
7,-3.625000000000001,5.272784648450012
8,-3.575000000000001,16.65900847734996
9,-3.5250000000000017,49.59710581686188
10,-3.475000000000002,139.14307281200914
11,-3.4250000000000016,367.8450496725985
12,-3.3750000000000018,916.3603974849053
13,-3.3250000000000024,2151.1256474836705
14,-3.2750000000000026,4758.425946759321
15,-3.2250000000000028,9918.795170668536
16,-3.175000000000003,19482.855035032146
17,-3.125000000000003,36061.54642368
18,-3.0750000000000037,62897.6130457858
19,-3.0250000000000035,103376.5543051908
20,-2.975000000000004,160106.14864960508
21,-2.9250000000000043,233664.1250168395
22,-2.875000000000004,321346.917378622
23,-2.825000000000004,416441.7926439813
24,-2.7750000000000044,508548.6979596357
25,-2.7250000000000045,585206.1161650228
26,-2.6750000000000047,634575.4061301937
27,-2.625000000000005,648418.9321619902
28,-2.5750000000000046,624347.2557550446
29,-2.525000000000005,566493.3263554855
30,-2.4750000000000054,484352.4033582745
31,-2.4250000000000056,390234.97477249434
32,-2.3750000000000058,296270.8967697496
33,-2.325000000000006,211958.0248971387
34,-2.275000000000006,142892.293229497
35,-2.2250000000000063,90774.90824308923
36,-2.1750000000000065,54340.15856155922
37,-2.1250000000000067,30653.07546117206
38,-2.075000000000007,16293.908668004886
39,-2.025000000000007,8161.586187661789
40,-1.9750000000000072,3852.3162712341923
41,-1.9250000000000076,1713.4339555437336
42,-1.8750000000000075,718.1429040302108
43,-1.825000000000008,283.6301850042708
44,-1.7750000000000081,105.55822850107566
45,-1.725000000000008,37.01943689798264
46,-1.6750000000000085,12.2339188081654
47,-1.6250000000000084,3.8097760710954973
48,-1.5750000000000086,1.1179731561712254
49,-1.5250000000000088,0.30914439161662755
50,-1.475000000000009,0.08055443181019818
51,-1.4250000000000091,0.019779512141669287
52,-1.375000000000009,0.004576566557720896
53,-1.3250000000000095,0.000997842644233883
54,-1.2750000000000097,0.00020501347541408853
55,-1.22500000000001,3.969180288347599e-05
56,-1.17500000000001,2.5795419067955152e-05
57,-1.1250000000000102,1.6764258525743033e-05
58,-1.0750000000000104,1.089497182339155e-05
