,abundance,fit_val
0,-2.975,0.024830773714998845
1,-2.9250000000000003,0.08989887311035279
2,-2.8750000000000004,0.312908767742366
3,-2.8250000000000006,1.0470820281276967
4,-2.7750000000000012,3.368551314507873
5,-2.725000000000001,10.418498134330342
6,-2.6750000000000007,30.978940308449303
7,-2.6250000000000013,88.55793603450557
8,-2.575000000000001,243.38169044825867
9,-2.5250000000000017,643.0545405723012
10,-2.475000000000002,1633.455109566863
11,-2.425000000000002,3989.018837051258
12,-2.375000000000002,9365.35963831781
13,-2.3250000000000024,21138.89688538126
14,-2.2750000000000026,45871.15442452126
15,-2.2250000000000028,95696.6001096397
16,-2.1750000000000034,191934.40724545694
17,-2.125000000000003,370091.10902810906
18,-2.0750000000000037,686062.9346033055
19,-2.0250000000000035,1222696.7286926399
20,-1.975000000000004,2094946.9632838059
21,-1.925000000000004,3450855.735209276
22,-1.8750000000000042,5464872.874073554
23,-1.825000000000004,8320181.7316029975
24,-1.7750000000000044,12178254.616966588
25,-1.7250000000000043,17137078.103428587
26,-1.6750000000000047,23183979.871474482
27,-1.6250000000000049,30153567.048706833
28,-1.5750000000000048,37704126.808995806
29,-1.5250000000000052,45325078.895610176
30,-1.4750000000000054,52382682.993346505
31,-1.4250000000000056,58201797.51658076
32,-1.3750000000000058,62170526.51089719
33,-1.3250000000000057,63845777.747654736
34,-1.275000000000006,63034644.368407935
35,-1.2250000000000063,59830953.067402646
36,-1.1750000000000065,54597407.81138978
37,-1.1250000000000069,47898025.97476136
38,-1.0750000000000068,40398263.30302094
39,-1.0250000000000072,32757237.124519475
40,-0.9750000000000072,25535909.01909248
41,-0.9250000000000074,19137925.91051387
42,-0.8750000000000075,13789162.966765186
43,-0.8250000000000077,9551694.607266145
44,-0.7750000000000079,6360956.731032368
45,-0.7250000000000081,4072526.726385861
46,-0.6750000000000083,2506714.8484429186
47,-0.6250000000000084,1483356.0689430258
48,-0.5750000000000086,843889.1066397289
49,-0.5250000000000088,461556.46406719467
50,-0.475000000000009,242696.6508217167
51,-0.4250000000000092,122688.03690756159
52,-0.3750000000000093,59626.61300204558
53,-0.3250000000000095,27859.771653208973
54,-0.2750000000000097,12514.527389757868
55,-0.22500000000000986,5404.441778353773
56,-0.17500000000001004,2243.8133147137887
57,-0.1250000000000102,895.6165035911193
58,-0.07500000000001039,343.6821238549505
