,abundance,fit_val
0,-1.975,8.554645414793405e-11
1,-1.925,1.2322810190568497e-09
2,-1.875,1.643000026528759e-08
3,-1.825,2.027614774792982e-07
4,-1.775,2.3160791088506512e-06
5,-1.7249999999999996,2.448732789336534e-05
6,-1.6749999999999998,0.00023963456956261858
7,-1.6249999999999996,0.0021705890480219806
8,-1.5749999999999995,0.018198090093903378
9,-1.5249999999999997,0.14121930814574407
10,-1.4749999999999996,1.0143373409762158
11,-1.4249999999999994,6.743584642008422
12,-1.3749999999999996,41.497246217788536
13,-1.3249999999999993,236.35664008749248
14,-1.2749999999999997,1246.0526783934106
15,-1.2249999999999992,6080.300783952981
16,-1.1749999999999994,27462.10287920952
17,-1.1249999999999991,114805.47007324602
18,-1.0749999999999993,444233.6349250536
19,-1.024999999999999,1591037.2948155554
20,-0.9749999999999992,5274354.876363548
21,-0.9249999999999989,16183721.638775649
22,-0.874999999999999,45962910.11118795
23,-0.824999999999999,120824971.4832886
24,-0.7749999999999989,293985526.6706208
25,-0.7249999999999989,662087310.0442932
26,-0.6749999999999988,1380144767.925613
27,-0.6249999999999988,2662895281.064495
28,-0.5749999999999987,4755581162.253855
29,-0.5249999999999987,7860916323.681107
30,-0.4749999999999986,12027152399.78832
31,-0.4249999999999986,17032269492.481514
32,-0.37499999999999856,22325556410.41414
33,-0.3249999999999985,27086452418.422367
34,-0.2749999999999985,30417395879.156357
35,-0.2249999999999984,31616369420.78363
36,-0.17499999999999838,30417395879.15636
37,-0.12499999999999832,27086452418.42237
38,-0.07499999999999829,29217322829.06637
39,-0.024999999999998246,20073296501.720673
40,0.025000000000001688,13791038788.986382
41,0.07500000000000172,9474913642.760355
42,0.125000000000002,6509588574.970886
43,0.17500000000000204,4472309195.954469
44,0.22500000000000187,3072628832.6614237
45,0.2750000000000019,2111000722.3656206
46,0.3250000000000022,1450329438.5766153
47,0.3750000000000022,996425751.1218649
48,0.4250000000000021,684578448.9303293
49,0.4750000000000021,470328724.65631217
50,0.5250000000000024,323131862.50966185
51,0.5750000000000024,222002601.7872135
52,0.6250000000000022,152523353.2141031
53,0.6750000000000023,104788741.611108
54,0.7250000000000025,71993436.65769996
55,0.7750000000000026,49461944.49993138
56,0.8250000000000024,33982041.52062289
57,0.8750000000000024,23346820.62309415
58,0.9250000000000028,16040061.42115211
